urban,age,marital_status,given_birth,dob,dom,age_mar,partner_age,ethnicity,language,birth_year,birth_month,birth_day,marriage_year,marriage_month,marriage_day
2,41,1,1,272,207.0,19,43.0,1,1.0,12,6,14.0,15.0,7.0,14.0
1,27,1,1,1124,746.0,23,35.0,1,1.0,30,5,6.0,11.0,3.0,21.0
1,48,1,1,433,377.0,31,28.0,1,1.0,3,10,16.0,21.0,1.0,21.0
1,41,3,1,271,99.0,30,,1,1.0,12,7,28.0,4.0,1.0,4.0
2,43,1,1,185,208.0,23,47.0,1,1.0,20,6,17.0,2.0,8.0,22.0
1,35,1,1,1489,1044.0,27,39.0,1,1.0,7,9,14.0,8.0,4.0,2.0
1,47,3,1,616,539.0,22,,1,1.0,3,3,23.0,27.0,5.0,20.0
1,49,1,1,430,374.0,21,51.0,1,1.0,6,7,4.0,29.0,10.0,29.0
1,49,2,2,126,,NIU,,1,1.0,6,4,24.0,,,
2,33,1,1,615,537.0,18,36.0,1,1.0,22,11,24.0,7.0,1.0,31.0
1,34,1,1,431,375.0,21,38.0,1,1.0,7,12,17.0,5.0,1.0,28.0
1,20,2,2,424,,NIU,,1,1.0,27,1,7.0,,,
1,31,1,1,125,743.0,27,30.0,1,1.0,10,9,23.0,11.0,3.0,24.0
2,30,1,1,1095,378.0,26,42.0,1,1.0,10,3,27.0,11.0,10.0,10.0
1,21,2,2,1094,,NIU,,1,1.0,23,12,22.0,,,
2,16,2,2,124,,NIU,,1,1.0,32,8,7.0,,,
2,27,1,1,1949,744.0,20,28.0,1,1.0,30,10,17.0,10.0,4.0,17.0
2,44,1,1,1126,1040.0,16,45.0,1,1.0,16,8,20.0,29.0,2.0,24.0
2,43,1,1,123,41.0,20,44.0,1,1.0,20,10,15.0,15.0,4.0,16.0
1,33,1,1,15,67.0,23,32.0,1,1.0,22,2,24.0,17.0,6.0,25.0
1,49,1,1,93,551.0,28,54.0,1,1.0,36,4,8.0,18.0,5.0,27.0
1,48,3,1,1125,1013.0,24,,1,1.0,3,1,28.0,14.0,3.0,19.0
1,46,1,1,611,296.0,31,55.0,1,1.0,4,8,28.0,7.0,6.0,4.0
1,19,1,1,612,294.0,13,21.0,5,3.0,28,6,2.0,10.0,2.0,20.0
2,36,1,1,270,536.0,27,42.0,1,1.0,13,4,4.0,4.0,3.0,14.0
2,24,2,2,1494,,NIU,,1,1.0,29,9,7.0,,,
1,23,2,2,1096,,NIU,,1,1.0,31,1,12.0,,,
2,16,2,2,1098,,NIU,,1,1.0,32,10,12.0,,,
2,49,1,1,427,541.0,23,57.0,1,1.0,6,1,23.0,19.0,12.0,20.0
2,27,1,1,2570,1012.0,23,35.0,1,1.0,30,5,13.0,11.0,8.0,10.0
1,20,1,2,613,295.0,18,24.0,2,1.0,27,6,26.0,25.0,5.0,10.0
1,42,3,1,8,6.0,20,,2,1.0,14,10,30.0,15.0,2.0,28.0
2,31,1,1,619,538.0,26,63.0,2,2.0,10,11,7.0,3.0,12.0,24.0
1,39,1,1,58,35.0,21,48.0,1,1.0,24,11,23.0,1.0,3.0,31.0
1,45,1,1,85,9.0,29,43.0,1,1.0,4,3,23.0,13.0,1.0,23.0
2,35,1,1,206,145.0,24,34.0,1,1.0,5,12,15.0,16.0,11.0,22.0
1,21,2,2,617,,NIU,,5,3.0,21,6,28.0,,,
1,33,1,1,1097,144.0,17,49.0,3,3.0,22,8,15.0,13.0,3.0,17.0
1,29,2,2,618,,NIU,,1,1.0,34,2,12.0,,,
1,20,2,2,1099,,NIU,,5,1.0,27,5,18.0,,,
1,24,2,2,143,,NIU,,1,1.0,17,2,25.0,,,
1,19,2,2,1127,,NIU,,2,1.0,28,6,29.0,,,
1,48,1,1,1108,540.0,26,51.0,1,1.0,3,9,30.0,15.0,3.0,25.0
2,44,1,1,432,373.0,18,49.0,1,1.0,11,3,21.0,19.0,5.0,16.0
1,47,1,1,614,428.0,23,51.0,1,1.0,8,4,27.0,24.0,6.0,20.0
2,46,1,1,37,675.0,27,53.0,2,1.0,4,11,21.0,1.0,4.0,22.0
1,45,1,1,85,9.0,29,43.0,1,1.0,4,3,23.0,13.0,1.0,23.0
1,26,2,2,1485,,NIU,,1,1.0,26,9,2.0,,,
2,43,3,1,1474,819.0,17,,2,2.0,20,1,30.0,19.0,3.0,29.0
1,37,2,2,2571,,NIU,,1,1.0,13,8,24.0,,,
1,46,1,1,852,638.0,20,48.0,1,1.0,8,4,29.0,19.0,6.0,14.0
2,43,1,1,132,639.0,25,40.0,4,1.0,20,5,11.0,1.0,7.0,11.0
1,36,1,1,1107,640.0,27,36.0,1,1.0,5,2,21.0,12.0,7.0,20.0
2,34,1,1,442,365.0,24,43.0,1,1.0,15,11,29.0,17.0,6.0,19.0
1,31,1,1,45,26.0,26,33.0,1,1.0,10,1,14.0,11.0,5.0,5.0
1,30,1,1,191,205.0,20,32.0,1,1.0,9,11,28.0,17.0,5.0,1.0
1,32,1,1,631,452.0,31,32.0,1,1.0,18,9,22.0,26.0,1.0,23.0
1,28,2,2,630,,NIU,,1,1.0,19,2,29.0,,,
2,39,1,1,1945,1450.0,26,39.0,1,1.0,24,6,2.0,5.0,2.0,18.0
1,32,1,1,187,101.0,24,39.0,1,1.0,18,11,26.0,8.0,7.0,14.0
1,47,3,1,59,366.0,18,,1,1.0,8,1,29.0,30.0,2.0,10.0
1,32,1,1,1483,367.0,15,36.0,1,1.0,18,1,24.0,13.0,4.0,9.0
2,45,2,2,429,,NIU,,1,1.0,4,9,3.0,,,
2,47,1,1,186,73.0,18,58.0,1,1.0,8,2,29.0,30.0,11.0,3.0
1,26,2,2,87,,NIU,,1,1.0,26,1,16.0,,,
1,29,1,2,420,153.0,21,34.0,1,1.0,34,5,23.0,12.0,7.0,29.0
2,43,1,1,132,382.0,27,41.0,1,1.0,20,5,11.0,13.0,12.0,6.0
2,18,2,2,1193,,NIU,,1,1.0,25,2,24.0,,,
2,46,1,1,38,77.0,23,50.0,1,1.0,4,6,6.0,24.0,6.0,24.0
1,35,1,1,1052,40.0,15,39.0,4,1.0,5,3,2.0,2.0,4.0,8.0
1,20,1,2,613,295.0,18,24.0,2,1.0,27,6,26.0,25.0,5.0,10.0
1,49,1,1,129,56.0,27,52.0,1,1.0,6,10,5.0,18.0,6.0,30.0
2,16,2,2,2572,,NIU,,1,1.0,32,10,29.0,,,
2,45,1,1,419,210.0,20,51.0,4,1.0,4,4,25.0,27.0,10.0,30.0
1,49,1,1,189,106.0,30,51.0,1,1.0,6,9,6.0,22.0,2.0,18.0
2,34,1,2,674,381.0,27,37.0,1,1.0,15,6,19.0,8.0,10.0,12.0
2,35,1,1,673,380.0,19,38.0,1,1.0,7,7,11.0,9.0,6.0,18.0
1,27,1,1,417,200.0,19,31.0,1,1.0,19,12,9.0,12.0,1.0,5.0
2,42,3,1,854,1609.0,28,,1,1.0,20,4,5.0,9.0,12.0,6.0
2,42,3,1,190,105.0,19,,1,1.0,14,1,31.0,24.0,10.0,18.0
2,43,1,1,67,78.0,16,43.0,1,1.0,16,3,18.0,23.0,8.0,31.0
2,26,1,1,853,739.0,22,31.0,1,1.0,26,11,28.0,6.0,6.0,13.0
2,18,2,2,441,,NIU,,1,1.0,25,3,18.0,,,
1,35,1,1,1270,1338.0,25,38.0,1,1.0,5,3,17.0,4.0,1.0,23.0
1,47,1,2,64,29.0,26,50.0,1,1.0,8,4,6.0,2.0,1.0,27.0
1,36,2,2,722,,NIU,,1,1.0,5,10,15.0,,,
1,28,3,1,2555,1033.0,24,,1,1.0,34,4,31.0,11.0,1.0,13.0
2,24,2,2,75,,NIU,,1,1.0,17,10,1.0,,,
2,39,1,1,1783,1259.0,26,42.0,1,1.0,2,4,16.0,5.0,5.0,16.0
1,26,2,2,256,,NIU,,1,1.0,26,8,6.0,,,
1,16,2,2,1271,,NIU,,1,1.0,32,9,5.0,,,
1,22,2,2,1784,,NIU,,1,1.0,23,4,6.0,,,
1,34,2,2,1272,,NIU,,1,1.0,15,5,28.0,,,
1,18,2,2,1785,,NIU,,1,1.0,25,2,17.0,,,
1,33,1,1,275,186.0,20,37.0,1,1.0,22,10,26.0,5.0,8.0,3.0
1,23,2,2,274,,NIU,,1,1.0,31,10,17.0,,,
1,31,1,1,2554,1694.0,20,33.0,1,1.0,10,4,20.0,4.0,6.0,2.0
2,15,2,2,608,,NIU,,1,1.0,35,8,19.0,,,
2,19,2,2,273,,NIU,,2,1.0,28,5,23.0,,,
2,44,1,1,432,373.0,18,49.0,1,1.0,11,3,21.0,19.0,5.0,16.0
1,45,1,1,1299,825.0,22,48.0,1,1.0,11,8,11.0,24.0,4.0,18.0
1,37,1,1,51,187.0,22,53.0,1,1.0,1,3,21.0,9.0,1.0,11.0
2,15,2,2,16,,NIU,,5,3.0,35,10,11.0,,,
2,25,2,2,1300,,NIU,,1,1.0,29,9,29.0,,,
1,49,1,1,551,343.0,22,47.0,1,1.0,6,8,5.0,23.0,5.0,10.0
1,35,1,1,1301,656.0,25,42.0,1,1.0,7,9,9.0,4.0,3.0,16.0
1,47,3,1,552,356.0,22,,1,1.0,8,7,24.0,27.0,8.0,21.0
1,48,1,1,553,345.0,31,60.0,1,1.0,3,2,27.0,13.0,7.0,6.0
2,20,2,2,762,,NIU,,1,1.0,27,8,24.0,,,
2,37,1,1,990,657.0,19,42.0,1,1.0,1,3,10.0,1.0,8.0,20.0
1,16,2,2,102,,NIU,,1,1.0,32,10,9.0,,,
1,20,1,2,726,443.0,19,25.0,1,1.0,27,10,7.0,26.0,9.0,28.0
2,27,1,1,2556,1693.0,20,28.0,1,1.0,30,7,13.0,8.0,12.0,24.0
2,37,1,1,292,442.0,27,37.0,1,1.0,13,7,14.0,4.0,3.0,6.0
1,26,3,1,723,344.0,20,,1,1.0,26,11,20.0,10.0,3.0,5.0
1,40,1,1,291,217.0,19,44.0,1,1.0,2,2,16.0,18.0,3.0,23.0
2,34,2,2,786,,NIU,,1,1.0,15,8,4.0,,,
1,47,1,1,109,826.0,15,50.0,5,1.0,3,4,15.0,33.0,1.0,23.0
1,39,1,1,2540,1759.0,10,49.0,3,,2,12,19.0,30.0,6.0,6.0
1,36,1,1,922,555.0,22,44.0,1,1.0,5,6,30.0,7.0,4.0,15.0
1,42,3,1,8,6.0,20,,2,1.0,14,10,30.0,15.0,2.0,28.0
1,38,1,2,103,45.0,25,37.0,1,1.0,1,8,5.0,5.0,10.0,9.0
2,35,1,1,24,513.0,26,38.0,1,1.0,7,8,15.0,17.0,9.0,16.0
2,35,1,1,537,321.0,16,41.0,1,1.0,7,5,13.0,22.0,2.0,1.0
2,37,1,1,344,191.0,22,50.0,4,1.0,13,11,28.0,9.0,2.0,16.0
2,30,1,1,921,921.0,26,29.0,1,1.0,9,7,10.0,11.0,12.0,21.0
2,21,2,2,920,,NIU,,1,1.0,21,9,15.0,,,
2,28,1,1,970,505.0,23,34.0,1,1.0,34,12,18.0,3.0,2.0,19.0
2,47,1,1,737,905.0,15,53.0,3,1.0,8,11,22.0,32.0,7.0,10.0
2,33,1,1,1749,906.0,25,36.0,3,,22,2,2.0,8.0,4.0,21.0
1,44,3,1,736,504.0,36,,1,1.0,11,4,21.0,12.0,2.0,11.0
1,32,2,2,735,,NIU,,1,1.0,22,3,30.0,,,
2,48,1,1,969,560.0,21,53.0,1,1.0,3,6,9.0,23.0,4.0,13.0
2,15,1,2,365,198.0,15,23.0,5,1.0,35,8,24.0,26.0,9.0,12.0
2,44,1,1,512,907.0,28,44.0,1,1.0,16,10,3.0,9.0,9.0,8.0
2,41,1,1,74,561.0,21,50.0,1,1.0,12,8,22.0,2.0,12.0,10.0
2,33,1,1,1415,1757.0,21,42.0,1,1.0,15,3,28.0,16.0,10.0,30.0
1,34,1,1,1586,1067.0,24,40.0,4,1.0,15,10,6.0,4.0,11.0,20.0
2,33,1,1,875,387.0,17,47.0,1,1.0,22,4,18.0,9.0,5.0,6.0
1,31,1,1,175,70.0,22,35.0,1,1.0,18,12,28.0,17.0,7.0,12.0
2,39,1,1,513,313.0,20,47.0,1,1.0,24,1,5.0,22.0,2.0,4.0
2,45,3,1,1587,1082.0,21,,1,1.0,11,5,11.0,14.0,4.0,18.0
1,40,1,1,208,114.0,23,41.0,1,1.0,12,3,22.0,1.0,11.0,5.0
1,31,2,2,520,,NIU,,1,1.0,10,7,12.0,,,
1,20,2,2,1099,,NIU,,5,1.0,27,5,18.0,,,
2,47,1,1,1691,1081.0,28,47.0,1,1.0,8,8,29.0,22.0,9.0,25.0
1,45,3,1,789,402.0,25,,1,1.0,11,1,26.0,2.0,12.0,8.0
1,47,3,1,552,356.0,22,,1,1.0,8,7,24.0,27.0,8.0,21.0
2,33,1,1,788,761.0,27,34.0,1,1.0,22,9,14.0,10.0,2.0,1.0
1,36,1,1,787,401.0,22,42.0,1,1.0,5,11,17.0,5.0,1.0,30.0
1,20,2,2,923,,NIU,,1,1.0,27,2,20.0,,,
1,41,1,1,488,335.0,26,41.0,1,1.0,12,2,7.0,7.0,4.0,3.0
2,33,1,1,1444,762.0,20,38.0,4,4.0,22,10,14.0,5.0,1.0,11.0
1,18,2,2,106,,NIU,,1,1.0,25,9,30.0,,,
1,44,3,1,809,400.0,23,,1,1.0,16,6,31.0,18.0,8.0,29.0
1,38,2,2,1445,,NIU,,1,1.0,1,11,2.0,,,
1,44,3,1,512,763.0,20,,1,1.0,16,10,3.0,14.0,11.0,27.0
2,45,2,2,429,,NIU,,1,1.0,4,9,3.0,,,
1,22,2,2,383,,NIU,,1,1.0,23,5,4.0,,,
2,43,1,1,1545,1080.0,19,53.0,1,1.0,20,1,13.0,14.0,2.0,5.0
1,22,2,2,154,,NIU,,1,1.0,23,4,13.0,,,
1,45,1,1,382,75.0,19,49.0,1,1.0,11,5,30.0,27.0,6.0,19.0
1,36,2,2,884,,NIU,,1,1.0,13,3,16.0,,,
1,24,2,2,1584,,NIU,,1,1.0,29,12,4.0,,,
1,17,2,2,367,,NIU,,1,1.0,33,1,25.0,,,
2,27,2,2,366,,NIU,,1,1.0,30,1,4.0,,,
1,47,2,2,109,,NIU,,1,1.0,3,4,15.0,,,
1,45,1,1,1585,1099.0,38,45.0,1,1.0,11,10,7.0,8.0,8.0,3.0
1,30,3,2,114,34.0,25,,1,1.0,9,7,11.0,3.0,3.0,29.0
1,30,2,2,158,,NIU,,1,1.0,9,1,28.0,,,
1,25,2,2,783,,NIU,,2,1.0,26,12,15.0,,,
1,38,1,1,945,542.0,28,38.0,1,1.0,1,11,25.0,17.0,1.0,23.0
1,26,1,2,782,532.0,25,27.0,2,2.0,26,7,25.0,28.0,3.0,25.0
1,19,1,2,781,531.0,19,25.0,1,1.0,27,12,18.0,26.0,7.0,26.0
1,43,1,1,944,543.0,23,46.0,1,1.0,20,7,12.0,2.0,5.0,5.0
2,36,1,1,400,169.0,16,37.0,1,1.0,5,6,18.0,2.0,5.0,28.0
2,30,1,1,1438,1016.0,20,44.0,1,1.0,9,9,28.0,4.0,12.0,17.0
1,20,2,2,469,,NIU,,1,1.0,27,10,29.0,,,
1,43,1,1,233,123.0,28,46.0,1,1.0,20,10,4.0,7.0,4.0,18.0
1,37,1,1,487,258.0,16,45.0,4,1.0,13,5,4.0,2.0,6.0,6.0
1,29,1,1,2525,1087.0,20,39.0,1,1.0,34,9,23.0,12.0,7.0,14.0
2,38,1,1,1543,1086.0,18,42.0,1,1.0,1,4,14.0,22.0,8.0,23.0
1,47,1,1,1544,1085.0,20,51.0,4,1.0,8,11,4.0,19.0,1.0,5.0
2,37,1,1,292,442.0,27,37.0,1,1.0,13,7,14.0,4.0,3.0,6.0
2,43,1,1,2524,530.0,28,42.0,1,1.0,20,11,20.0,9.0,3.0,7.0
2,24,2,2,810,,NIU,,1,1.0,17,11,14.0,,,
1,48,2,2,229,,NIU,,1,1.0,6,12,23.0,,,
1,35,2,2,750,,NIU,,1,1.0,5,3,9.0,,,
1,41,1,1,749,529.0,23,45.0,3,1.0,12,2,1.0,1.0,3.0,2.0
2,42,3,1,1631,1084.0,18,,3,,14,9,2.0,14.0,11.0,7.0
1,45,2,2,412,,NIU,,1,1.0,4,12,1.0,,,
1,44,1,1,2509,1865.0,36,44.0,1,1.0,16,1,3.0,8.0,6.0,10.0
2,42,1,1,1632,1864.0,24,44.0,1,1.0,14,8,22.0,1.0,9.0,24.0
1,47,1,1,1378,1005.0,30,46.0,1,1.0,8,2,6.0,13.0,6.0,28.0
1,28,1,1,2508,1841.0,18,32.0,5,3.0,19,2,26.0,4.0,2.0,10.0
1,20,2,2,2507,,NIU,,2,1.0,27,1,16.0,,,
1,43,1,1,122,1006.0,29,45.0,1,1.0,16,3,19.0,7.0,2.0,22.0
1,26,2,2,256,,NIU,,1,1.0,26,8,6.0,,,
2,16,2,2,1379,,NIU,,5,3.0,32,8,18.0,,,
1,41,1,1,784,412.0,18,44.0,1,1.0,12,7,19.0,24.0,10.0,25.0
2,19,2,2,946,,NIU,,1,1.0,28,1,27.0,,,
1,47,1,1,142,82.0,28,46.0,1,1.0,8,3,17.0,1.0,7.0,28.0
2,44,1,1,39,1117.0,15,53.0,1,1.0,11,4,9.0,30.0,7.0,19.0
1,30,1,1,1437,1007.0,26,34.0,1,1.0,10,12,30.0,11.0,3.0,31.0
2,22,2,2,1011,,NIU,,1,1.0,23,9,3.0,,,
1,41,1,1,395,179.0,27,40.0,1,1.0,12,2,6.0,7.0,12.0,30.0
2,37,1,1,715,411.0,20,44.0,3,,1,12,19.0,21.0,6.0,14.0
1,22,1,2,476,287.0,21,25.0,1,1.0,23,7,6.0,26.0,6.0,30.0
1,49,1,1,714,437.0,20,54.0,1,1.0,6,7,27.0,30.0,11.0,22.0
2,36,1,1,1713,1116.0,27,38.0,1,1.0,5,6,27.0,17.0,11.0,30.0
1,21,2,2,477,,NIU,,1,1.0,23,3,9.0,,,
1,39,1,1,26,28.0,26,38.0,1,,2,3,24.0,5.0,5.0,18.0
2,32,2,2,394,,NIU,,1,1.0,18,10,10.0,,,
1,32,3,1,138,81.0,24,,1,1.0,18,8,23.0,12.0,7.0,11.0
1,40,1,1,393,154.0,22,46.0,1,1.0,2,2,11.0,1.0,1.0,17.0
1,40,1,1,713,1774.0,17,54.0,1,1.0,2,5,25.0,24.0,8.0,23.0
1,33,1,1,1323,248.0,23,32.0,1,1.0,22,11,6.0,4.0,2.0,7.0
1,25,2,2,11,,NIU,,1,1.0,26,3,24.0,,,
1,32,1,2,1657,1182.0,32,33.0,1,1.0,18,8,12.0,26.0,1.0,21.0
1,31,1,1,1658,941.0,25,34.0,1,1.0,10,6,13.0,10.0,1.0,1.0
1,37,2,2,525,,NIU,,1,1.0,13,10,28.0,,,
2,37,1,1,107,37.0,25,37.0,1,1.0,13,2,27.0,16.0,2.0,19.0
1,37,2,2,223,,NIU,,1,1.0,13,10,4.0,,,
1,22,2,2,222,,NIU,,1,1.0,23,8,8.0,,,
2,22,2,2,526,,NIU,,1,1.0,23,9,21.0,,,
1,28,1,2,2489,1773.0,23,25.0,1,1.0,19,7,13.0,3.0,8.0,28.0
1,45,1,1,356,138.0,25,46.0,2,1.0,11,6,9.0,2.0,3.0,10.0
2,48,3,2,49,19.0,34,,1,1.0,3,5,22.0,5.0,9.0,26.0
1,44,1,1,1026,570.0,22,48.0,1,1.0,16,10,16.0,15.0,7.0,24.0
2,49,1,1,36,240.0,20,52.0,1,1.0,6,4,10.0,30.0,3.0,2.0
1,41,3,1,271,99.0,30,,1,1.0,12,7,28.0,4.0,1.0,4.0
2,48,1,1,346,1181.0,16,55.0,1,1.0,3,6,7.0,33.0,5.0,12.0
1,35,1,1,699,497.0,25,36.0,1,1.0,7,11,24.0,4.0,2.0,23.0
2,45,1,1,1292,942.0,17,50.0,1,1.0,11,5,6.0,29.0,4.0,7.0
2,38,3,1,728,496.0,23,,1,1.0,1,7,22.0,7.0,6.0,17.0
1,44,1,2,502,247.0,28,50.0,3,,16,1,25.0,9.0,1.0,22.0
2,31,1,1,718,485.0,30,58.0,1,1.0,10,2,17.0,28.0,8.0,26.0
1,24,2,2,143,,NIU,,1,1.0,17,2,25.0,,,
1,30,1,1,1017,588.0,21,34.0,1,1.0,9,11,20.0,17.0,11.0,16.0
1,32,1,1,22,298.0,28,40.0,1,1.0,18,7,19.0,6.0,4.0,28.0
1,20,1,2,613,295.0,18,24.0,2,1.0,27,6,26.0,25.0,5.0,10.0
2,46,1,1,691,503.0,18,47.0,1,1.0,4,11,16.0,23.0,10.0,19.0
1,22,2,2,359,,NIU,,1,1.0,31,9,7.0,,,
1,47,1,1,1774,1191.0,36,46.0,1,1.0,8,5,23.0,20.0,8.0,22.0
2,15,2,2,16,,NIU,,5,3.0,35,10,11.0,,,
1,18,2,2,106,,NIU,,1,1.0,25,9,30.0,,,
2,40,2,2,713,,NIU,,1,1.0,2,5,25.0,,,
1,30,1,1,215,140.0,25,32.0,1,1.0,10,4,29.0,3.0,5.0,9.0
2,31,3,1,2491,1742.0,15,,1,1.0,10,9,14.0,9.0,10.0,18.0
1,24,2,2,214,,NIU,,1,1.0,29,3,13.0,,,
2,49,1,1,1016,563.0,23,48.0,1,1.0,36,12,5.0,19.0,2.0,12.0
1,32,1,1,1775,1216.0,29,32.0,1,1.0,18,5,19.0,25.0,6.0,24.0
2,34,1,1,524,299.0,22,35.0,1,1.0,15,11,9.0,20.0,6.0,5.0
1,25,2,2,216,,NIU,,1,1.0,29,5,2.0,,,
1,23,1,2,700,502.0,19,25.0,1,1.0,31,5,4.0,11.0,3.0,12.0
2,47,1,1,357,149.0,21,48.0,1,1.0,8,8,5.0,19.0,11.0,10.0
1,22,2,2,217,,NIU,,1,1.0,23,9,30.0,,,
2,30,1,1,2490,656.0,20,36.0,1,1.0,9,6,12.0,4.0,3.0,16.0
2,34,1,1,238,160.0,30,33.0,2,1.0,15,7,25.0,6.0,1.0,9.0
2,23,1,1,1244,909.0,18,30.0,1,1.0,31,6,8.0,3.0,5.0,22.0
2,15,2,2,530,,NIU,,1,1.0,32,3,23.0,,,
1,36,1,1,352,1215.0,17,29.0,1,1.0,13,9,12.0,22.0,7.0,1.0
2,47,1,1,531,488.0,26,48.0,1,1.0,8,2,11.0,2.0,6.0,5.0
1,45,1,1,1773,1257.0,25,49.0,1,1.0,11,10,10.0,22.0,9.0,27.0
1,25,2,2,216,,NIU,,1,1.0,29,5,2.0,,,
2,39,2,2,2496,,NIU,,1,1.0,24,5,26.0,,,
2,45,1,1,2495,1664.0,14,50.0,1,1.0,11,5,5.0,32.0,5.0,13.0
2,40,1,1,3,85.0,19,46.0,1,1.0,2,8,16.0,18.0,10.0,17.0
1,49,1,1,189,106.0,30,51.0,1,1.0,6,9,6.0,22.0,2.0,18.0
2,49,1,1,1259,848.0,11,55.0,5,3.0,36,3,20.0,37.0,6.0,20.0
1,36,1,1,523,27.0,32,32.0,1,1.0,5,9,8.0,6.0,8.0,4.0
1,42,1,1,2494,286.0,35,41.0,1,1.0,14,5,14.0,8.0,3.0,30.0
2,47,1,1,186,73.0,18,58.0,1,1.0,8,2,29.0,30.0,11.0,3.0
1,47,1,1,239,455.0,21,55.0,1,1.0,8,6,27.0,19.0,3.0,16.0
1,30,1,1,2493,1256.0,25,33.0,1,1.0,9,11,11.0,3.0,2.0,1.0
1,33,1,1,63,36.0,21,39.0,1,1.0,22,4,29.0,20.0,8.0,10.0
1,36,1,1,2492,282.0,31,35.0,1,1.0,13,12,30.0,3.0,2.0,9.0
2,32,3,1,53,88.0,14,,1,1.0,18,10,30.0,1.0,7.0,23.0
1,24,1,2,1075,637.0,23,27.0,1,1.0,29,4,14.0,28.0,1.0,25.0
2,47,2,2,1202,,NIU,,1,1.0,8,7,28.0,,,
2,36,1,1,400,169.0,16,37.0,1,1.0,5,6,18.0,2.0,5.0,28.0
2,47,1,1,562,285.0,14,54.0,1,1.0,8,4,19.0,33.0,1.0,12.0
1,21,2,2,651,,NIU,,1,1.0,21,7,4.0,,,
2,31,1,1,650,454.0,17,39.0,1,1.0,18,4,17.0,7.0,2.0,3.0
1,21,2,2,316,,NIU,,1,1.0,21,7,6.0,,,
2,25,1,1,649,849.0,16,29.0,1,1.0,29,9,24.0,12.0,6.0,20.0
2,37,1,1,17,57.0,29,38.0,1,1.0,1,3,6.0,12.0,2.0,7.0
2,37,1,1,240,131.0,22,40.0,1,1.0,1,4,21.0,13.0,11.0,25.0
2,30,1,1,1853,1295.0,16,38.0,1,1.0,9,9,12.0,5.0,9.0,20.0
1,45,1,1,315,441.0,19,48.0,1,1.0,11,1,5.0,27.0,4.0,24.0
1,18,2,2,106,,NIU,,1,1.0,25,9,30.0,,,
1,17,2,2,367,,NIU,,1,1.0,33,1,25.0,,,
1,49,3,1,648,440.0,18,,1,1.0,36,4,17.0,33.0,3.0,23.0
2,19,2,2,42,,NIU,,1,1.0,28,10,1.0,,,
1,22,2,2,683,,NIU,,1,1.0,31,4,13.0,,,
1,48,1,1,27,18.0,27,52.0,1,1.0,3,1,21.0,2.0,5.0,9.0
1,36,1,1,147,32.0,23,38.0,1,1.0,5,1,31.0,16.0,7.0,2.0
2,38,1,1,41,830.0,29,44.0,1,1.0,1,9,16.0,17.0,2.0,18.0
1,46,1,1,1930,1282.0,19,51.0,1,1.0,4,1,10.0,19.0,4.0,14.0
1,49,3,1,262,130.0,22,,1,1.0,6,5,14.0,23.0,10.0,15.0
2,44,1,1,1931,1281.0,22,48.0,1,1.0,16,10,7.0,15.0,7.0,13.0
2,30,1,1,2457,1660.0,27,32.0,1,1.0,10,3,13.0,6.0,3.0,16.0
2,48,1,1,866,78.0,21,50.0,1,1.0,3,11,17.0,23.0,8.0,31.0
1,47,1,1,96,53.0,29,50.0,1,1.0,3,12,6.0,1.0,7.0,25.0
1,22,2,2,571,,NIU,,1,1.0,23,1,6.0,,,
2,38,1,1,572,290.0,24,41.0,1,1.0,1,10,11.0,7.0,5.0,28.0
2,49,2,2,635,,NIU,,1,1.0,36,3,11.0,,,
1,45,1,1,193,22.0,28,45.0,1,1.0,11,7,30.0,13.0,9.0,21.0
1,39,1,1,1900,659.0,20,42.0,2,1.0,24,2,6.0,22.0,10.0,31.0
2,48,1,1,1045,660.0,19,56.0,1,1.0,3,11,18.0,30.0,2.0,13.0
1,45,1,1,30,17.0,21,52.0,2,2.0,4,3,17.0,14.0,3.0,12.0
1,23,2,2,1044,,NIU,,1,1.0,31,1,21.0,,,
2,31,1,2,34,128.0,29,24.0,1,1.0,10,9,7.0,28.0,4.0,3.0
2,27,3,2,1103,281.0,22,,1,1.0,19,12,30.0,3.0,1.0,24.0
2,28,1,1,1938,1342.0,23,30.0,2,1.0,19,8,28.0,3.0,9.0,23.0
2,49,1,1,1016,563.0,23,48.0,1,1.0,36,12,5.0,19.0,2.0,12.0
2,15,2,2,1939,,NIU,,1,1.0,35,2,24.0,,,
2,32,1,1,66,15.0,19,39.0,4,1.0,18,2,22.0,5.0,2.0,29.0
1,40,1,1,33,134.0,25,46.0,1,1.0,2,8,6.0,9.0,11.0,15.0
2,43,1,1,185,208.0,23,47.0,1,1.0,20,6,17.0,2.0,8.0,22.0
1,40,1,1,33,134.0,25,46.0,1,1.0,2,8,6.0,9.0,11.0,15.0
1,17,2,2,1148,,NIU,,1,1.0,33,1,29.0,,,
2,34,1,1,60,178.0,23,35.0,1,1.0,15,2,26.0,20.0,8.0,23.0
2,27,1,1,1940,1610.0,20,27.0,1,1.0,30,8,13.0,8.0,10.0,10.0
1,44,1,1,624,392.0,22,43.0,1,1.0,16,4,17.0,18.0,10.0,29.0
2,34,1,1,623,391.0,17,39.0,1,1.0,15,7,22.0,21.0,12.0,13.0
2,41,1,1,181,280.0,27,44.0,1,1.0,14,12,24.0,7.0,2.0,17.0
1,44,1,1,1928,1341.0,23,44.0,1,1.0,16,9,17.0,2.0,6.0,1.0
1,47,1,1,1929,1340.0,39,54.0,1,1.0,8,4,25.0,12.0,3.0,20.0
1,15,2,2,94,,NIU,,1,1.0,35,7,10.0,,,
1,19,2,2,298,,NIU,,1,1.0,28,4,27.0,,,
1,25,2,2,11,,NIU,,1,1.0,26,3,24.0,,,
1,28,1,1,596,279.0,21,28.0,1,1.0,19,7,9.0,8.0,2.0,29.0
1,15,2,2,266,,NIU,,1,1.0,35,7,25.0,,,
2,22,2,2,839,,NIU,,3,,31,12,13.0,,,
2,23,2,2,261,,NIU,,4,1.0,17,9,20.0,,,
1,47,3,1,59,366.0,18,,1,1.0,8,1,29.0,30.0,2.0,10.0
1,43,3,1,573,278.0,18,,1,1.0,20,5,31.0,14.0,9.0,28.0
2,36,1,1,1110,722.0,19,36.0,1,1.0,5,9,24.0,13.0,5.0,23.0
1,23,2,2,297,,NIU,,1,1.0,17,3,20.0,,,
1,36,1,1,787,401.0,22,42.0,1,1.0,5,11,17.0,5.0,1.0,30.0
2,43,1,1,574,263.0,18,46.0,1,1.0,20,5,1.0,27.0,4.0,19.0
2,30,2,2,2458,,NIU,,1,1.0,9,6,21.0,,,
1,37,1,2,1507,1363.0,26,38.0,1,1.0,13,1,17.0,20.0,2.0,11.0
1,36,1,1,270,261.0,25,40.0,1,1.0,13,4,4.0,20.0,8.0,4.0
1,40,1,1,1495,1362.0,16,40.0,5,3.0,2,6,5.0,14.0,4.0,5.0
2,45,1,1,260,125.0,21,46.0,1,1.0,11,10,23.0,14.0,7.0,10.0
2,42,1,1,1171,1037.0,19,45.0,1,1.0,14,2,10.0,15.0,9.0,16.0
1,41,3,1,1172,269.0,22,,1,1.0,12,2,2.0,1.0,9.0,26.0
1,21,2,2,1937,,NIU,,1,1.0,23,12,26.0,,,
1,22,2,2,571,,NIU,,1,1.0,23,1,6.0,,,
1,24,2,2,90,,NIU,,1,1.0,17,1,29.0,,,
1,20,2,2,254,,NIU,,1,1.0,21,12,31.0,,,
1,30,3,1,1136,1038.0,20,,1,1.0,9,11,15.0,4.0,12.0,28.0
1,22,2,2,840,,NIU,,3,,23,11,3.0,,,
1,36,1,1,294,172.0,21,40.0,1,1.0,5,9,6.0,7.0,6.0,8.0
1,44,1,1,144,135.0,25,48.0,1,1.0,16,6,17.0,22.0,5.0,10.0
1,41,1,1,488,335.0,26,41.0,1,1.0,12,2,7.0,7.0,4.0,3.0
1,48,3,2,580,268.0,28,,1,1.0,3,1,14.0,2.0,2.0,5.0
1,23,2,2,241,,NIU,,3,,17,12,8.0,,,
1,21,2,2,313,,NIU,,1,1.0,21,11,22.0,,,
1,38,1,1,41,742.0,23,41.0,1,1.0,1,9,16.0,7.0,5.0,20.0
2,41,1,1,629,1039.0,26,44.0,1,1.0,12,7,4.0,9.0,5.0,8.0
2,40,1,1,312,171.0,23,43.0,1,1.0,2,7,28.0,21.0,2.0,20.0
1,39,1,2,311,782.0,32,44.0,1,1.0,24,1,24.0,10.0,7.0,29.0
2,32,2,2,285,,NIU,,1,1.0,18,6,22.0,,,
2,36,1,1,722,1361.0,16,51.0,1,1.0,5,10,15.0,2.0,8.0,17.0
1,30,1,1,267,776.0,27,32.0,1,1.0,10,4,15.0,6.0,2.0,22.0
2,18,2,2,284,,NIU,,4,1.0,25,6,20.0,,,
1,22,2,2,359,,NIU,,1,1.0,31,9,7.0,,,
2,37,1,1,1111,406.0,25,40.0,1,1.0,13,2,14.0,16.0,10.0,7.0
1,34,1,1,60,405.0,27,40.0,1,1.0,15,2,26.0,8.0,8.0,19.0
1,41,1,1,283,14.0,30,42.0,1,1.0,12,4,21.0,4.0,4.0,3.0
1,39,1,1,1205,777.0,33,40.0,2,2.0,24,9,22.0,3.0,8.0,13.0
1,38,1,2,6,3.0,31,37.0,1,1.0,1,11,10.0,10.0,5.0,30.0
1,32,1,1,1857,1393.0,22,37.0,1,1.0,18,10,4.0,4.0,1.0,22.0
1,39,1,1,26,28.0,26,38.0,1,,2,3,24.0,5.0,5.0,18.0
2,39,2,1,647,,NIU,,3,1.0,24,5,16.0,,,
1,21,2,2,101,,NIU,,1,1.0,21,4,5.0,,,
1,23,1,1,1885,706.0,17,37.0,1,1.0,17,12,30.0,10.0,1.0,27.0
1,47,1,1,23,20.0,26,47.0,2,1.0,8,8,11.0,18.0,5.0,7.0
2,39,3,2,639,404.0,29,,1,1.0,24,5,13.0,4.0,11.0,17.0
2,44,1,1,308,707.0,19,48.0,1,1.0,16,2,10.0,27.0,2.0,2.0
1,19,2,2,245,,NIU,,1,1.0,28,8,6.0,,,
1,49,1,1,542,251.0,22,57.0,1,1.0,36,4,13.0,29.0,12.0,17.0
2,39,3,1,311,717.0,19,,1,1.0,24,1,24.0,22.0,6.0,15.0
1,30,1,1,1017,588.0,21,34.0,1,1.0,9,11,20.0,17.0,11.0,16.0
2,32,1,1,66,15.0,19,39.0,4,1.0,18,2,22.0,5.0,2.0,29.0
1,34,2,2,296,,NIU,,1,1.0,7,4,18.0,,,
2,39,1,1,513,313.0,20,47.0,1,1.0,24,1,5.0,22.0,2.0,4.0
1,28,2,2,630,,NIU,,1,1.0,19,2,29.0,,,
2,21,2,2,295,,NIU,,1,1.0,21,5,12.0,,,
2,46,1,1,578,23.0,20,51.0,3,,4,6,22.0,19.0,1.0,11.0
2,15,1,2,365,198.0,15,23.0,5,1.0,35,8,24.0,26.0,9.0,12.0
2,33,1,1,1749,906.0,25,36.0,3,,22,2,2.0,8.0,4.0,21.0
2,20,2,2,579,,NIU,,1,1.0,21,12,27.0,,,
2,26,2,2,841,,NIU,,1,1.0,26,6,24.0,,,
2,38,1,1,1826,1392.0,18,37.0,1,1.0,1,8,24.0,2.0,9.0,1.0
1,27,2,2,330,,NIU,,1,1.0,19,3,13.0,,,
1,36,1,1,1107,640.0,27,36.0,1,1.0,5,2,21.0,12.0,7.0,20.0
2,24,2,2,75,,NIU,,1,1.0,17,10,1.0,,,
2,40,1,1,1050,718.0,26,44.0,4,1.0,2,2,13.0,7.0,2.0,16.0
2,21,2,2,145,,NIU,,2,1.0,21,8,24.0,,,
2,24,2,2,75,,NIU,,1,1.0,17,10,1.0,,,
1,42,1,1,1049,662.0,30,42.0,1,1.0,14,10,7.0,16.0,12.0,5.0
2,22,1,2,548,312.0,16,24.0,1,1.0,23,9,27.0,3.0,1.0,27.0
2,46,2,2,668,,NIU,,1,1.0,4,5,8.0,,,
2,47,1,1,737,905.0,15,53.0,3,1.0,8,11,22.0,32.0,7.0,10.0
2,36,1,1,1048,685.0,32,29.0,4,1.0,5,10,1.0,11.0,8.0,27.0
2,39,1,1,667,418.0,19,47.0,1,1.0,24,6,8.0,2.0,10.0,23.0
2,27,2,2,329,,NIU,,1,1.0,30,11,28.0,,,
1,22,2,2,154,,NIU,,1,1.0,23,4,13.0,,,
1,19,2,2,1127,,NIU,,2,1.0,28,6,29.0,,,
1,31,1,1,1827,1534.0,24,30.0,1,1.0,10,6,5.0,8.0,5.0,1.0
1,24,2,2,1147,,NIU,,1,1.0,17,4,4.0,,,
1,47,1,1,1104,686.0,18,50.0,1,1.0,8,11,28.0,29.0,7.0,25.0
2,20,2,2,309,,NIU,,1,1.0,27,11,27.0,,,
2,44,1,1,178,228.0,22,45.0,1,1.0,16,8,26.0,15.0,8.0,30.0
1,31,1,1,1089,687.0,17,47.0,1,1.0,10,11,16.0,5.0,6.0,17.0
1,20,2,2,1099,,NIU,,5,1.0,27,5,18.0,,,
2,27,2,2,348,,NIU,,1,1.0,19,3,4.0,,,
1,48,3,1,1748,1424.0,29,,1,1.0,3,4,6.0,1.0,2.0,11.0
1,26,1,1,1298,797.0,25,21.0,1,1.0,26,6,29.0,28.0,8.0,13.0
1,24,2,2,1023,,NIU,,1,1.0,17,1,27.0,,,
2,46,1,1,1277,804.0,22,53.0,1,1.0,8,4,10.0,27.0,3.0,28.0
1,35,1,1,5,7.0,22,40.0,1,1.0,7,1,2.0,5.0,10.0,22.0
2,23,2,2,56,,NIU,,1,1.0,17,3,8.0,,,
2,45,1,1,1292,942.0,17,50.0,1,1.0,11,5,6.0,29.0,4.0,7.0
1,44,3,1,535,333.0,22,,1,1.0,11,12,9.0,15.0,4.0,10.0
2,38,1,1,2460,1533.0,18,38.0,1,1.0,1,2,6.0,22.0,6.0,30.0
1,27,1,1,694,38.0,24,32.0,1,1.0,30,5,16.0,6.0,3.0,19.0
1,45,1,1,1201,334.0,23,49.0,1,1.0,11,1,25.0,18.0,1.0,14.0
2,45,1,1,547,308.0,18,47.0,1,1.0,11,7,5.0,19.0,6.0,20.0
1,45,1,1,2459,1508.0,28,47.0,1,1.0,11,5,25.0,21.0,2.0,23.0
1,40,1,1,1852,1429.0,27,36.0,1,1.0,2,1,20.0,5.0,2.0,23.0
1,31,1,1,125,743.0,27,30.0,1,1.0,10,9,23.0,11.0,3.0,24.0
1,25,2,2,11,,NIU,,1,1.0,26,3,24.0,,,
1,44,1,1,331,225.0,24,45.0,1,1.0,16,8,19.0,2.0,2.0,20.0
2,32,1,1,1063,641.0,24,37.0,1,1.0,22,3,16.0,17.0,11.0,9.0
1,36,1,1,354,219.0,24,39.0,1,1.0,5,2,30.0,20.0,9.0,7.0
2,25,1,2,984,450.0,25,30.0,1,1.0,29,8,10.0,26.0,8.0,10.0
1,24,2,2,983,,NIU,,1,1.0,17,10,5.0,,,
2,49,1,1,380,227.0,29,52.0,1,1.0,36,3,6.0,2.0,6.0,31.0
1,41,1,1,488,335.0,26,41.0,1,1.0,12,2,7.0,7.0,4.0,3.0
1,38,2,2,1,,NIU,,1,1.0,1,1,25.0,,,
1,30,1,2,2441,1492.0,30,29.0,1,1.0,10,4,2.0,26.0,7.0,13.0
1,47,1,1,109,826.0,15,50.0,5,1.0,3,4,15.0,33.0,1.0,23.0
1,39,1,1,79,823.0,25,37.0,1,1.0,24,6,7.0,7.0,3.0,31.0
1,31,1,1,125,743.0,27,30.0,1,1.0,10,9,23.0,11.0,3.0,24.0
2,22,3,1,113,48.0,13,,5,3.0,23,10,1.0,12.0,6.0,24.0
2,30,1,2,379,654.0,29,31.0,1,1.0,9,5,27.0,28.0,2.0,7.0
2,21,2,2,159,,NIU,,1,1.0,21,7,16.0,,,
1,37,1,1,717,445.0,27,52.0,1,1.0,13,10,25.0,4.0,7.0,6.0
2,24,1,1,2440,1491.0,19,26.0,1,1.0,29,12,25.0,10.0,11.0,28.0
1,34,2,2,1272,,NIU,,1,1.0,15,5,28.0,,,
2,39,1,1,1346,824.0,18,44.0,1,1.0,24,2,4.0,18.0,2.0,10.0
1,34,1,1,378,220.0,27,36.0,1,1.0,15,8,14.0,8.0,8.0,8.0
2,40,2,2,713,,NIU,,1,1.0,2,5,25.0,,,
1,35,1,1,1241,874.0,21,43.0,1,1.0,7,6,30.0,7.0,5.0,7.0
1,31,1,1,1242,483.0,26,26.0,1,1.0,18,12,27.0,3.0,5.0,28.0
1,40,3,1,3,21.0,27,,1,1.0,2,8,16.0,5.0,3.0,16.0
2,42,1,1,496,329.0,20,48.0,1,1.0,14,6,8.0,15.0,6.0,12.0
1,22,2,2,9,,NIU,,1,1.0,23,5,23.0,,,
2,48,1,1,1663,328.0,22,56.0,1,1.0,3,2,30.0,27.0,9.0,4.0
1,24,2,2,497,,NIU,,1,1.0,17,7,24.0,,,
1,41,3,1,391,16.0,18,,1,1.0,12,2,16.0,15.0,4.0,8.0
2,24,1,1,1357,589.0,19,35.0,1,1.0,29,12,18.0,3.0,4.0,29.0
2,31,1,1,1664,590.0,26,33.0,1,1.0,10,10,9.0,3.0,7.0,14.0
1,26,2,1,1358,,NIU,,2,2.0,26,9,5.0,,,
1,48,1,1,478,24.0,27,50.0,1,1.0,3,2,12.0,2.0,9.0,20.0
1,24,2,2,390,,NIU,,1,1.0,17,7,21.0,,,
1,39,1,1,763,482.0,19,46.0,1,1.0,24,6,18.0,2.0,5.0,13.0
1,32,1,1,187,101.0,24,39.0,1,1.0,18,11,26.0,8.0,7.0,14.0
2,24,1,1,479,327.0,18,27.0,1,1.0,17,8,14.0,10.0,3.0,2.0
1,42,1,1,997,875.0,28,39.0,3,,14,11,31.0,5.0,6.0,23.0
2,27,2,2,348,,NIU,,1,1.0,19,3,4.0,,,
1,42,1,1,1726,1411.0,19,44.0,1,1.0,14,5,4.0,15.0,9.0,1.0
1,39,1,1,1310,1543.0,28,39.0,1,1.0,24,8,29.0,20.0,8.0,5.0
2,25,2,2,1311,,NIU,,1,1.0,26,12,13.0,,,
1,47,1,1,142,82.0,28,46.0,1,1.0,8,3,17.0,1.0,7.0,28.0
1,31,1,2,941,591.0,24,40.0,1,1.0,18,4,11.0,8.0,1.0,15.0
2,27,2,2,366,,NIU,,1,1.0,30,1,4.0,,,
1,17,2,2,201,,NIU,,1,1.0,33,4,27.0,,,
2,30,2,2,482,,NIU,,1,1.0,9,1,3.0,,,
1,44,1,1,39,592.0,20,45.0,1,1.0,11,4,9.0,14.0,2.0,29.0
2,45,1,1,260,125.0,21,46.0,1,1.0,11,10,23.0,14.0,7.0,10.0
2,15,2,2,608,,NIU,,1,1.0,35,8,19.0,,,
1,35,1,1,29,231.0,21,37.0,1,1.0,7,8,18.0,7.0,1.0,7.0
1,41,1,1,395,179.0,27,40.0,1,1.0,12,2,6.0,7.0,12.0,30.0
1,29,3,2,780,494.0,25,,1,1.0,34,11,24.0,11.0,3.0,16.0
1,24,1,1,2443,571.0,18,26.0,1,1.0,17,11,13.0,10.0,2.0,7.0
1,21,2,2,115,,NIU,,1,1.0,21,6,9.0,,,
1,47,1,1,455,945.0,18,49.0,1,1.0,8,1,8.0,29.0,7.0,2.0
2,15,2,2,16,,NIU,,5,3.0,35,10,11.0,,,
2,36,1,1,779,572.0,17,36.0,5,2.0,5,11,13.0,1.0,5.0,25.0
1,31,2,2,1593,,NIU,,4,4.0,10,1,27.0,,,
1,21,2,2,477,,NIU,,1,1.0,23,3,9.0,,,
1,48,3,1,932,577.0,29,,1,1.0,3,6,29.0,22.0,10.0,18.0
1,29,1,1,2442,1588.0,19,38.0,1,1.0,34,7,20.0,17.0,1.0,8.0
2,21,2,2,112,,NIU,,1,1.0,23,4,7.0,,,
2,31,1,1,134,1354.0,22,30.0,1,1.0,10,2,6.0,17.0,3.0,2.0
1,31,2,2,236,,NIU,,1,1.0,10,10,15.0,,,
1,31,1,1,45,26.0,26,33.0,1,1.0,10,1,14.0,11.0,5.0,5.0
1,44,1,1,732,493.0,24,45.0,1,1.0,11,12,4.0,2.0,2.0,29.0
2,24,1,1,461,320.0,20,24.0,3,,29,4,2.0,3.0,3.0,28.0
1,25,1,2,405,30.0,25,26.0,1,1.0,29,5,15.0,26.0,1.0,6.0
2,19,2,2,404,,NIU,,1,1.0,27,4,29.0,,,
1,29,1,2,928,578.0,26,31.0,1,1.0,34,7,14.0,6.0,3.0,15.0
1,46,1,1,120,23.0,20,47.0,1,1.0,4,10,13.0,19.0,1.0,11.0
2,22,3,1,113,48.0,13,,5,3.0,23,10,1.0,12.0,6.0,24.0
1,25,2,2,11,,NIU,,1,1.0,26,3,24.0,,,
1,23,2,2,403,,NIU,,1,1.0,31,6,12.0,,,
2,33,3,1,1517,884.0,27,,1,1.0,22,2,28.0,3.0,9.0,5.0
1,45,3,1,39,190.0,18,,1,1.0,11,4,9.0,19.0,4.0,29.0
1,29,1,2,928,578.0,26,31.0,1,1.0,34,7,14.0,6.0,3.0,15.0
1,31,1,2,125,492.0,28,32.0,1,1.0,10,9,23.0,25.0,7.0,24.0
2,18,2,2,12,,NIU,,1,1.0,25,10,27.0,,,
2,35,1,1,1518,1353.0,19,46.0,1,1.0,7,8,24.0,13.0,8.0,25.0
2,30,1,1,2444,1649.0,28,40.0,1,1.0,9,10,10.0,25.0,3.0,26.0
1,49,2,2,126,,NIU,,1,1.0,6,4,24.0,,,
1,40,2,2,387,,NIU,,1,1.0,2,1,10.0,,,
1,30,1,1,754,1305.0,27,31.0,1,1.0,9,11,4.0,25.0,5.0,8.0
1,27,1,1,417,200.0,19,31.0,1,1.0,19,12,9.0,12.0,1.0,5.0
2,43,1,1,122,189.0,26,45.0,3,,16,3,19.0,21.0,6.0,3.0
2,48,1,1,1603,1304.0,16,60.0,1,1.0,3,9,1.0,32.0,5.0,19.0
1,48,1,1,1440,80.0,21,49.0,1,1.0,3,2,17.0,23.0,1.0,1.0
1,19,2,2,481,,NIU,,1,1.0,27,3,10.0,,,
1,30,1,1,1437,1007.0,26,34.0,1,1.0,10,12,30.0,11.0,3.0,31.0
1,22,1,2,476,287.0,21,25.0,1,1.0,23,7,6.0,26.0,6.0,30.0
1,21,2,2,101,,NIU,,1,1.0,21,4,5.0,,,
1,49,3,1,13,8.0,27,,1,1.0,36,3,9.0,15.0,1.0,28.0
2,36,1,1,121,111.0,18,48.0,1,1.0,5,9,25.0,21.0,10.0,25.0
2,43,1,1,123,41.0,20,44.0,1,1.0,20,10,15.0,15.0,4.0,16.0
1,42,1,1,903,573.0,21,45.0,1,1.0,20,3,16.0,15.0,12.0,14.0
1,35,3,2,1462,946.0,17,,1,1.0,7,5,17.0,1.0,5.0,28.0
1,30,1,1,2454,1647.0,26,32.0,1,1.0,10,3,7.0,11.0,9.0,5.0
2,34,1,1,1527,1303.0,25,38.0,2,1.0,15,6,11.0,17.0,2.0,13.0
2,26,1,2,889,552.0,25,31.0,1,1.0,26,9,16.0,26.0,10.0,15.0
1,45,1,2,450,338.0,27,49.0,1,1.0,11,8,16.0,1.0,7.0,9.0
1,38,2,2,451,,NIU,,1,1.0,1,5,8.0,,,
1,44,1,1,407,9.0,28,47.0,1,1.0,16,6,11.0,13.0,1.0,23.0
2,20,2,2,888,,NIU,,1,1.0,21,12,11.0,,,
1,42,1,1,887,553.0,19,47.0,1,1.0,14,6,27.0,24.0,12.0,22.0
1,26,2,2,256,,NIU,,1,1.0,26,8,6.0,,,
1,47,1,1,142,82.0,28,46.0,1,1.0,8,3,17.0,1.0,7.0,28.0
1,37,2,2,525,,NIU,,1,1.0,13,10,28.0,,,
2,18,2,2,452,,NIU,,5,3.0,25,1,11.0,,,
1,30,1,1,1579,76.0,21,30.0,1,1.0,9,8,3.0,12.0,6.0,21.0
2,44,1,2,453,314.0,39,45.0,1,1.0,11,3,26.0,3.0,7.0,22.0
1,47,1,1,1431,966.0,23,48.0,1,1.0,8,11,27.0,14.0,2.0,21.0
1,23,2,2,274,,NIU,,1,1.0,31,10,17.0,,,
1,48,1,1,203,1723.0,23,54.0,1,1.0,3,10,26.0,14.0,6.0,2.0
1,34,3,1,2423,1717.0,21,,1,1.0,15,9,25.0,16.0,10.0,8.0
2,22,2,2,1591,,NIU,,1,1.0,31,3,15.0,,,
2,47,1,1,562,285.0,14,54.0,1,1.0,8,4,19.0,33.0,1.0,12.0
2,39,1,1,232,100.0,23,42.0,1,1.0,2,3,7.0,13.0,7.0,7.0
1,24,2,2,868,,NIU,,4,4.0,17,7,20.0,,,
1,25,2,2,783,,NIU,,2,1.0,26,12,15.0,,,
1,26,1,2,782,532.0,25,27.0,2,2.0,26,7,25.0,28.0,3.0,25.0
2,49,1,1,427,541.0,23,57.0,1,1.0,6,1,23.0,19.0,12.0,20.0
1,39,1,1,475,360.0,18,51.0,1,1.0,2,4,23.0,18.0,10.0,21.0
2,36,1,1,1422,967.0,22,46.0,1,1.0,5,7,25.0,5.0,4.0,6.0
2,16,2,2,386,,NIU,,1,1.0,32,1,20.0,,,
1,19,2,2,824,,NIU,,1,1.0,28,10,22.0,,,
1,38,1,2,6,3.0,31,37.0,1,1.0,1,11,10.0,10.0,5.0,30.0
2,32,1,1,1592,1225.0,25,34.0,1,1.0,18,10,28.0,10.0,4.0,1.0
1,33,2,2,1598,,NIU,,1,1.0,22,1,24.0,,,
2,18,2,2,105,,NIU,,1,1.0,25,6,28.0,,,
1,48,1,1,230,103.0,24,49.0,1,1.0,3,5,7.0,14.0,1.0,8.0
1,46,1,1,1398,968.0,16,54.0,1,,4,2,21.0,31.0,12.0,10.0
1,49,1,1,490,359.0,22,54.0,1,1.0,6,5,9.0,23.0,10.0,8.0
2,16,2,2,231,,NIU,,1,1.0,33,3,3.0,,,
1,27,2,2,449,,NIU,,1,1.0,30,9,21.0,,,
1,31,1,2,798,449.0,31,31.0,1,1.0,10,10,20.0,26.0,8.0,16.0
1,30,2,2,1374,,NIU,,1,1.0,9,7,28.0,,,
1,38,1,1,1635,1224.0,20,35.0,1,1.0,1,2,2.0,1.0,5.0,23.0
1,41,1,1,2426,1223.0,30,38.0,1,1.0,14,12,3.0,20.0,1.0,7.0
1,27,1,1,220,104.0,20,36.0,1,1.0,30,5,22.0,8.0,8.0,18.0
1,15,2,2,2425,,NIU,,1,1.0,35,5,6.0,,,
2,15,2,2,2424,,NIU,,1,1.0,35,9,16.0,,,
2,35,1,1,80,644.0,13,42.0,1,1.0,7,11,12.0,18.0,7.0,4.0
1,27,1,2,492,361.0,21,28.0,1,1.0,19,12,26.0,10.0,2.0,16.0
1,26,2,2,820,,NIU,,1,1.0,26,7,10.0,,,
1,23,2,2,381,,NIU,,1,1.0,17,3,24.0,,,
2,44,1,1,432,373.0,18,49.0,1,1.0,11,3,21.0,19.0,5.0,16.0
1,39,3,1,161,63.0,27,,1,1.0,2,3,3.0,16.0,2.0,6.0
2,36,1,1,1110,722.0,19,36.0,1,1.0,5,9,24.0,13.0,5.0,23.0
1,28,2,2,21,,NIU,,2,1.0,19,11,28.0,,,
1,32,1,1,898,732.0,25,37.0,1,1.0,18,1,25.0,8.0,3.0,11.0
1,31,2,2,135,,NIU,,1,1.0,10,1,26.0,,,
1,36,1,1,235,384.0,25,38.0,1,1.0,13,3,25.0,20.0,2.0,7.0
2,43,1,1,911,733.0,24,44.0,1,1.0,20,5,18.0,22.0,8.0,9.0
1,47,3,1,506,371.0,21,,1,1.0,8,5,20.0,19.0,7.0,26.0
2,39,1,1,1365,1010.0,25,40.0,1,1.0,2,12,7.0,7.0,3.0,6.0
1,32,1,1,22,298.0,28,40.0,1,1.0,18,7,19.0,6.0,4.0,28.0
2,36,1,1,804,438.0,19,39.0,1,1.0,5,4,24.0,13.0,6.0,13.0
1,35,1,1,80,203.0,27,35.0,1,1.0,7,11,12.0,8.0,10.0,14.0
2,16,2,2,1647,,NIU,,1,1.0,32,5,15.0,,,
2,22,2,2,1648,,NIU,,1,1.0,23,2,7.0,,,
2,35,2,2,1366,,NIU,,1,1.0,7,8,29.0,,,
1,42,3,1,8,6.0,20,,2,1.0,14,10,30.0,15.0,2.0,28.0
2,16,2,2,156,,NIU,,1,1.0,32,2,26.0,,,
1,32,3,1,138,81.0,24,,1,1.0,18,8,23.0,12.0,7.0,11.0
1,21,2,2,372,,NIU,,1,1.0,21,11,20.0,,,
2,16,2,2,231,,NIU,,1,1.0,33,3,3.0,,,
1,47,1,1,71,979.0,20,53.0,2,2.0,3,3,8.0,23.0,2.0,7.0
1,18,2,2,491,,NIU,,1,1.0,25,11,11.0,,,
1,48,1,1,880,663.0,17,52.0,1,1.0,6,3,15.0,32.0,4.0,5.0
1,49,1,1,93,368.0,23,53.0,1,1.0,36,4,8.0,19.0,5.0,9.0
1,33,2,2,162,,NIU,,1,1.0,22,7,28.0,,,
1,23,2,2,381,,NIU,,1,1.0,17,3,24.0,,,
1,44,1,1,906,664.0,26,45.0,1,,16,10,10.0,21.0,6.0,18.0
1,23,2,2,297,,NIU,,1,1.0,17,3,20.0,,,
1,36,1,1,799,980.0,25,37.0,1,1.0,5,10,6.0,4.0,9.0,25.0
2,34,1,2,2427,1748.0,17,44.0,1,1.0,7,4,20.0,21.0,2.0,15.0
1,45,1,1,30,17.0,21,52.0,2,2.0,4,3,17.0,14.0,3.0,12.0
1,38,3,1,110,49.0,21,,1,1.0,1,6,22.0,21.0,3.0,6.0
2,39,1,1,1327,981.0,20,43.0,1,1.0,2,12,12.0,22.0,12.0,4.0
1,35,1,1,755,524.0,21,38.0,1,1.0,7,10,26.0,7.0,1.0,4.0
1,25,1,2,362,152.0,24,25.0,1,1.0,29,9,17.0,26.0,7.0,5.0
1,35,1,1,5,7.0,22,40.0,1,1.0,7,1,2.0,5.0,10.0,22.0
2,39,1,1,232,100.0,23,42.0,1,1.0,2,3,7.0,13.0,7.0,7.0
1,15,2,2,940,,NIU,,1,1.0,35,1,4.0,,,
2,24,2,2,361,,NIU,,1,1.0,17,1,19.0,,,
1,21,2,2,778,,NIU,,1,1.0,23,4,5.0,,,
1,21,1,2,4,4.0,21,33.0,1,1.0,21,6,14.0,26.0,6.0,13.0
1,28,1,1,505,241.0,22,37.0,1,1.0,19,11,3.0,10.0,8.0,6.0
2,36,1,1,1638,1876.0,27,35.0,1,1.0,13,3,2.0,17.0,3.0,11.0
2,33,1,2,157,42.0,26,33.0,1,1.0,22,4,30.0,10.0,1.0,5.0
2,48,1,1,806,523.0,17,51.0,1,1.0,3,4,16.0,31.0,4.0,1.0
2,29,1,1,2429,1875.0,17,32.0,5,1.0,9,3,27.0,16.0,10.0,13.0
1,28,1,1,1646,1129.0,25,35.0,1,1.0,19,10,24.0,6.0,5.0,1.0
1,39,1,1,805,403.0,19,43.0,1,1.0,24,8,5.0,2.0,7.0,21.0
1,35,1,1,2428,1829.0,27,34.0,1,1.0,7,10,30.0,12.0,12.0,23.0
1,43,1,1,1315,758.0,17,43.0,1,1.0,20,8,22.0,19.0,1.0,17.0
1,19,2,2,986,,NIU,,3,1.0,28,10,21.0,,,
2,44,1,1,2411,1828.0,15,49.0,1,1.0,11,3,9.0,30.0,6.0,23.0
1,32,1,1,1276,759.0,23,36.0,1,1.0,18,11,28.0,17.0,11.0,19.0
1,23,2,2,985,,NIU,,1,1.0,31,9,24.0,,,
1,49,1,1,551,343.0,22,47.0,1,1.0,6,8,5.0,23.0,5.0,10.0
1,22,2,2,171,,NIU,,1,1.0,31,12,8.0,,,
1,19,1,1,612,294.0,13,21.0,5,3.0,28,6,2.0,10.0,2.0,20.0
2,16,2,2,1764,,NIU,,1,1.0,32,2,7.0,,,
1,35,1,1,1765,760.0,19,40.0,1,1.0,7,10,1.0,13.0,10.0,16.0
1,30,3,2,2410,1827.0,24,,1,1.0,9,11,6.0,10.0,2.0,4.0
2,43,1,1,911,733.0,24,44.0,1,1.0,20,5,18.0,22.0,8.0,9.0
1,49,3,1,169,301.0,20,,1,1.0,36,3,13.0,31.0,11.0,18.0
1,32,1,1,187,101.0,24,39.0,1,1.0,18,11,26.0,8.0,7.0,14.0
2,47,1,1,562,285.0,14,54.0,1,1.0,8,4,19.0,33.0,1.0,12.0
1,32,1,2,1657,1182.0,32,33.0,1,1.0,18,8,12.0,26.0,1.0,21.0
1,45,1,1,719,522.0,24,47.0,1,1.0,4,12,7.0,18.0,9.0,6.0
1,23,2,2,403,,NIU,,1,1.0,31,6,12.0,,,
1,30,1,2,1766,1063.0,26,49.0,1,1.0,9,7,5.0,6.0,1.0,21.0
1,45,3,1,363,548.0,17,,5,3.0,11,10,28.0,23.0,6.0,21.0
1,26,2,2,516,,NIU,,1,1.0,26,2,9.0,,,
2,17,1,1,924,549.0,16,39.0,2,1.0,25,12,9.0,28.0,10.0,4.0
1,44,1,1,790,52.0,22,51.0,1,1.0,16,1,11.0,18.0,1.0,1.0
2,47,1,1,186,73.0,18,58.0,1,1.0,8,2,29.0,30.0,11.0,3.0
2,21,2,2,1806,,NIU,,4,1.0,21,5,11.0,,,
2,35,1,1,321,521.0,15,39.0,2,1.0,7,10,22.0,2.0,8.0,5.0
2,35,1,1,321,1062.0,23,39.0,1,1.0,7,10,22.0,16.0,5.0,13.0
2,40,1,1,54,300.0,33,45.0,1,1.0,2,8,5.0,8.0,5.0,24.0
1,34,1,1,72,14.0,23,39.0,1,1.0,15,2,29.0,4.0,4.0,3.0
1,46,3,2,120,550.0,34,,3,,4,10,13.0,16.0,5.0,1.0
1,29,1,2,243,141.0,26,34.0,1,1.0,34,2,25.0,6.0,5.0,16.0
1,48,1,1,709,520.0,17,46.0,1,1.0,3,10,10.0,32.0,5.0,29.0
1,19,1,2,320,150.0,19,20.0,1,1.0,28,6,9.0,26.0,1.0,2.0
1,35,1,1,1248,1024.0,22,39.0,1,1.0,7,9,18.0,5.0,3.0,18.0
2,43,1,1,1249,1025.0,19,51.0,4,1.0,20,9,9.0,14.0,12.0,7.0
1,42,3,1,8,6.0,20,,2,1.0,14,10,30.0,15.0,2.0,28.0
1,25,2,2,539,,NIU,,1,1.0,29,7,1.0,,,
1,35,2,2,338,,NIU,,1,1.0,7,11,27.0,,,
1,32,1,2,170,66.0,29,33.0,1,1.0,18,9,2.0,25.0,4.0,25.0
1,21,2,2,651,,NIU,,1,1.0,21,7,4.0,,,
1,32,1,2,952,728.0,26,34.0,1,1.0,18,7,5.0,3.0,1.0,12.0
1,23,1,2,700,502.0,19,25.0,1,1.0,31,5,4.0,11.0,3.0,12.0
2,44,1,1,1931,1281.0,22,48.0,1,1.0,16,10,7.0,15.0,7.0,13.0
1,27,1,1,2412,1878.0,21,28.0,4,1.0,19,4,10.0,10.0,10.0,20.0
1,47,1,1,540,151.0,35,49.0,1,1.0,8,1,23.0,16.0,11.0,29.0
1,35,3,2,757,729.0,31,,1,1.0,7,9,12.0,6.0,5.0,2.0
1,36,1,1,1816,659.0,17,46.0,4,4.0,5,10,25.0,22.0,10.0,31.0
1,46,1,1,120,23.0,20,47.0,1,1.0,4,10,13.0,19.0,1.0,11.0
2,37,1,1,1817,1096.0,19,30.0,1,1.0,13,6,26.0,1.0,8.0,5.0
1,42,1,1,244,142.0,23,44.0,1,1.0,14,1,7.0,1.0,9.0,28.0
2,28,3,1,302,242.0,20,,1,1.0,19,4,11.0,8.0,5.0,8.0
2,19,2,2,61,,NIU,,1,1.0,27,4,3.0,,,
2,17,2,2,247,,NIU,,1,1.0,33,5,13.0,,,
1,41,1,2,566,243.0,29,53.0,1,1.0,12,1,5.0,16.0,12.0,26.0
1,19,2,2,245,,NIU,,1,1.0,28,8,6.0,,,
1,18,2,2,106,,NIU,,1,1.0,25,9,30.0,,,
1,49,1,1,567,244.0,26,46.0,1,1.0,6,5,4.0,24.0,7.0,15.0
1,39,1,1,2422,1877.0,19,43.0,1,1.0,24,1,8.0,2.0,2.0,19.0
1,29,2,2,618,,NIU,,1,1.0,34,2,12.0,,,
1,17,2,2,301,,NIU,,1,1.0,33,1,18.0,,,
1,38,3,1,1005,730.0,33,,1,1.0,1,5,22.0,3.0,2.0,16.0
2,21,2,2,112,,NIU,,1,1.0,23,4,7.0,,,
1,26,1,2,1864,752.0,24,24.0,1,1.0,26,5,10.0,25.0,1.0,23.0
2,22,2,2,288,,NIU,,2,1.0,23,9,25.0,,,
1,26,1,2,782,532.0,25,27.0,2,2.0,26,7,25.0,28.0,3.0,25.0
1,48,1,1,584,245.0,22,55.0,1,1.0,3,1,11.0,19.0,3.0,31.0
1,18,2,2,1865,,NIU,,1,1.0,25,9,3.0,,,
2,30,1,1,1213,1095.0,27,31.0,1,1.0,9,5,18.0,25.0,9.0,5.0
2,27,1,1,2391,1094.0,22,28.0,1,1.0,19,12,22.0,3.0,5.0,13.0
2,46,1,1,578,23.0,20,51.0,3,,4,6,22.0,19.0,1.0,11.0
1,21,2,2,101,,NIU,,1,1.0,21,4,5.0,,,
1,23,2,2,1224,,NIU,,1,1.0,31,7,1.0,,,
1,44,1,1,407,9.0,28,47.0,1,1.0,16,6,11.0,13.0,1.0,23.0
2,19,2,2,258,,NIU,,1,1.0,28,2,26.0,,,
1,44,1,1,1225,751.0,26,58.0,2,2.0,11,9,12.0,1.0,8.0,11.0
1,41,1,2,566,243.0,29,53.0,1,1.0,12,1,5.0,16.0,12.0,26.0
1,35,3,2,1066,709.0,28,,2,2.0,7,6,25.0,8.0,8.0,9.0
1,47,3,1,1065,725.0,28,,1,1.0,8,8,22.0,22.0,7.0,16.0
1,39,1,1,763,482.0,19,46.0,1,1.0,24,6,18.0,2.0,5.0,13.0
1,46,1,1,655,386.0,25,50.0,1,2.0,4,8,11.0,18.0,3.0,3.0
1,22,2,2,1167,,NIU,,1,1.0,23,10,7.0,,,
2,24,2,2,361,,NIU,,1,1.0,17,1,19.0,,,
1,32,1,1,1906,1826.0,28,34.0,1,1.0,18,2,26.0,11.0,5.0,15.0
2,27,2,2,348,,NIU,,1,1.0,19,3,4.0,,,
1,23,1,1,1907,1128.0,21,32.0,1,1.0,31,5,15.0,25.0,3.0,15.0
1,31,1,1,7,5.0,27,41.0,1,1.0,10,1,6.0,6.0,4.0,8.0
1,17,2,2,587,,NIU,,1,1.0,33,1,2.0,,,
1,47,1,1,71,979.0,20,53.0,2,2.0,3,3,8.0,23.0,2.0,7.0
1,39,1,1,79,98.0,18,43.0,5,1.0,24,6,7.0,18.0,2.0,4.0
1,17,2,2,588,,NIU,,1,1.0,33,2,29.0,,,
2,48,3,2,49,19.0,34,,1,1.0,3,5,22.0,5.0,9.0,26.0
1,39,1,2,677,385.0,35,37.0,1,1.0,24,7,2.0,6.0,9.0,11.0
2,24,1,1,1908,726.0,18,33.0,1,1.0,17,8,22.0,10.0,12.0,16.0
1,39,1,2,677,385.0,35,37.0,1,1.0,24,7,2.0,6.0,9.0,11.0
2,30,1,1,921,921.0,26,29.0,1,1.0,9,7,10.0,11.0,12.0,21.0
2,40,1,1,303,209.0,14,43.0,2,2.0,2,8,27.0,19.0,9.0,19.0
1,42,3,1,18,10.0,23,,1,1.0,14,9,18.0,1.0,9.0,27.0
1,23,2,2,1069,,NIU,,1,1.0,31,5,31.0,,,
1,35,2,2,55,,NIU,,1,1.0,5,12,5.0,,,
1,34,1,1,1922,1127.0,31,38.0,1,1.0,7,12,2.0,6.0,3.0,27.0
2,37,1,1,107,37.0,25,37.0,1,1.0,13,2,27.0,16.0,2.0,19.0
2,42,1,1,2392,1783.0,29,42.0,1,1.0,14,9,1.0,5.0,3.0,26.0
1,47,3,1,616,539.0,22,,1,1.0,3,3,23.0,27.0,5.0,20.0
1,33,2,2,263,,NIU,,1,1.0,22,10,8.0,,,
1,44,1,1,660,416.0,28,42.0,1,1.0,16,8,17.0,13.0,5.0,14.0
1,40,3,1,3,21.0,27,,1,1.0,2,8,16.0,5.0,3.0,16.0
1,35,1,1,755,524.0,21,38.0,1,1.0,7,10,26.0,7.0,1.0,4.0
1,47,1,1,646,415.0,19,49.0,1,1.0,8,5,8.0,29.0,3.0,19.0
1,38,2,2,1,,NIU,,1,1.0,1,1,25.0,,,
2,16,2,2,156,,NIU,,1,1.0,32,2,26.0,,,
1,39,1,1,52,690.0,21,40.0,1,1.0,24,7,21.0,21.0,6.0,2.0
2,37,1,1,344,191.0,22,50.0,4,1.0,13,11,28.0,9.0,2.0,16.0
2,35,2,2,1920,,NIU,,1,1.0,7,6,20.0,,,
2,26,1,1,645,62.0,23,27.0,2,1.0,26,8,14.0,25.0,6.0,21.0
2,22,2,2,1154,,NIU,,1,1.0,23,1,31.0,,,
1,38,2,2,451,,NIU,,1,1.0,1,5,8.0,,,
1,35,2,2,603,,NIU,,1,1.0,7,5,4.0,,,
1,30,1,1,644,997.0,27,33.0,1,1.0,9,7,23.0,6.0,10.0,13.0
2,19,2,2,1041,,NIU,,1,1.0,28,2,2.0,,,
1,21,2,2,91,,NIU,,1,1.0,21,10,26.0,,,
1,39,1,1,1509,1158.0,29,40.0,1,1.0,2,12,13.0,4.0,1.0,17.0
1,41,1,1,1141,998.0,18,41.0,1,1.0,12,1,12.0,15.0,5.0,16.0
2,43,1,1,132,382.0,27,41.0,1,1.0,20,5,11.0,13.0,12.0,6.0
1,30,1,1,191,205.0,20,32.0,1,1.0,9,11,28.0,17.0,5.0,1.0
1,28,1,1,131,61.0,25,28.0,1,1.0,19,9,11.0,25.0,1.0,7.0
1,42,1,1,35,60.0,21,42.0,1,1.0,14,8,2.0,18.0,2.0,19.0
2,42,1,1,609,370.0,15,48.0,3,1.0,20,3,30.0,23.0,8.0,30.0
2,47,1,1,1118,691.0,17,53.0,1,1.0,8,9,17.0,31.0,3.0,9.0
2,19,2,2,2394,,NIU,,1,1.0,28,11,21.0,,,
2,27,3,1,1142,1026.0,17,,1,1.0,19,12,27.0,4.0,12.0,6.0
1,41,1,1,2393,1782.0,31,44.0,1,1.0,12,8,8.0,4.0,8.0,7.0
1,27,2,2,2,,NIU,,1,1.0,19,3,15.0,,,
1,27,2,2,2,,NIU,,1,1.0,19,3,15.0,,,
1,44,1,1,842,97.0,28,45.0,2,1.0,16,7,11.0,13.0,5.0,12.0
1,28,1,2,1510,1157.0,25,35.0,1,1.0,19,7,28.0,25.0,7.0,27.0
1,39,1,1,1511,731.0,32,40.0,1,1.0,24,7,26.0,8.0,5.0,26.0
2,32,1,1,1070,64.0,30,44.0,1,1.0,22,3,29.0,25.0,4.0,12.0
1,28,1,1,1161,1781.0,24,28.0,1,1.0,19,9,23.0,11.0,3.0,17.0
2,24,2,2,75,,NIU,,1,1.0,17,10,1.0,,,
1,41,1,1,276,204.0,15,44.0,1,1.0,12,5,19.0,19.0,12.0,12.0
1,49,1,1,551,343.0,22,47.0,1,1.0,6,8,5.0,23.0,5.0,10.0
2,48,1,1,1122,1189.0,20,54.0,1,1.0,3,5,1.0,29.0,1.0,3.0
1,28,2,2,630,,NIU,,1,1.0,19,2,29.0,,,
2,41,1,1,127,665.0,18,40.0,1,1.0,12,2,8.0,24.0,8.0,1.0
1,35,1,1,1128,982.0,21,36.0,3,1.0,7,11,10.0,5.0,5.0,15.0
2,37,1,1,344,191.0,22,50.0,4,1.0,13,11,28.0,9.0,2.0,16.0
1,46,1,1,38,666.0,22,55.0,1,1.0,4,6,6.0,14.0,9.0,11.0
2,47,1,1,562,285.0,14,54.0,1,1.0,8,4,19.0,33.0,1.0,12.0
1,39,1,1,26,28.0,26,38.0,1,,2,3,24.0,5.0,5.0,18.0
2,46,1,1,128,357.0,22,52.0,1,1.0,8,3,19.0,14.0,4.0,2.0
2,41,1,1,272,207.0,19,43.0,1,1.0,12,6,14.0,15.0,7.0,14.0
1,27,1,1,417,200.0,19,31.0,1,1.0,19,12,9.0,12.0,1.0,5.0
2,37,1,1,1121,713.0,29,43.0,1,1.0,1,3,11.0,12.0,7.0,6.0
1,33,2,2,162,,NIU,,1,1.0,22,7,28.0,,,
2,36,1,1,846,397.0,24,39.0,1,1.0,5,9,16.0,20.0,4.0,6.0
1,22,2,2,1784,,NIU,,1,1.0,23,4,6.0,,,
1,40,1,1,1120,714.0,28,41.0,1,1.0,2,11,24.0,16.0,2.0,17.0
2,34,1,1,68,715.0,29,31.0,1,1.0,15,8,3.0,3.0,10.0,2.0
2,38,1,1,2397,1732.0,31,43.0,1,1.0,1,6,8.0,8.0,6.0,24.0
2,34,1,1,1156,990.0,30,43.0,1,1.0,7,12,25.0,11.0,6.0,13.0
1,21,1,2,4,4.0,21,33.0,1,1.0,21,6,14.0,26.0,6.0,13.0
2,36,1,1,1961,1207.0,22,38.0,1,,5,8,26.0,7.0,1.0,2.0
2,33,1,1,2396,1731.0,19,43.0,1,1.0,15,4,9.0,7.0,10.0,3.0
1,23,2,2,985,,NIU,,1,1.0,31,9,24.0,,,
1,20,2,2,1140,,NIU,,1,1.0,27,5,25.0,,,
1,39,1,1,1508,647.0,27,41.0,1,1.0,24,6,17.0,16.0,4.0,20.0
2,27,1,1,2395,505.0,22,26.0,1,1.0,19,12,14.0,3.0,2.0,19.0
2,46,1,2,843,448.0,19,47.0,1,1.0,4,2,26.0,23.0,10.0,7.0
1,42,3,1,18,10.0,23,,1,1.0,14,9,18.0,1.0,9.0,27.0
1,37,1,1,153,74.0,21,36.0,1,1.0,13,4,7.0,9.0,10.0,25.0
1,37,3,1,292,1206.0,34,,1,1.0,13,7,14.0,25.0,6.0,29.0
1,39,1,1,269,1.0,24,41.0,1,1.0,24,7,29.0,9.0,2.0,1.0
1,17,2,2,84,,NIU,,1,1.0,33,2,25.0,,,
1,22,1,2,476,287.0,21,25.0,1,1.0,23,7,6.0,26.0,6.0,30.0
2,32,1,2,860,215.0,16,37.0,1,1.0,18,10,2.0,13.0,5.0,30.0
2,48,3,2,49,19.0,34,,1,1.0,3,5,22.0,5.0,9.0,26.0
1,16,2,2,124,,NIU,,1,1.0,32,8,7.0,,,
1,40,1,1,610,358.0,18,54.0,1,1.0,2,1,15.0,18.0,4.0,17.0
1,22,2,2,86,,NIU,,1,1.0,23,7,16.0,,,
2,19,2,2,859,,NIU,,1,1.0,28,10,8.0,,,
1,17,2,2,858,,NIU,,1,1.0,25,3,25.0,,,
1,42,1,1,192,102.0,18,47.0,1,1.0,14,6,9.0,14.0,11.0,31.0
1,35,3,2,1462,946.0,17,,1,1.0,7,5,17.0,1.0,5.0,28.0
1,21,2,2,857,,NIU,,1,1.0,21,6,17.0,,,
1,23,2,2,1096,,NIU,,3,,31,1,12.0,,,
1,38,1,1,856,447.0,25,37.0,1,1.0,1,9,13.0,16.0,8.0,1.0
1,35,2,2,55,,NIU,,1,1.0,5,12,5.0,,,
2,19,2,2,848,,NIU,,1,1.0,28,7,2.0,,,
1,46,3,1,847,446.0,30,,1,1.0,4,9,26.0,9.0,10.0,22.0
1,35,1,1,1123,648.0,20,35.0,1,1.0,7,6,12.0,9.0,9.0,29.0
2,38,1,1,2406,1730.0,22,41.0,1,1.0,24,4,8.0,21.0,3.0,3.0
1,41,1,1,133,649.0,28,40.0,1,1.0,12,7,21.0,16.0,1.0,29.0
1,49,1,1,1921,1205.0,17,55.0,1,1.0,6,8,24.0,33.0,12.0,21.0
1,24,2,2,443,,NIU,,1,1.0,17,8,7.0,,,
1,15,2,2,444,,NIU,,1,1.0,35,2,1.0,,,
1,32,1,1,22,298.0,28,40.0,1,1.0,18,7,19.0,6.0,4.0,28.0
1,37,2,2,223,,NIU,,1,1.0,13,10,4.0,,,
2,49,1,1,1259,848.0,11,55.0,5,3.0,36,3,20.0,37.0,6.0,20.0
2,32,1,1,1085,650.0,14,43.0,1,1.0,18,1,21.0,21.0,7.0,23.0
2,38,1,1,2376,1729.0,23,45.0,1,1.0,1,7,2.0,9.0,11.0,2.0
1,34,1,1,414,206.0,28,35.0,1,1.0,15,6,13.0,10.0,3.0,26.0
1,30,1,1,1084,695.0,29,28.0,1,1.0,9,8,23.0,28.0,7.0,29.0
2,18,2,2,1083,,NIU,,1,1.0,25,8,9.0,,,
1,48,1,1,1082,619.0,27,48.0,1,1.0,3,11,15.0,18.0,2.0,23.0
1,32,1,1,631,452.0,31,32.0,1,1.0,18,9,22.0,26.0,1.0,23.0
1,41,1,1,1155,986.0,20,44.0,1,1.0,12,8,5.0,18.0,12.0,10.0
2,23,1,1,1081,645.0,20,31.0,1,1.0,31,5,17.0,6.0,5.0,22.0
1,48,2,2,229,,NIU,,1,1.0,6,12,23.0,,,
1,41,1,1,413,107.0,22,47.0,1,1.0,12,8,9.0,22.0,2.0,3.0
1,36,1,1,1080,646.0,14,42.0,4,1.0,5,6,19.0,15.0,3.0,9.0
1,39,2,2,643,,NIU,,1,1.0,2,12,10.0,,,
2,18,2,2,152,,NIU,,1,1.0,28,12,22.0,,,
2,22,1,1,2375,1716.0,15,24.0,5,3.0,23,1,16.0,8.0,3.0,1.0
2,42,1,1,151,1222.0,25,52.0,1,1.0,14,1,15.0,13.0,1.0,29.0
1,37,2,2,525,,NIU,,1,1.0,13,10,28.0,,,
2,24,2,2,75,,NIU,,1,1.0,17,10,1.0,,,
2,25,2,2,1160,,NIU,,1,1.0,29,5,24.0,,,
1,42,3,1,18,10.0,23,,1,1.0,14,9,18.0,1.0,9.0,27.0
2,40,2,2,641,,NIU,,1,1.0,2,2,21.0,,,
2,22,2,2,9,,NIU,,1,1.0,23,5,23.0,,,
1,30,2,2,278,,NIU,,1,1.0,9,5,11.0,,,
2,25,2,2,259,,NIU,,1,1.0,26,3,23.0,,,
2,27,1,1,2,1264.0,19,41.0,1,1.0,19,3,15.0,12.0,2.0,27.0
1,25,2,2,640,,NIU,,1,1.0,29,2,9.0,,,
1,41,1,1,749,529.0,23,45.0,3,1.0,12,2,1.0,1.0,3.0,2.0
1,46,1,1,1073,595.0,20,45.0,1,1.0,4,2,1.0,27.0,7.0,28.0
1,17,2,2,1072,,NIU,,4,4.0,33,7,22.0,,,
2,42,3,1,190,105.0,19,,1,1.0,14,1,31.0,24.0,10.0,18.0
1,35,1,1,1071,1675.0,27,41.0,1,,7,1,19.0,12.0,8.0,18.0
1,40,1,1,2377,1674.0,35,50.0,1,1.0,2,11,15.0,11.0,4.0,31.0
1,17,2,2,367,,NIU,,1,1.0,33,1,25.0,,,
1,35,2,2,602,,NIU,,1,1.0,7,4,27.0,,,
2,24,3,1,277,216.0,20,,1,1.0,17,8,3.0,6.0,6.0,20.0
2,30,1,1,661,596.0,20,37.0,1,1.0,9,2,25.0,17.0,6.0,12.0
1,22,2,2,222,,NIU,,1,1.0,23,8,8.0,,,
1,49,3,1,1086,597.0,21,,1,1.0,6,6,28.0,29.0,10.0,28.0
1,21,2,2,416,,NIU,,1,1.0,21,11,1.0,,,
2,15,1,2,365,198.0,15,23.0,5,1.0,35,8,24.0,26.0,9.0,12.0
1,31,2,2,415,,NIU,,1,1.0,10,6,27.0,,,
1,49,1,1,189,106.0,30,51.0,1,1.0,6,9,6.0,22.0,2.0,18.0
2,26,1,1,1056,726.0,20,32.0,3,,26,10,24.0,10.0,12.0,16.0
1,48,1,1,589,353.0,19,58.0,1,1.0,6,3,12.0,30.0,4.0,2.0
1,18,2,2,105,,NIU,,1,1.0,25,6,28.0,,,
1,42,3,1,1157,947.0,22,,1,1.0,14,9,14.0,2.0,2.0,7.0
1,21,2,2,91,,NIU,,1,1.0,21,10,26.0,,,
1,44,3,1,73,352.0,22,,1,1.0,16,9,22.0,15.0,11.0,9.0
1,48,1,1,1158,948.0,29,54.0,2,1.0,3,7,1.0,22.0,11.0,8.0
1,20,2,2,1140,,NIU,,1,1.0,27,5,25.0,,,
1,34,1,2,149,12.0,28,30.0,1,1.0,15,7,10.0,3.0,1.0,7.0
2,34,1,1,2380,949.0,21,38.0,1,1.0,15,1,26.0,5.0,11.0,14.0
1,22,2,2,9,,NIU,,1,1.0,23,5,23.0,,,
2,49,3,1,590,351.0,21,,2,1.0,6,7,13.0,23.0,6.0,16.0
2,15,2,2,2379,,NIU,,1,1.0,35,6,13.0,,,
1,30,1,1,600,350.0,26,39.0,1,1.0,9,5,20.0,11.0,8.0,2.0
1,46,1,1,655,386.0,25,50.0,1,2.0,4,8,11.0,18.0,3.0,3.0
2,21,2,2,150,,NIU,,1,1.0,21,10,24.0,,,
2,26,1,1,2378,1263.0,22,24.0,5,3.0,26,5,6.0,6.0,9.0,19.0
2,36,1,1,279,76.0,27,37.0,1,1.0,5,11,7.0,12.0,6.0,21.0
2,25,1,2,642,481.0,25,30.0,1,1.0,29,6,14.0,26.0,2.0,24.0
2,17,2,2,601,,NIU,,1,1.0,33,10,9.0,,,
1,39,1,1,269,1.0,24,41.0,1,1.0,24,7,29.0,9.0,2.0,1.0
1,40,1,1,1159,97.0,23,50.0,4,1.0,2,9,9.0,13.0,5.0,12.0
1,24,2,2,214,,NIU,,1,1.0,29,3,13.0,,,
1,46,1,1,1842,1262.0,19,49.0,1,1.0,4,1,6.0,19.0,1.0,10.0
1,26,1,1,2359,1673.0,22,32.0,1,1.0,26,10,7.0,11.0,2.0,16.0
1,47,1,1,257,108.0,26,48.0,1,1.0,8,9,6.0,18.0,12.0,27.0
2,28,2,2,1013,,NIU,,1,1.0,19,1,24.0,,,
2,21,1,1,689,1672.0,20,24.0,1,1.0,21,9,26.0,26.0,9.0,23.0
2,25,2,2,1311,,NIU,,1,1.0,26,12,13.0,,,
1,19,2,2,1222,,NIU,,1,1.0,28,2,1.0,,,
2,46,1,1,1223,950.0,22,47.0,1,1.0,4,10,9.0,24.0,4.0,11.0
1,32,1,1,1012,651.0,21,36.0,1,1.0,18,11,29.0,4.0,4.0,8.0
1,37,1,1,51,187.0,22,53.0,1,1.0,1,3,21.0,9.0,1.0,11.0
2,40,3,1,585,348.0,26,,1,1.0,2,11,4.0,5.0,1.0,8.0
1,23,2,2,403,,NIU,,1,1.0,31,6,12.0,,,
1,38,1,1,1043,605.0,27,54.0,1,1.0,1,2,9.0,20.0,1.0,18.0
1,18,2,2,92,,NIU,,1,1.0,25,5,15.0,,,
1,16,2,2,148,,NIU,,1,1.0,32,1,21.0,,,
2,35,2,2,1920,,NIU,,1,1.0,7,6,20.0,,,
1,43,3,1,1042,566.0,19,,1,1.0,20,9,20.0,24.0,5.0,23.0
2,39,1,1,2390,1653.0,16,46.0,2,2.0,24,7,18.0,15.0,1.0,11.0
1,17,2,2,586,,NIU,,3,,25,12,31.0,,,
2,40,3,1,585,348.0,26,,1,1.0,2,11,4.0,5.0,1.0,8.0
2,24,1,1,1843,1273.0,22,31.0,1,1.0,17,7,30.0,28.0,1.0,27.0
2,36,1,1,1007,567.0,17,44.0,1,1.0,5,11,16.0,1.0,7.0,27.0
1,43,1,1,307,1.0,28,50.0,1,1.0,20,9,25.0,9.0,2.0,1.0
2,41,1,1,2361,1652.0,28,52.0,1,1.0,14,9,23.0,5.0,1.0,7.0
1,27,2,2,2,,NIU,,1,1.0,19,3,15.0,,,
1,47,1,1,96,53.0,29,50.0,1,1.0,3,12,6.0,1.0,7.0,25.0
2,32,2,2,2360,,NIU,,2,1.0,18,6,16.0,,,
2,25,2,2,306,,NIU,,2,1.0,29,5,28.0,,,
2,40,1,1,708,501.0,18,48.0,2,,2,10,10.0,15.0,2.0,30.0
1,41,1,1,305,1651.0,36,38.0,1,1.0,14,12,16.0,3.0,1.0,25.0
1,30,1,1,644,1650.0,27,30.0,2,1.0,9,7,23.0,25.0,9.0,19.0
1,47,3,1,506,371.0,21,,1,1.0,8,5,20.0,19.0,7.0,26.0
1,43,1,1,707,500.0,34,49.0,1,1.0,20,2,30.0,12.0,9.0,14.0
2,44,1,1,1006,622.0,20,51.0,1,1.0,11,4,7.0,14.0,9.0,6.0
1,32,1,1,564,62.0,30,41.0,1,1.0,22,3,9.0,25.0,6.0,21.0
1,25,2,2,640,,NIU,,1,1.0,29,2,9.0,,,
1,36,1,1,121,1272.0,19,44.0,1,1.0,5,9,25.0,13.0,9.0,17.0
2,47,1,1,1118,691.0,17,53.0,1,1.0,8,9,17.0,31.0,3.0,9.0
1,39,3,1,161,63.0,27,,1,1.0,2,3,3.0,16.0,2.0,6.0
2,40,1,1,242,1271.0,28,42.0,1,1.0,2,7,10.0,16.0,8.0,19.0
1,37,1,1,153,74.0,21,36.0,1,1.0,13,4,7.0,9.0,10.0,25.0
2,28,1,1,970,505.0,23,34.0,1,1.0,34,12,18.0,3.0,2.0,19.0
1,18,2,2,98,,NIU,,1,1.0,25,2,5.0,,,
2,42,1,1,565,349.0,24,53.0,1,1.0,14,10,20.0,1.0,2.0,13.0
1,24,2,2,214,,NIU,,1,1.0,29,3,13.0,,,
1,39,3,1,304,201.0,25,,1,1.0,24,1,7.0,5.0,4.0,27.0
2,44,3,1,407,974.0,20,,1,1.0,16,6,11.0,14.0,4.0,4.0
2,25,2,2,669,,NIU,,1,1.0,29,11,9.0,,,
1,41,1,1,287,188.0,26,46.0,1,1.0,14,12,8.0,9.0,2.0,19.0
1,42,3,1,8,6.0,20,,2,1.0,14,10,30.0,15.0,2.0,28.0
2,23,2,2,557,,NIU,,3,,31,7,15.0,,,
2,46,3,1,989,623.0,21,,1,1.0,4,2,28.0,27.0,8.0,17.0
2,35,1,1,724,178.0,24,42.0,1,1.0,7,2,30.0,20.0,8.0,23.0
2,43,1,1,1255,915.0,31,41.0,1,1.0,20,7,13.0,20.0,1.0,1.0
1,46,1,1,1256,916.0,22,48.0,1,1.0,4,2,18.0,24.0,7.0,9.0
1,47,2,2,109,,NIU,,1,1.0,3,4,15.0,,,
2,21,2,2,159,,NIU,,1,1.0,21,7,16.0,,,
2,37,1,1,990,657.0,19,42.0,1,1.0,1,3,10.0,1.0,8.0,20.0
2,45,1,1,260,125.0,21,46.0,1,1.0,11,10,23.0,14.0,7.0,10.0
1,37,1,1,2362,917.0,27,37.0,1,1.0,13,9,21.0,4.0,2.0,2.0
1,23,2,2,1257,,NIU,,5,3.0,31,10,18.0,,,
1,48,3,1,322,519.0,15,,1,1.0,3,5,29.0,34.0,10.0,7.0
2,27,1,1,1258,918.0,22,31.0,1,1.0,30,11,23.0,11.0,6.0,7.0
1,49,1,1,558,315.0,21,51.0,1,1.0,6,1,1.0,23.0,7.0,9.0
1,39,1,1,79,98.0,18,43.0,5,1.0,24,6,7.0,18.0,2.0,4.0
1,27,1,1,1124,746.0,23,35.0,1,1.0,30,5,6.0,11.0,3.0,21.0
2,42,1,1,1772,1302.0,16,46.0,1,1.0,14,9,28.0,27.0,7.0,19.0
1,19,2,2,1780,,NIU,,1,1.0,28,6,25.0,,,
2,41,2,2,1009,,NIU,,1,1.0,12,6,22.0,,,
1,26,2,2,1008,,NIU,,1,1.0,30,3,18.0,,,
1,34,2,2,296,,NIU,,1,1.0,7,4,18.0,,,
1,15,2,2,559,,NIU,,1,1.0,35,6,24.0,,,
2,42,1,1,179,79.0,18,48.0,1,1.0,14,9,22.0,24.0,9.0,26.0
1,45,1,2,450,338.0,27,49.0,1,1.0,11,8,16.0,1.0,7.0,9.0
1,38,1,1,1284,919.0,21,46.0,1,1.0,24,4,25.0,21.0,1.0,1.0
2,49,3,1,745,518.0,18,,1,1.0,6,6,13.0,32.0,8.0,24.0
1,21,2,2,744,,NIU,,1,1.0,23,12,3.0,,,
1,47,1,1,96,53.0,29,50.0,1,1.0,3,12,6.0,1.0,7.0,25.0
1,38,1,1,325,233.0,31,46.0,1,1.0,1,7,26.0,8.0,2.0,28.0
1,31,1,1,45,26.0,26,33.0,1,1.0,10,1,14.0,11.0,5.0,5.0
1,35,1,1,176,71.0,17,41.0,1,1.0,7,8,3.0,21.0,6.0,7.0
2,24,2,2,1285,,NIU,,1,1.0,29,12,29.0,,,
1,22,2,2,222,,NIU,,1,1.0,23,8,8.0,,,
1,18,2,2,743,,NIU,,1,1.0,28,12,1.0,,,
2,45,1,1,547,308.0,18,47.0,1,1.0,11,7,5.0,19.0,6.0,20.0
2,47,1,2,324,197.0,43,47.0,1,1.0,8,7,19.0,11.0,10.0,4.0
1,34,1,2,742,509.0,32,35.0,1,1.0,15,2,3.0,25.0,2.0,7.0
1,49,1,1,741,508.0,23,49.0,1,1.0,6,2,14.0,19.0,3.0,9.0
1,15,2,2,1801,,NIU,,1,1.0,35,8,16.0,,,
1,40,1,1,1802,1307.0,25,41.0,1,1.0,2,6,24.0,9.0,4.0,28.0
2,45,1,1,419,210.0,20,51.0,4,1.0,4,4,25.0,27.0,10.0,30.0
2,33,1,1,788,761.0,27,34.0,1,1.0,22,9,14.0,10.0,2.0,1.0
1,25,2,2,539,,NIU,,1,1.0,29,7,1.0,,,
2,27,1,1,1803,590.0,22,33.0,1,1.0,30,10,18.0,3.0,7.0,14.0
1,48,1,1,36,196.0,20,62.0,1,1.0,6,4,10.0,29.0,1.0,20.0
1,38,1,2,103,45.0,25,37.0,1,1.0,1,8,5.0,5.0,10.0,9.0
1,27,1,1,417,200.0,19,31.0,1,1.0,19,12,9.0,12.0,1.0,5.0
1,36,1,2,323,195.0,32,43.0,1,1.0,5,8,8.0,11.0,2.0,10.0
1,49,1,1,97,558.0,23,48.0,1,1.0,6,1,28.0,27.0,5.0,25.0
1,37,3,1,725,507.0,25,,1,1.0,13,5,9.0,16.0,1.0,8.0
2,21,2,2,953,,NIU,,1,1.0,21,2,23.0,,,
2,44,1,1,1006,622.0,20,51.0,1,1.0,11,4,7.0,14.0,9.0,6.0
2,45,1,1,1755,901.0,25,44.0,1,1.0,11,8,6.0,22.0,6.0,23.0
1,19,1,1,612,294.0,13,21.0,5,3.0,28,6,2.0,10.0,2.0,20.0
1,16,2,2,339,,NIU,,1,1.0,32,5,28.0,,,
2,47,1,1,357,149.0,21,48.0,1,1.0,8,8,5.0,19.0,11.0,10.0
1,32,1,1,187,101.0,24,39.0,1,1.0,18,11,26.0,8.0,7.0,14.0
1,36,3,1,1304,902.0,16,,1,1.0,5,5,2.0,2.0,2.0,10.0
1,17,2,2,62,,NIU,,1,1.0,25,3,29.0,,,
1,38,1,1,1305,903.0,29,38.0,1,1.0,1,7,27.0,17.0,2.0,22.0
2,25,1,2,642,481.0,25,30.0,1,1.0,29,6,14.0,26.0,2.0,24.0
2,37,1,1,1724,1306.0,28,35.0,1,1.0,13,1,22.0,17.0,12.0,30.0
1,45,1,1,1201,334.0,23,49.0,1,1.0,11,1,25.0,18.0,1.0,14.0
2,39,1,1,47,194.0,22,49.0,1,1.0,24,4,18.0,21.0,11.0,1.0
1,46,1,1,1398,968.0,16,54.0,1,,4,2,21.0,31.0,12.0,10.0
1,28,1,1,77,39.0,27,26.0,5,1.0,19,1,21.0,26.0,7.0,6.0
2,29,1,1,1306,589.0,24,36.0,1,1.0,34,6,30.0,3.0,4.0,29.0
2,35,1,1,2363,1617.0,18,39.0,1,1.0,7,7,18.0,13.0,6.0,30.0
1,20,2,2,973,,NIU,,1,1.0,21,3,20.0,,,
1,23,2,2,985,,NIU,,1,1.0,31,9,24.0,,,
1,24,2,2,337,,NIU,,1,1.0,17,1,8.0,,,
2,34,1,1,32,72.0,14,41.0,1,1.0,15,1,24.0,22.0,5.0,22.0
1,21,2,2,972,,NIU,,1,1.0,21,9,1.0,,,
1,41,1,1,83,316.0,22,42.0,1,2.0,12,7,15.0,22.0,5.0,5.0
1,20,2,2,1694,,NIU,,1,1.0,27,11,6.0,,,
1,35,1,1,2365,1616.0,24,35.0,1,1.0,7,7,6.0,20.0,3.0,14.0
2,32,1,1,760,317.0,22,34.0,3,,22,3,18.0,4.0,10.0,7.0
1,21,1,2,4,4.0,21,33.0,1,1.0,21,6,14.0,26.0,6.0,13.0
1,18,2,2,105,,NIU,,1,1.0,25,6,28.0,,,
1,48,1,1,27,18.0,27,52.0,1,1.0,3,1,21.0,2.0,5.0,9.0
1,48,1,1,1158,948.0,29,54.0,2,1.0,3,7,1.0,22.0,11.0,8.0
1,17,2,2,84,,NIU,,1,1.0,33,2,25.0,,,
1,46,1,1,759,495.0,23,57.0,1,1.0,8,3,10.0,24.0,6.0,23.0
2,45,2,2,429,,NIU,,1,1.0,4,9,3.0,,,
2,16,2,2,209,,NIU,,3,,32,11,9.0,,,
1,23,2,2,211,,NIU,,1,1.0,17,4,24.0,,,
2,43,1,1,67,78.0,16,43.0,1,1.0,16,3,18.0,23.0,8.0,31.0
1,49,1,1,558,315.0,21,51.0,1,1.0,6,1,1.0,23.0,7.0,9.0
2,35,1,1,2364,1587.0,25,36.0,1,1.0,5,12,11.0,4.0,8.0,14.0
2,16,2,2,758,,NIU,,1,1.0,32,11,28.0,,,
1,31,1,1,1752,1352.0,20,37.0,1,1.0,10,3,26.0,4.0,7.0,10.0
1,47,2,2,342,,NIU,,1,1.0,8,6,24.0,,,
1,45,2,2,341,,NIU,,1,1.0,4,12,11.0,,,
1,38,1,1,1753,1351.0,27,38.0,4,1.0,24,12,15.0,20.0,8.0,18.0
1,31,1,2,1754,1350.0,28,33.0,1,1.0,18,9,10.0,6.0,1.0,17.0
2,18,2,2,76,,NIU,,4,4.0,25,4,13.0,,,
1,22,2,2,154,,NIU,,1,1.0,23,4,13.0,,,
1,46,1,1,1256,916.0,22,48.0,1,1.0,4,2,18.0,24.0,7.0,9.0
1,49,3,1,340,926.0,21,,1,1.0,6,6,3.0,29.0,10.0,19.0
1,37,1,1,1303,927.0,21,43.0,1,1.0,13,7,12.0,13.0,12.0,11.0
2,44,1,1,1353,334.0,23,55.0,1,1.0,11,12,20.0,18.0,1.0,14.0
1,46,1,1,759,495.0,23,57.0,1,1.0,8,3,10.0,24.0,6.0,23.0
1,34,1,1,72,14.0,23,39.0,1,1.0,15,2,29.0,4.0,4.0,3.0
1,40,1,1,610,358.0,18,54.0,1,1.0,2,1,15.0,18.0,4.0,17.0
1,23,2,2,167,,NIU,,1,1.0,31,7,19.0,,,
2,43,1,1,574,263.0,18,46.0,1,1.0,20,5,1.0,27.0,4.0,19.0
1,31,1,1,1089,687.0,17,47.0,1,1.0,10,11,16.0,5.0,6.0,17.0
1,33,1,1,263,232.0,32,34.0,1,1.0,22,10,8.0,28.0,7.0,20.0
1,28,1,1,515,318.0,18,33.0,5,3.0,19,10,5.0,4.0,1.0,1.0
1,21,2,2,164,,NIU,,1,1.0,21,9,28.0,,,
1,31,1,1,1661,1349.0,23,30.0,1,1.0,10,11,6.0,12.0,3.0,2.0
2,36,1,1,1671,1348.0,22,37.0,1,1.0,5,7,18.0,5.0,4.0,21.0
1,36,1,1,523,27.0,32,32.0,1,1.0,5,9,8.0,6.0,8.0,4.0
1,19,2,2,364,,NIU,,1,1.0,27,12,15.0,,,
2,46,1,1,926,582.0,16,50.0,3,,4,8,25.0,31.0,1.0,2.0
1,31,1,1,125,1582.0,22,34.0,1,1.0,10,9,23.0,12.0,1.0,1.0
2,46,1,1,925,583.0,25,52.0,4,1.0,4,4,21.0,2.0,10.0,27.0
2,22,2,2,1154,,NIU,,1,1.0,23,1,31.0,,,
1,25,2,2,82,,NIU,,1,1.0,26,4,22.0,,,
1,39,1,1,1361,892.0,21,38.0,1,1.0,24,6,26.0,1.0,2.0,7.0
1,17,2,2,367,,NIU,,1,1.0,33,1,25.0,,,
1,38,2,2,1362,,NIU,,1,1.0,1,1,26.0,,,
1,21,2,2,416,,NIU,,1,1.0,21,11,1.0,,,
1,27,1,1,2374,1581.0,23,30.0,1,1.0,19,3,18.0,11.0,2.0,18.0
2,37,1,1,14,2.0,18,43.0,1,1.0,13,10,14.0,1.0,9.0,5.0
1,44,1,1,660,416.0,28,42.0,1,1.0,16,8,17.0,13.0,5.0,14.0
2,19,2,2,273,,NIU,,2,1.0,28,5,23.0,,,
2,32,1,1,1672,1371.0,24,39.0,1,1.0,22,3,21.0,12.0,5.0,20.0
1,18,2,2,743,,NIU,,1,1.0,28,12,1.0,,,
1,41,1,1,1363,910.0,22,60.0,4,1.0,12,10,16.0,22.0,8.0,20.0
2,21,2,2,112,,NIU,,1,1.0,23,4,7.0,,,
1,34,3,1,68,230.0,25,,1,1.0,15,8,3.0,17.0,2.0,1.0
2,44,1,1,370,83.0,25,56.0,1,1.0,16,9,19.0,22.0,3.0,1.0
1,45,1,1,719,522.0,24,47.0,1,1.0,4,12,7.0,18.0,9.0,6.0
2,17,2,2,1649,,NIU,,1,1.0,25,4,24.0,,,
1,25,2,2,507,,NIU,,1,1.0,29,5,26.0,,,
1,38,1,1,369,55.0,22,41.0,1,1.0,1,1,5.0,9.0,9.0,26.0
1,18,2,2,514,,NIU,,1,1.0,25,1,27.0,,,
1,24,2,2,910,,NIU,,1,1.0,17,4,26.0,,,
1,27,1,1,802,1370.0,26,37.0,1,1.0,19,12,24.0,28.0,6.0,2.0
2,38,1,1,1368,564.0,28,40.0,4,1.0,24,3,16.0,4.0,1.0,6.0
1,21,1,2,4,4.0,21,33.0,1,1.0,21,6,14.0,26.0,6.0,13.0
1,31,1,1,25,11.0,25,36.0,1,1.0,10,2,3.0,3.0,4.0,10.0
2,33,1,1,1650,1369.0,16,42.0,1,1.0,22,11,12.0,21.0,8.0,12.0
2,37,1,1,14,2.0,18,43.0,1,1.0,13,10,14.0,1.0,9.0,5.0
2,21,2,2,145,,NIU,,2,1.0,21,8,24.0,,,
2,42,1,2,927,565.0,35,46.0,1,1.0,20,4,30.0,8.0,2.0,4.0
2,37,1,1,791,319.0,20,42.0,1,1.0,1,4,29.0,21.0,2.0,9.0
1,36,1,1,2344,1571.0,26,39.0,1,1.0,5,2,13.0,4.0,1.0,15.0
2,40,1,1,1660,1368.0,21,44.0,1,1.0,12,3,16.0,2.0,12.0,22.0
2,19,2,2,1352,,NIU,,2,1.0,28,4,2.0,,,
2,20,1,1,2343,1570.0,16,25.0,5,1.0,27,1,26.0,11.0,12.0,7.0
2,44,1,1,897,574.0,19,50.0,3,,16,11,16.0,14.0,6.0,23.0
1,27,1,2,896,575.0,22,35.0,1,,19,12,5.0,3.0,2.0,17.0
1,30,1,2,504,326.0,25,33.0,1,1.0,9,7,22.0,11.0,7.0,23.0
1,43,1,1,373,593.0,29,45.0,1,1.0,20,8,19.0,7.0,2.0,9.0
1,33,1,1,275,186.0,20,37.0,1,1.0,22,10,26.0,5.0,8.0,3.0
1,17,2,2,1148,,NIU,,1,1.0,33,1,29.0,,,
1,16,2,2,2345,,NIU,,5,3.0,32,5,23.0,,,
2,46,1,1,38,77.0,23,50.0,1,1.0,4,6,6.0,24.0,6.0,24.0
1,32,1,1,564,62.0,30,41.0,1,1.0,22,3,9.0,25.0,6.0,21.0
1,39,1,1,226,218.0,18,38.0,1,1.0,24,7,6.0,2.0,4.0,9.0
1,21,2,2,972,,NIU,,1,1.0,21,9,1.0,,,
1,17,2,2,895,,NIU,,1,1.0,33,5,10.0,,,
1,23,1,1,1885,706.0,17,37.0,1,1.0,17,12,30.0,10.0,1.0,27.0
1,46,1,1,894,579.0,13,48.0,5,1.0,4,2,27.0,34.0,1.0,19.0
1,31,1,1,1636,885.0,26,32.0,1,1.0,10,2,27.0,3.0,1.0,21.0
1,43,1,1,707,500.0,34,49.0,1,1.0,20,2,30.0,12.0,9.0,14.0
1,25,1,2,893,30.0,25,30.0,1,1.0,26,3,5.0,26.0,1.0,6.0
1,30,3,1,1637,1410.0,24,,1,1.0,10,9,17.0,8.0,2.0,9.0
1,46,1,1,20,122.0,27,46.0,1,1.0,4,11,3.0,22.0,3.0,7.0
2,18,2,2,12,,NIU,,1,1.0,25,10,27.0,,,
2,23,2,2,111,,NIU,,1,1.0,17,9,14.0,,,
1,49,1,1,803,491.0,19,59.0,1,1.0,6,7,17.0,31.0,10.0,16.0
1,33,1,1,1367,580.0,24,32.0,1,1.0,22,1,13.0,17.0,2.0,26.0
1,36,1,1,371,226.0,29,37.0,1,1.0,13,12,16.0,8.0,12.0,6.0
1,31,1,1,7,5.0,27,41.0,1,1.0,10,1,6.0,6.0,4.0,8.0
1,42,1,1,2350,1525.0,28,46.0,1,1.0,14,2,12.0,7.0,10.0,1.0
2,37,1,1,1409,853.0,20,38.0,1,2.0,13,6,5.0,21.0,1.0,29.0
2,28,1,1,2349,1524.0,22,30.0,1,1.0,19,8,17.0,10.0,2.0,9.0
2,32,1,1,1085,650.0,14,43.0,1,1.0,18,1,21.0,21.0,7.0,23.0
2,26,2,2,1410,,NIU,,1,1.0,26,5,21.0,,,
1,46,1,1,882,625.0,21,45.0,1,1.0,4,11,18.0,14.0,9.0,24.0
2,31,1,1,200,119.0,25,32.0,1,1.0,18,12,5.0,10.0,10.0,16.0
1,35,1,1,155,69.0,24,36.0,1,1.0,7,8,13.0,20.0,8.0,3.0
1,35,1,1,80,203.0,27,35.0,1,1.0,7,11,12.0,8.0,10.0,14.0
2,48,1,1,806,523.0,17,51.0,1,1.0,3,4,16.0,31.0,4.0,1.0
1,33,1,1,2348,1523.0,27,34.0,1,1.0,22,1,12.0,10.0,12.0,1.0
1,22,2,2,383,,NIU,,1,1.0,23,5,4.0,,,
1,39,1,1,269,1.0,24,41.0,1,1.0,24,7,29.0,9.0,2.0,1.0
2,31,1,2,2347,1522.0,27,36.0,1,1.0,18,4,4.0,3.0,3.0,20.0
2,48,3,2,49,19.0,34,,1,1.0,3,5,22.0,5.0,9.0,26.0
1,40,3,1,3,21.0,27,,1,1.0,2,8,16.0,5.0,3.0,16.0
1,34,1,1,1610,1417.0,22,34.0,1,1.0,15,2,11.0,16.0,3.0,25.0
1,46,1,1,852,638.0,20,48.0,1,1.0,8,4,29.0,19.0,6.0,14.0
2,16,2,2,758,,NIU,,1,1.0,32,11,28.0,,,
1,40,1,2,881,626.0,33,46.0,1,1.0,2,8,25.0,8.0,10.0,28.0
1,40,3,1,374,223.0,25,,1,1.0,12,12,13.0,9.0,3.0,12.0
1,30,1,1,191,205.0,20,32.0,1,1.0,9,11,28.0,17.0,5.0,1.0
1,35,1,1,503,1416.0,26,36.0,1,1.0,7,8,17.0,17.0,11.0,27.0
1,43,3,1,573,278.0,18,,1,1.0,20,5,31.0,14.0,9.0,28.0
1,36,1,1,147,32.0,23,38.0,1,1.0,5,1,31.0,16.0,7.0,2.0
2,33,3,1,2346,1521.0,27,,1,1.0,22,9,18.0,3.0,1.0,5.0
2,35,1,1,206,145.0,24,34.0,1,1.0,5,12,15.0,16.0,11.0,22.0
1,21,2,2,416,,NIU,,1,1.0,21,11,1.0,,,
2,34,1,2,674,381.0,27,37.0,1,1.0,15,6,19.0,8.0,10.0,12.0
1,36,2,2,160,,NIU,,1,1.0,5,7,7.0,,,
1,46,1,1,1381,462.0,22,47.0,1,1.0,8,12,4.0,14.0,2.0,3.0
1,35,1,1,80,203.0,27,35.0,1,1.0,7,11,12.0,8.0,10.0,14.0
1,24,2,2,337,,NIU,,1,1.0,17,1,8.0,,,
1,28,2,2,21,,NIU,,2,1.0,19,11,28.0,,,
1,38,3,1,110,49.0,21,,1,1.0,1,6,22.0,21.0,3.0,6.0
2,27,2,2,116,,NIU,,1,1.0,30,2,30.0,,,
2,37,1,1,791,319.0,20,42.0,1,1.0,1,4,29.0,21.0,2.0,9.0
2,23,1,2,396,222.0,20,24.0,1,1.0,17,3,5.0,6.0,7.0,16.0
1,27,2,2,2331,,NIU,,4,1.0,19,12,28.0,,,
1,47,1,1,540,151.0,35,49.0,1,1.0,8,1,23.0,16.0,11.0,29.0
2,43,1,1,825,461.0,20,43.0,1,1.0,20,1,6.0,15.0,7.0,27.0
2,20,2,2,869,,NIU,,1,1.0,27,2,11.0,,,
1,29,2,2,1419,,NIU,,1,1.0,34,6,4.0,,,
1,25,2,2,11,,NIU,,1,1.0,26,3,24.0,,,
1,25,2,2,82,,NIU,,1,1.0,26,4,22.0,,,
1,45,1,2,234,306.0,40,36.0,1,1.0,11,5,2.0,11.0,9.0,17.0
1,32,3,1,138,81.0,24,,1,1.0,18,8,23.0,12.0,7.0,11.0
1,39,3,1,1420,868.0,21,,1,1.0,2,4,24.0,1.0,4.0,3.0
1,47,3,1,552,356.0,22,,1,1.0,8,7,24.0,27.0,8.0,21.0
2,23,2,2,474,,NIU,,1,1.0,31,2,27.0,,,
2,16,2,2,1421,,NIU,,1,1.0,32,5,4.0,,,
1,35,1,1,1590,1415.0,23,37.0,1,1.0,7,5,10.0,20.0,9.0,11.0
1,33,1,1,15,1414.0,26,33.0,1,1.0,22,2,24.0,8.0,3.0,23.0
1,48,1,1,27,18.0,27,52.0,1,1.0,3,1,21.0,2.0,5.0,9.0
2,46,1,1,925,583.0,25,52.0,4,1.0,4,4,21.0,2.0,10.0,27.0
1,26,2,2,227,,NIU,,2,1.0,26,11,8.0,,,
2,46,1,1,2330,1520.0,21,47.0,1,1.0,4,8,13.0,27.0,10.0,29.0
1,30,2,2,835,,NIU,,1,1.0,10,3,29.0,,,
1,31,2,2,834,,NIU,,1,1.0,10,1,28.0,,,
1,24,2,2,390,,NIU,,1,1.0,17,7,21.0,,,
1,44,1,1,1399,840.0,28,44.0,1,1.0,16,2,14.0,13.0,11.0,12.0
1,32,1,1,470,12.0,27,30.0,3,1.0,22,3,19.0,3.0,1.0,7.0
1,35,1,1,755,524.0,21,38.0,1,1.0,7,10,26.0,7.0,1.0,4.0
1,36,3,1,1553,841.0,31,,1,1.0,5,10,8.0,3.0,1.0,2.0
1,21,2,2,91,,NIU,,1,1.0,21,10,26.0,,,
1,22,1,1,1554,1443.0,19,25.0,1,1.0,23,6,18.0,6.0,9.0,3.0
1,20,1,2,613,295.0,18,24.0,2,1.0,27,6,26.0,25.0,5.0,10.0
1,21,2,2,811,,NIU,,1,1.0,21,8,5.0,,,
1,47,1,1,23,20.0,26,47.0,2,1.0,8,8,11.0,18.0,5.0,7.0
1,18,2,2,471,,NIU,,1,1.0,25,6,10.0,,,
2,31,1,1,619,538.0,26,63.0,2,2.0,10,11,7.0,3.0,12.0,24.0
2,43,1,1,1555,1432.0,18,43.0,1,1.0,20,6,27.0,27.0,5.0,3.0
2,34,1,1,827,457.0,20,36.0,1,1.0,15,6,8.0,7.0,6.0,26.0
2,35,1,1,24,513.0,26,38.0,1,1.0,7,8,15.0,17.0,9.0,16.0
1,44,1,1,790,52.0,22,51.0,1,1.0,16,1,11.0,18.0,1.0,1.0
2,40,1,1,3,85.0,19,46.0,1,1.0,2,8,16.0,18.0,10.0,17.0
1,31,1,1,1658,941.0,25,34.0,1,1.0,10,6,13.0,10.0,1.0,1.0
2,16,2,2,872,,NIU,,1,1.0,32,9,15.0,,,
1,46,1,1,871,634.0,25,48.0,1,1.0,4,5,26.0,18.0,1.0,5.0
1,45,1,1,2332,1510.0,18,45.0,1,1.0,11,1,3.0,23.0,12.0,29.0
2,44,1,1,472,307.0,34,42.0,1,1.0,16,2,26.0,17.0,9.0,22.0
2,24,1,1,1843,1273.0,22,31.0,1,1.0,17,7,30.0,28.0,1.0,27.0
2,23,2,2,473,,NIU,,1,1.0,31,8,24.0,,,
2,28,1,1,826,615.0,22,30.0,4,1.0,19,5,16.0,10.0,10.0,4.0
1,19,2,2,104,,NIU,,1,1.0,27,4,22.0,,,
1,15,2,2,444,,NIU,,1,1.0,35,2,1.0,,,
1,27,2,2,397,,NIU,,1,1.0,30,11,22.0,,,
2,18,2,2,452,,NIU,,5,3.0,25,1,11.0,,,
1,31,1,1,7,5.0,27,41.0,1,1.0,10,1,6.0,6.0,4.0,8.0
1,38,1,2,870,616.0,34,32.0,4,4.0,1,10,25.0,11.0,3.0,30.0
1,31,1,1,25,11.0,25,36.0,1,1.0,10,2,3.0,3.0,4.0,10.0
1,16,2,2,448,,NIU,,1,1.0,32,8,11.0,,,
1,22,2,2,905,,NIU,,2,2.0,23,4,2.0,,,
1,20,2,2,424,,NIU,,1,1.0,27,1,7.0,,,
1,44,1,1,141,120.0,24,47.0,1,1.0,16,5,28.0,2.0,2.0,8.0
1,37,1,1,487,258.0,16,45.0,4,1.0,13,5,4.0,2.0,6.0,6.0
1,31,1,1,1524,1431.0,24,47.0,1,1.0,18,3,10.0,8.0,5.0,16.0
2,30,1,1,409,224.0,18,33.0,1,1.0,10,12,18.0,16.0,4.0,17.0
1,25,2,2,539,,NIU,,1,1.0,29,7,1.0,,,
2,19,2,2,904,,NIU,,1,1.0,28,7,20.0,,,
1,39,3,1,161,63.0,27,,1,1.0,2,3,3.0,16.0,2.0,6.0
1,22,2,2,205,,NIU,,4,4.0,23,5,15.0,,,
1,37,1,1,223,1430.0,26,37.0,1,1.0,13,10,4.0,20.0,3.0,18.0
2,21,2,2,1525,,NIU,,1,1.0,21,2,10.0,,,
1,20,2,2,408,,NIU,,1,1.0,21,12,8.0,,,
1,20,2,2,1460,,NIU,,1,1.0,27,7,6.0,,,
1,40,3,1,374,223.0,25,,1,1.0,12,12,13.0,9.0,3.0,12.0
2,19,2,2,19,,NIU,,1,1.0,27,9,14.0,,,
2,24,2,2,75,,NIU,,1,1.0,17,10,1.0,,,
1,38,1,1,41,476.0,24,39.0,3,1.0,1,9,16.0,5.0,1.0,5.0
1,20,2,2,254,,NIU,,1,1.0,21,12,31.0,,,
1,48,3,1,1748,1424.0,29,,1,1.0,3,4,6.0,1.0,2.0,11.0
1,19,2,2,1222,,NIU,,1,1.0,28,2,1.0,,,
2,24,3,1,277,216.0,20,,1,1.0,17,8,3.0,6.0,6.0,20.0
1,30,1,1,215,140.0,25,32.0,1,1.0,10,4,29.0,3.0,5.0,9.0
1,38,2,2,451,,NIU,,1,1.0,1,5,8.0,,,
1,48,1,1,36,196.0,20,62.0,1,1.0,6,4,10.0,29.0,1.0,20.0
1,27,1,1,2311,1509.0,22,35.0,1,1.0,30,2,31.0,3.0,5.0,12.0
1,39,1,1,1461,882.0,21,49.0,1,1.0,24,4,12.0,21.0,5.0,14.0
2,33,1,2,157,42.0,26,33.0,1,1.0,22,4,30.0,10.0,1.0,5.0
2,33,1,1,796,444.0,16,42.0,1,1.0,15,4,28.0,21.0,1.0,9.0
2,28,2,2,2342,,NIU,,1,1.0,34,12,9.0,,,
2,42,1,1,1526,1448.0,18,48.0,5,3.0,20,12,2.0,14.0,6.0,30.0
1,46,1,1,1456,863.0,22,45.0,1,1.0,4,2,3.0,14.0,3.0,28.0
1,39,1,1,269,1.0,24,41.0,1,1.0,24,7,29.0,9.0,2.0,1.0
1,18,2,2,743,,NIU,,1,1.0,28,12,1.0,,,
2,30,1,1,754,864.0,22,33.0,1,1.0,9,11,4.0,8.0,7.0,20.0
1,22,2,2,2314,,NIU,,1,1.0,23,4,18.0,,,
2,24,2,2,462,,NIU,,1,1.0,17,10,9.0,,,
2,37,1,1,292,442.0,27,37.0,1,1.0,13,7,14.0,4.0,3.0,6.0
1,31,1,1,1457,865.0,19,32.0,1,1.0,10,2,31.0,20.0,4.0,30.0
1,32,1,1,875,1490.0,24,34.0,1,1.0,22,4,18.0,17.0,12.0,1.0
2,23,2,2,261,,NIU,,4,1.0,17,9,20.0,,,
2,21,2,2,159,,NIU,,1,1.0,21,7,16.0,,,
2,35,1,1,28,1.0,20,45.0,1,1.0,5,3,27.0,9.0,2.0,1.0
1,20,2,2,137,,NIU,,1,1.0,21,9,12.0,,,
1,22,2,2,1453,,NIU,,2,1.0,23,8,5.0,,,
1,46,1,1,914,866.0,19,49.0,1,1.0,8,3,15.0,23.0,6.0,20.0
1,24,2,2,1023,,NIU,,1,1.0,17,1,27.0,,,
2,32,1,1,913,631.0,21,40.0,1,1.0,18,1,14.0,20.0,2.0,18.0
1,46,1,1,807,432.0,27,46.0,1,1.0,4,9,13.0,1.0,5.0,19.0
1,18,2,2,69,,NIU,,4,1.0,25,10,2.0,,,
2,49,1,1,410,221.0,14,57.0,1,1.0,36,4,4.0,36.0,7.0,19.0
1,15,2,2,16,,NIU,,1,1.0,35,10,11.0,,,
1,34,1,1,2313,1496.0,20,36.0,1,1.0,15,8,13.0,7.0,7.0,27.0
1,36,1,1,140,302.0,23,39.0,1,1.0,13,12,3.0,5.0,2.0,6.0
2,24,2,2,361,,NIU,,1,1.0,17,1,19.0,,,
1,32,1,1,898,732.0,25,37.0,1,1.0,18,1,25.0,8.0,3.0,11.0
1,25,2,2,11,,NIU,,1,1.0,26,3,24.0,,,
2,37,1,1,797,431.0,21,39.0,1,1.0,13,9,2.0,13.0,3.0,31.0
1,37,1,1,2312,319.0,20,37.0,1,1.0,1,3,29.0,21.0,2.0,9.0
1,41,1,1,1424,832.0,33,48.0,1,1.0,14,12,13.0,12.0,5.0,19.0
1,27,2,2,397,,NIU,,1,1.0,30,11,22.0,,,
1,36,1,1,371,226.0,29,37.0,1,1.0,13,12,16.0,8.0,12.0,6.0
2,23,2,2,474,,NIU,,1,1.0,31,2,27.0,,,
1,15,2,2,457,,NIU,,1,1.0,32,3,14.0,,,
1,44,1,1,39,592.0,20,45.0,1,1.0,11,4,9.0,14.0,2.0,29.0
1,38,3,1,458,303.0,18,,5,1.0,1,2,4.0,2.0,8.0,12.0
1,30,1,1,1017,588.0,21,34.0,1,1.0,9,11,20.0,17.0,11.0,16.0
2,24,2,2,462,,NIU,,1,1.0,17,10,9.0,,,
1,23,2,2,963,,NIU,,1,1.0,31,11,19.0,,,
1,21,2,2,972,,NIU,,1,1.0,21,9,1.0,,,
2,23,2,2,962,,NIU,,1,1.0,31,2,7.0,,,
1,30,1,2,459,304.0,23,36.0,1,1.0,9,6,20.0,8.0,11.0,18.0
1,45,1,1,356,138.0,25,46.0,2,1.0,11,6,9.0,2.0,3.0,10.0
1,37,3,1,725,507.0,25,,1,1.0,13,5,9.0,16.0,1.0,8.0
1,48,3,2,768,430.0,19,,1,1.0,3,7,24.0,30.0,3.0,26.0
1,17,2,2,767,,NIU,,1,1.0,33,1,23.0,,,
1,40,3,1,961,673.0,24,,4,1.0,2,1,29.0,13.0,12.0,9.0
1,18,2,2,460,,NIU,,1,1.0,28,9,7.0,,,
1,48,3,1,932,577.0,29,,1,1.0,3,6,29.0,22.0,10.0,18.0
1,33,1,1,1519,1455.0,19,35.0,1,1.0,22,8,3.0,7.0,8.0,29.0
1,31,1,1,1455,1454.0,22,38.0,2,1.0,10,11,13.0,12.0,1.0,22.0
1,30,2,2,1520,,NIU,,2,1.0,9,5,14.0,,,
1,34,1,2,1521,1453.0,20,39.0,1,1.0,15,2,27.0,7.0,3.0,14.0
1,18,2,2,1522,,NIU,,1,1.0,25,5,22.0,,,
1,24,2,2,2315,,NIU,,1,1.0,17,9,7.0,,,
2,43,1,1,389,429.0,34,45.0,1,1.0,20,2,28.0,17.0,1.0,29.0
1,48,2,2,388,,NIU,,1,1.0,6,12,1.0,,,
1,19,2,2,480,,NIU,,1,1.0,27,3,8.0,,,
1,32,1,1,564,62.0,30,41.0,1,1.0,22,3,9.0,25.0,6.0,21.0
1,41,1,1,1402,833.0,19,53.0,1,1.0,12,10,29.0,15.0,2.0,13.0
1,49,1,1,803,491.0,19,59.0,1,1.0,6,7,17.0,31.0,10.0,16.0
2,35,1,1,24,513.0,26,38.0,1,1.0,7,8,15.0,17.0,9.0,16.0
1,41,1,1,979,674.0,14,59.0,5,1.0,12,9,4.0,23.0,3.0,20.0
1,29,1,1,1601,1452.0,27,29.0,1,1.0,34,1,3.0,25.0,3.0,5.0
1,44,1,1,790,52.0,22,51.0,1,1.0,16,1,11.0,18.0,1.0,1.0
2,37,1,1,1111,406.0,25,40.0,1,1.0,13,2,14.0,16.0,10.0,7.0
1,34,1,1,1602,1451.0,25,39.0,1,1.0,15,5,11.0,17.0,4.0,24.0
1,45,1,1,1403,834.0,21,52.0,1,1.0,4,9,23.0,27.0,3.0,27.0
2,42,1,1,1404,803.0,23,62.0,1,2.0,14,9,27.0,22.0,12.0,5.0
1,44,1,1,770,51.0,19,47.0,5,3.0,16,6,22.0,27.0,9.0,16.0
1,25,2,2,406,,NIU,,1,1.0,29,9,22.0,,,
1,24,2,2,90,,NIU,,1,1.0,17,1,29.0,,,
1,44,1,1,842,97.0,28,45.0,2,1.0,16,7,11.0,13.0,5.0,12.0
2,24,1,1,479,327.0,18,27.0,1,1.0,17,8,14.0,10.0,3.0,2.0
1,27,2,2,2,,NIU,,1,1.0,19,3,15.0,,,
2,28,2,2,139,,NIU,,1,1.0,19,2,8.0,,,
1,27,1,1,220,104.0,20,36.0,1,1.0,30,5,22.0,8.0,8.0,18.0
1,18,2,2,98,,NIU,,1,1.0,25,2,5.0,,,
2,17,2,2,456,,NIU,,4,1.0,33,1,21.0,,,
2,39,1,1,2316,1511.0,16,44.0,3,,24,9,2.0,15.0,9.0,6.0
1,44,2,2,769,,NIU,,1,1.0,16,5,25.0,,,
2,23,2,2,111,,NIU,,1,1.0,17,9,14.0,,,
1,37,1,1,1423,811.0,33,37.0,1,1.0,13,2,28.0,11.0,1.0,8.0
1,48,1,1,199,118.0,22,48.0,1,1.0,3,4,4.0,27.0,5.0,17.0
1,31,1,1,1380,812.0,26,34.0,2,1.0,18,4,5.0,3.0,1.0,26.0
2,40,2,2,198,,NIU,,1,1.0,2,6,22.0,,,
2,29,1,1,2298,1501.0,22,35.0,1,5.0,34,9,25.0,10.0,7.0,10.0
1,33,1,1,275,186.0,20,37.0,1,1.0,22,10,26.0,5.0,8.0,3.0
1,18,2,2,40,,NIU,,1,1.0,25,11,17.0,,,
1,28,2,2,21,,NIU,,2,1.0,19,11,28.0,,,
2,18,2,2,968,,NIU,,1,1.0,28,12,11.0,,,
2,33,3,1,733,424.0,24,,1,1.0,15,3,5.0,17.0,3.0,22.0
2,32,1,1,1063,641.0,24,37.0,1,1.0,22,3,16.0,17.0,11.0,9.0
1,36,1,1,1634,813.0,24,33.0,1,1.0,5,1,28.0,16.0,2.0,24.0
1,19,1,1,612,294.0,13,21.0,5,3.0,28,6,2.0,10.0,2.0,20.0
2,30,1,1,1438,1016.0,20,44.0,1,1.0,9,9,28.0,4.0,12.0,17.0
1,43,2,2,1354,,NIU,,1,1.0,16,4,8.0,,,
2,16,2,2,1662,,NIU,,1,1.0,32,11,23.0,,,
2,18,2,2,1083,,NIU,,1,1.0,25,8,9.0,,,
1,27,2,2,449,,NIU,,1,1.0,30,9,21.0,,,
2,49,1,1,1355,831.0,21,53.0,2,1.0,6,6,19.0,29.0,12.0,1.0
1,31,2,2,1356,,NIU,,1,1.0,10,5,7.0,,,
2,32,2,2,948,,NIU,,2,1.0,22,3,20.0,,,
1,35,1,1,755,524.0,21,38.0,1,1.0,7,10,26.0,7.0,1.0,4.0
1,29,1,1,2297,1500.0,24,33.0,1,1.0,34,9,14.0,3.0,11.0,28.0
1,22,2,2,2296,,NIU,,1,1.0,23,7,25.0,,,
1,46,1,1,1570,1457.0,19,51.0,1,1.0,4,10,11.0,23.0,3.0,16.0
1,42,1,1,1726,1411.0,19,44.0,1,1.0,14,5,4.0,15.0,9.0,1.0
2,46,1,1,914,439.0,21,51.0,1,1.0,8,3,15.0,19.0,12.0,29.0
2,31,1,1,2302,317.0,21,41.0,4,1.0,18,4,31.0,4.0,10.0,7.0
1,28,1,1,377,1456.0,26,28.0,1,1.0,19,6,4.0,25.0,11.0,31.0
2,43,1,1,574,263.0,18,46.0,1,1.0,20,5,1.0,27.0,4.0,19.0
2,45,1,1,493,309.0,21,48.0,1,1.0,11,5,29.0,14.0,5.0,21.0
2,24,2,1,716,,NIU,,2,2.0,29,3,10.0,,,
1,49,1,1,803,491.0,19,59.0,1,1.0,6,7,17.0,31.0,10.0,16.0
1,35,1,1,1322,536.0,25,34.0,2,1.0,7,9,8.0,4.0,3.0,14.0
1,38,1,1,2301,1499.0,27,39.0,1,1.0,1,8,18.0,20.0,1.0,9.0
1,38,2,2,980,,NIU,,1,1.0,1,11,27.0,,,
1,24,2,2,910,,NIU,,1,1.0,17,4,26.0,,,
1,39,1,1,2300,1498.0,25,43.0,1,1.0,24,5,27.0,7.0,4.0,26.0
1,44,1,1,494,310.0,21,46.0,1,1.0,16,6,10.0,24.0,9.0,8.0
1,15,2,2,457,,NIU,,1,1.0,32,3,14.0,,,
2,42,1,1,747,52.0,21,48.0,2,1.0,14,8,1.0,18.0,1.0,1.0
1,40,1,2,2299,1497.0,22,40.0,1,1.0,2,8,18.0,1.0,7.0,4.0
1,34,2,2,225,,NIU,,1,1.0,15,2,5.0,,,
2,37,1,1,746,661.0,23,38.0,1,1.0,1,12,7.0,7.0,1.0,13.0
1,24,2,2,197,,NIU,,1,1.0,17,1,20.0,,,
1,45,1,1,315,441.0,19,48.0,1,1.0,11,1,5.0,27.0,4.0,24.0
1,28,2,2,21,,NIU,,2,1.0,19,11,28.0,,,
2,44,1,1,495,311.0,22,48.0,1,1.0,16,2,7.0,15.0,5.0,3.0
1,27,2,2,734,,NIU,,1,1.0,19,4,18.0,,,
1,35,1,1,1307,805.0,26,38.0,1,1.0,7,4,29.0,12.0,9.0,9.0
2,19,2,2,528,,NIU,,2,1.0,28,8,9.0,,,
2,42,1,1,35,676.0,18,45.0,1,1.0,14,8,2.0,14.0,5.0,29.0
1,45,1,1,719,522.0,24,47.0,1,1.0,4,12,7.0,18.0,9.0,6.0
1,29,1,1,2280,1532.0,27,33.0,1,1.0,34,1,8.0,28.0,6.0,9.0
1,22,2,2,217,,NIU,,1,1.0,23,9,30.0,,,
2,23,1,1,1308,806.0,21,24.0,1,1.0,31,4,15.0,25.0,3.0,8.0
1,34,1,1,221,1423.0,24,37.0,1,1.0,15,9,5.0,17.0,1.0,19.0
2,32,3,1,2279,1531.0,26,,1,1.0,22,4,14.0,10.0,5.0,27.0
1,48,1,1,27,18.0,27,52.0,1,1.0,3,1,21.0,2.0,5.0,9.0
1,37,1,1,998,677.0,18,46.0,1,1.0,1,12,16.0,2.0,11.0,2.0
2,38,1,1,81,185.0,15,45.0,1,1.0,1,2,19.0,24.0,10.0,1.0
2,21,2,2,295,,NIU,,1,1.0,21,5,12.0,,,
1,36,1,1,219,113.0,16,41.0,1,1.0,5,8,28.0,2.0,7.0,1.0
2,47,1,1,186,73.0,18,58.0,1,1.0,8,2,29.0,30.0,11.0,3.0
1,24,2,2,1357,,NIU,,1,1.0,29,12,18.0,,,
2,29,2,2,702,,NIU,,1,1.0,9,3,11.0,,,
2,46,1,1,38,77.0,23,50.0,1,1.0,4,6,6.0,24.0,6.0,24.0
1,49,2,2,126,,NIU,,1,1.0,6,4,24.0,,,
1,49,1,1,93,551.0,28,54.0,1,1.0,36,4,8.0,18.0,5.0,27.0
2,28,1,1,1725,1394.0,25,28.0,1,1.0,19,8,21.0,25.0,6.0,6.0
1,33,1,1,63,36.0,21,39.0,1,1.0,22,4,29.0,20.0,8.0,10.0
1,41,1,1,74,168.0,20,46.0,1,1.0,12,8,22.0,18.0,1.0,13.0
1,44,3,2,529,250.0,20,,1,1.0,11,3,24.0,14.0,4.0,28.0
1,28,1,1,596,279.0,21,28.0,1,1.0,19,7,9.0,8.0,2.0,29.0
1,42,2,2,10,,NIU,,1,1.0,14,7,7.0,,,
2,35,2,2,1309,,NIU,,1,1.0,7,9,7.0,,,
2,47,3,1,355,165.0,17,,1,1.0,3,4,17.0,31.0,8.0,17.0
2,37,1,1,344,191.0,22,50.0,4,1.0,13,11,28.0,9.0,2.0,16.0
1,45,1,1,982,705.0,32,47.0,1,1.0,11,6,14.0,5.0,11.0,15.0
1,48,1,2,692,407.0,43,49.0,1,1.0,3,10,27.0,3.0,2.0,7.0
1,44,1,1,251,115.0,26,45.0,1,1.0,16,9,16.0,1.0,12.0,24.0
1,20,2,2,1021,,NIU,,1,1.0,27,8,8.0,,,
1,39,1,1,79,98.0,18,43.0,5,1.0,24,6,7.0,18.0,2.0,4.0
1,43,2,2,1717,,NIU,,1,1.0,20,7,4.0,,,
2,32,1,1,1070,64.0,30,44.0,1,1.0,22,3,29.0,25.0,4.0,12.0
1,39,1,1,52,124.0,19,44.0,1,1.0,24,7,21.0,22.0,6.0,27.0
2,17,1,1,924,549.0,16,39.0,2,1.0,25,12,9.0,28.0,10.0,4.0
2,48,1,1,250,127.0,29,48.0,1,1.0,3,8,25.0,1.0,6.0,14.0
2,47,3,1,355,165.0,17,,1,1.0,3,4,17.0,31.0,8.0,17.0
1,35,1,1,1326,1391.0,29,37.0,1,1.0,7,7,10.0,10.0,8.0,21.0
1,44,1,1,308,787.0,21,46.0,3,,16,2,10.0,24.0,2.0,3.0
1,39,1,1,226,218.0,18,38.0,1,1.0,24,7,6.0,2.0,4.0,9.0
1,38,3,1,110,49.0,21,,1,1.0,1,6,22.0,21.0,3.0,6.0
2,24,2,2,462,,NIU,,1,1.0,17,10,9.0,,,
1,37,1,1,51,187.0,22,53.0,1,1.0,1,3,21.0,9.0,1.0,11.0
1,38,1,2,1718,1372.0,30,38.0,1,1.0,1,10,15.0,12.0,7.0,13.0
2,49,1,1,703,1031.0,20,53.0,1,1.0,6,8,25.0,30.0,7.0,11.0
1,24,2,2,197,,NIU,,1,1.0,17,1,20.0,,,
2,37,1,1,2284,1574.0,34,34.0,1,1.0,13,2,6.0,6.0,10.0,21.0
1,15,2,2,16,,NIU,,1,1.0,35,10,11.0,,,
2,36,1,1,846,397.0,24,39.0,1,1.0,5,9,16.0,20.0,4.0,6.0
1,33,1,1,2283,1573.0,28,33.0,1,1.0,15,12,15.0,3.0,1.0,30.0
1,37,1,1,2282,1572.0,28,40.0,1,1.0,13,1,12.0,12.0,1.0,6.0
1,41,1,1,127,31.0,18,43.0,1,1.0,12,2,8.0,15.0,4.0,1.0
1,17,2,2,1072,,NIU,,4,4.0,33,7,22.0,,,
1,35,3,2,1066,709.0,28,,2,2.0,7,6,25.0,8.0,8.0,9.0
1,31,1,1,1719,1397.0,25,31.0,2,2.0,10,1,10.0,3.0,9.0,15.0
1,37,1,1,1303,927.0,21,43.0,1,1.0,13,7,12.0,13.0,12.0,11.0
2,42,1,1,565,349.0,24,53.0,1,1.0,14,10,20.0,1.0,2.0,13.0
2,21,2,2,150,,NIU,,1,1.0,21,10,24.0,,,
1,40,1,1,50,253.0,20,41.0,1,1.0,2,2,17.0,2.0,8.0,7.0
1,32,1,1,1720,252.0,26,35.0,1,1.0,18,6,4.0,10.0,5.0,1.0
2,49,1,1,2281,1561.0,20,53.0,1,1.0,6,7,8.0,30.0,11.0,9.0
1,15,2,2,559,,NIU,,1,1.0,35,6,24.0,,,
1,20,1,2,19,54.0,19,21.0,1,1.0,27,9,14.0,26.0,9.0,10.0
2,49,1,1,527,13.0,18,56.0,1,1.0,6,11,3.0,31.0,9.0,10.0
1,33,1,1,63,36.0,21,39.0,1,1.0,22,4,29.0,20.0,8.0,10.0
2,23,2,2,557,,NIU,,3,,31,7,15.0,,,
2,22,3,1,1030,703.0,14,,1,1.0,23,9,18.0,8.0,7.0,8.0
2,43,1,1,1264,773.0,23,44.0,1,1.0,20,2,6.0,2.0,3.0,31.0
1,24,2,2,497,,NIU,,1,1.0,17,7,24.0,,,
2,16,2,2,174,,NIU,,1,1.0,33,3,23.0,,,
1,29,1,1,1265,160.0,26,28.0,1,1.0,34,2,28.0,6.0,1.0,9.0
1,22,2,2,1266,,NIU,,1,1.0,23,10,19.0,,,
1,38,1,2,103,45.0,25,37.0,1,1.0,1,8,5.0,5.0,10.0,9.0
2,37,1,1,14,2.0,18,43.0,1,1.0,13,10,14.0,1.0,9.0,5.0
1,25,1,1,2263,1560.0,21,29.0,1,1.0,26,3,6.0,11.0,2.0,27.0
1,46,2,2,252,,NIU,,1,1.0,4,9,22.0,,,
2,35,1,1,28,1.0,20,45.0,1,1.0,5,3,27.0,9.0,2.0,1.0
1,20,1,2,19,54.0,19,21.0,1,1.0,27,9,14.0,26.0,9.0,10.0
1,20,2,2,137,,NIU,,1,1.0,21,9,12.0,,,
1,22,2,2,171,,NIU,,1,1.0,31,12,8.0,,,
1,36,1,1,140,302.0,23,39.0,1,1.0,13,12,3.0,5.0,2.0,6.0
2,39,3,2,639,404.0,29,,1,1.0,24,5,13.0,4.0,11.0,17.0
1,19,2,2,104,,NIU,,1,1.0,27,4,22.0,,,
1,49,1,1,533,704.0,26,49.0,1,1.0,36,4,2.0,24.0,2.0,28.0
1,26,1,1,534,264.0,20,26.0,1,1.0,26,10,2.0,3.0,4.0,5.0
2,47,1,1,173,96.0,21,53.0,1,1.0,8,10,26.0,19.0,2.0,30.0
1,32,1,1,1267,774.0,27,35.0,1,1.0,18,10,13.0,3.0,11.0,15.0
2,49,1,1,349,174.0,17,52.0,1,1.0,6,1,27.0,32.0,7.0,26.0
1,28,1,1,172,775.0,26,29.0,1,1.0,19,11,30.0,28.0,5.0,28.0
1,35,1,1,24,286.0,28,35.0,3,,7,8,15.0,8.0,3.0,30.0
1,36,1,1,787,401.0,22,42.0,1,1.0,5,11,17.0,5.0,1.0,30.0
1,47,1,1,23,20.0,26,47.0,2,1.0,8,8,11.0,18.0,5.0,7.0
2,30,1,1,1779,647.0,18,35.0,1,1.0,10,12,1.0,16.0,4.0,20.0
1,41,1,1,83,316.0,22,42.0,1,2.0,12,7,15.0,22.0,5.0,5.0
1,35,1,1,757,1559.0,26,37.0,1,1.0,7,9,12.0,12.0,10.0,9.0
2,24,3,1,277,216.0,20,,1,1.0,17,8,3.0,6.0,6.0,20.0
1,44,1,2,1807,1396.0,38,47.0,1,1.0,16,4,14.0,3.0,5.0,27.0
1,23,2,2,381,,NIU,,1,1.0,17,3,24.0,,,
1,35,1,1,24,286.0,28,35.0,3,,7,8,15.0,8.0,3.0,30.0
2,32,2,2,285,,NIU,,1,1.0,18,6,22.0,,,
2,27,3,2,1103,281.0,22,,1,1.0,19,12,30.0,3.0,1.0,24.0
1,17,2,2,201,,NIU,,1,1.0,33,4,27.0,,,
2,31,2,2,693,,NIU,,1,1.0,10,2,10.0,,,
1,45,3,1,1829,1395.0,36,,1,1.0,4,12,31.0,17.0,1.0,5.0
1,44,1,1,39,592.0,20,45.0,1,1.0,11,4,9.0,14.0,2.0,29.0
2,22,2,2,9,,NIU,,1,1.0,23,5,23.0,,,
1,33,1,1,665,262.0,20,41.0,1,1.0,15,12,28.0,5.0,6.0,13.0
2,36,1,1,400,169.0,16,37.0,1,1.0,5,6,18.0,2.0,5.0,28.0
2,44,1,1,328,173.0,24,60.0,2,1.0,16,8,7.0,2.0,2.0,12.0
1,35,2,2,750,,NIU,,1,1.0,5,3,9.0,,,
1,49,1,1,1214,1335.0,19,51.0,4,1.0,6,1,10.0,31.0,8.0,11.0
2,25,2,2,664,,NIU,,2,2.0,29,1,9.0,,,
1,22,2,2,1866,,NIU,,1,1.0,31,12,11.0,,,
2,33,1,1,1215,1595.0,23,36.0,1,1.0,22,11,4.0,17.0,9.0,2.0
1,23,1,2,1033,267.0,19,26.0,1,1.0,31,10,28.0,11.0,3.0,29.0
2,34,1,2,532,260.0,24,34.0,1,1.0,15,10,19.0,4.0,10.0,24.0
2,45,1,1,2265,1594.0,22,45.0,1,1.0,11,7,13.0,24.0,5.0,22.0
1,20,1,2,726,443.0,19,25.0,1,1.0,27,10,7.0,26.0,9.0,28.0
2,34,2,2,1778,,NIU,,1,1.0,15,4,27.0,,,
1,46,1,1,99,388.0,27,47.0,3,,4,5,28.0,22.0,1.0,14.0
1,38,2,2,1,,NIU,,1,1.0,1,1,25.0,,,
1,26,2,2,1032,,NIU,,1,1.0,26,8,17.0,,,
2,29,1,1,2264,170.0,21,29.0,1,1.0,34,2,10.0,12.0,12.0,12.0
1,30,2,2,1263,,NIU,,2,1.0,9,1,27.0,,,
1,39,1,1,1031,723.0,25,40.0,1,1.0,24,6,25.0,7.0,8.0,28.0
2,25,1,1,2266,1360.0,19,31.0,1,1.0,26,3,4.0,10.0,1.0,15.0
2,22,2,2,288,,NIU,,2,1.0,23,9,25.0,,,
1,33,1,2,100,93.0,26,39.0,1,1.0,22,5,23.0,8.0,4.0,15.0
1,32,1,1,546,266.0,18,42.0,1,1.0,18,8,21.0,7.0,9.0,7.0
1,17,2,2,654,,NIU,,1,1.0,33,2,27.0,,,
2,15,2,2,16,,NIU,,1,1.0,35,10,11.0,,,
1,23,2,2,1044,,NIU,,1,1.0,31,1,21.0,,,
2,21,2,2,145,,NIU,,2,1.0,21,8,24.0,,,
1,34,1,1,238,1359.0,18,41.0,4,1.0,15,7,25.0,13.0,10.0,12.0
2,28,2,2,1013,,NIU,,1,1.0,19,1,24.0,,,
1,43,1,1,1198,783.0,25,42.0,1,1.0,20,10,13.0,1.0,2.0,16.0
1,42,1,1,35,60.0,21,42.0,1,1.0,14,8,2.0,18.0,2.0,19.0
1,15,2,2,940,,NIU,,1,1.0,35,1,4.0,,,
1,36,1,1,371,226.0,29,37.0,1,1.0,13,12,16.0,8.0,12.0,6.0
2,19,2,2,61,,NIU,,1,1.0,27,4,3.0,,,
1,30,1,2,459,304.0,23,36.0,1,1.0,9,6,20.0,8.0,11.0,18.0
2,45,1,1,332,721.0,30,44.0,1,1.0,11,5,17.0,9.0,3.0,30.0
2,32,1,1,66,15.0,19,39.0,4,1.0,18,2,22.0,5.0,2.0,29.0
1,45,1,1,1199,780.0,20,52.0,1,1.0,11,5,20.0,14.0,9.0,1.0
2,34,1,1,221,394.0,25,41.0,1,1.0,15,9,5.0,12.0,8.0,7.0
2,23,2,2,1064,,NIU,,1,1.0,31,6,22.0,,,
2,48,1,1,1883,1343.0,15,51.0,5,3.0,3,7,14.0,33.0,7.0,3.0
2,43,1,1,653,393.0,18,43.0,1,1.0,20,1,1.0,14.0,1.0,31.0
1,45,1,1,363,781.0,18,48.0,1,1.0,11,10,28.0,19.0,6.0,25.0
1,24,2,2,90,,NIU,,1,1.0,17,1,29.0,,,
2,25,2,2,664,,NIU,,2,2.0,29,1,9.0,,,
1,39,1,1,26,28.0,26,38.0,1,,2,3,24.0,5.0,5.0,18.0
1,41,1,1,652,390.0,21,43.0,4,4.0,12,6,7.0,2.0,4.0,20.0
1,18,2,2,1200,,NIU,,1,1.0,25,7,26.0,,,
2,48,1,1,549,94.0,32,56.0,3,1.0,6,3,4.0,13.0,9.0,24.0
1,38,1,1,666,389.0,22,45.0,1,1.0,1,10,18.0,13.0,12.0,4.0
1,23,2,2,1047,,NIU,,1,1.0,31,10,6.0,,,
2,28,3,1,1828,1032.0,22,,1,1.0,19,9,20.0,3.0,7.0,3.0
1,35,2,2,750,,NIU,,1,1.0,5,3,9.0,,,
1,38,1,2,6,3.0,31,37.0,1,1.0,1,11,10.0,10.0,5.0,30.0
1,36,1,1,1890,771.0,25,38.0,1,1.0,13,4,31.0,20.0,5.0,21.0
1,16,2,2,543,,NIU,,1,1.0,33,12,29.0,,,
1,27,2,2,544,,NIU,,1,1.0,30,1,15.0,,,
1,28,1,1,172,775.0,26,29.0,1,1.0,19,11,30.0,28.0,5.0,28.0
2,38,1,1,1078,177.0,25,46.0,1,1.0,1,1,10.0,5.0,3.0,10.0
2,40,1,1,638,276.0,36,35.0,1,1.0,12,12,20.0,11.0,6.0,15.0
1,34,1,1,1074,702.0,30,40.0,1,1.0,15,5,27.0,11.0,11.0,19.0
1,33,1,2,100,93.0,26,39.0,1,1.0,22,5,23.0,8.0,4.0,15.0
1,48,3,1,1125,1013.0,24,,1,1.0,3,1,28.0,14.0,3.0,19.0
2,28,2,2,139,,NIU,,1,1.0,19,2,8.0,,,
2,21,2,2,2268,,NIU,,1,1.0,21,7,8.0,,,
1,34,1,1,1840,1310.0,28,35.0,1,1.0,15,11,16.0,3.0,9.0,11.0
1,45,1,1,1841,1327.0,31,50.0,1,1.0,4,4,13.0,7.0,1.0,10.0
1,17,2,2,146,,NIU,,1,1.0,33,4,4.0,,,
2,32,1,1,2267,408.0,25,31.0,1,1.0,22,12,21.0,8.0,1.0,5.0
1,38,2,2,1,,NIU,,1,1.0,1,1,25.0,,,
2,40,1,1,46,277.0,17,45.0,1,1.0,2,8,12.0,24.0,3.0,15.0
1,33,1,2,545,274.0,26,44.0,1,1.0,15,12,22.0,8.0,2.0,24.0
1,15,2,2,94,,NIU,,1,1.0,35,7,10.0,,,
1,48,1,2,692,407.0,43,49.0,1,1.0,3,10,27.0,3.0,2.0,7.0
1,40,1,1,333,91.0,29,45.0,1,1.0,2,5,30.0,20.0,1.0,23.0
2,23,2,2,474,,NIU,,1,1.0,31,2,27.0,,,
1,26,1,1,1882,1326.0,18,33.0,1,1.0,30,12,18.0,12.0,10.0,27.0
1,20,2,2,662,,NIU,,1,1.0,27,8,6.0,,,
1,37,2,2,310,,NIU,,1,1.0,13,5,16.0,,,
2,34,1,1,238,160.0,30,33.0,2,1.0,15,7,25.0,6.0,1.0,9.0
2,32,2,2,394,,NIU,,1,1.0,18,10,10.0,,,
1,25,2,2,216,,NIU,,1,1.0,29,5,2.0,,,
2,35,1,1,29,1325.0,27,39.0,1,1.0,7,8,18.0,12.0,1.0,8.0
1,45,1,1,363,781.0,18,48.0,1,1.0,11,10,28.0,19.0,6.0,25.0
1,37,1,1,17,275.0,20,38.0,1,1.0,1,3,6.0,21.0,1.0,3.0
1,33,1,1,63,36.0,21,39.0,1,1.0,22,4,29.0,20.0,8.0,10.0
2,36,1,1,147,1324.0,26,43.0,1,1.0,5,1,31.0,4.0,12.0,3.0
2,18,2,2,152,,NIU,,1,1.0,28,12,22.0,,,
1,45,3,1,246,133.0,22,,1,1.0,4,3,25.0,24.0,2.0,20.0
2,23,2,2,56,,NIU,,1,1.0,17,3,8.0,,,
1,49,1,1,567,244.0,26,46.0,1,1.0,6,5,4.0,24.0,7.0,15.0
2,15,2,2,1903,,NIU,,5,3.0,32,3,6.0,,,
1,21,2,2,1173,,NIU,,1,1.0,21,8,7.0,,,
2,19,2,2,1352,,NIU,,2,1.0,28,4,2.0,,,
1,34,1,1,32,772.0,24,34.0,1,1.0,15,1,24.0,4.0,3.0,4.0
1,35,1,1,5,7.0,22,40.0,1,1.0,7,1,2.0,5.0,10.0,22.0
2,38,1,1,572,290.0,24,41.0,1,1.0,1,10,11.0,7.0,5.0,28.0
1,37,1,1,2278,1631.0,30,44.0,1,1.0,13,2,3.0,8.0,3.0,12.0
1,22,2,2,1904,,NIU,,1,1.0,23,7,19.0,,,
2,44,1,1,1905,1323.0,19,55.0,1,1.0,16,8,1.0,27.0,12.0,13.0
1,31,1,1,25,11.0,25,36.0,1,1.0,10,2,3.0,3.0,4.0,10.0
2,36,1,2,628,40.0,16,49.0,1,1.0,13,3,30.0,2.0,4.0,8.0
2,41,1,1,1933,1322.0,21,43.0,1,1.0,14,4,30.0,2.0,9.0,25.0
2,34,1,1,442,365.0,24,43.0,1,1.0,15,11,29.0,17.0,6.0,19.0
1,46,1,1,20,132.0,34,42.0,1,1.0,4,11,3.0,20.0,4.0,29.0
2,38,3,1,627,396.0,19,,1,1.0,1,10,2.0,22.0,1.0,12.0
2,39,1,1,563,1321.0,28,37.0,1,1.0,24,11,8.0,4.0,1.0,5.0
2,46,1,1,1934,1320.0,17,55.0,1,1.0,4,5,14.0,30.0,1.0,18.0
2,39,1,1,1935,1319.0,25,46.0,1,2.0,2,12,3.0,7.0,1.0,11.0
1,24,2,2,143,,NIU,,1,1.0,17,2,25.0,,,
2,35,1,1,29,1325.0,27,39.0,1,1.0,7,8,18.0,12.0,1.0,8.0
2,39,2,1,647,,NIU,,3,1.0,24,5,16.0,,,
1,47,1,2,64,29.0,26,50.0,1,1.0,8,4,6.0,2.0,1.0,27.0
1,24,2,2,1023,,NIU,,1,1.0,17,1,27.0,,,
1,45,1,1,1585,1099.0,38,45.0,1,1.0,11,10,7.0,8.0,8.0,3.0
1,28,1,1,131,61.0,25,28.0,1,1.0,19,9,11.0,25.0,1.0,7.0
1,35,1,1,24,286.0,28,35.0,3,,7,8,15.0,8.0,3.0,30.0
1,36,2,2,626,,NIU,,1,1.0,5,9,23.0,,,
2,48,1,1,346,682.0,21,54.0,1,1.0,3,6,7.0,23.0,12.0,4.0
1,42,3,1,10,271.0,23,,1,1.0,14,7,7.0,1.0,4.0,5.0
1,31,2,2,1356,,NIU,,1,1.0,10,5,7.0,,,
2,34,2,2,1778,,NIU,,1,1.0,15,4,27.0,,,
2,23,2,2,473,,NIU,,1,1.0,31,8,24.0,,,
2,33,1,1,2277,1274.0,27,31.0,1,1.0,22,1,29.0,10.0,8.0,12.0
2,33,1,1,2276,1654.0,17,41.0,1,1.0,15,12,2.0,13.0,1.0,9.0
2,15,1,2,365,198.0,15,23.0,5,1.0,35,8,24.0,26.0,9.0,12.0
1,49,1,1,97,270.0,25,49.0,1,1.0,6,1,28.0,24.0,1.0,9.0
2,42,3,1,190,105.0,19,,1,1.0,14,1,31.0,24.0,10.0,18.0
1,20,2,2,575,,NIU,,4,4.0,21,4,30.0,,,
1,45,1,1,2252,1298.0,30,45.0,1,1.0,11,9,24.0,7.0,1.0,18.0
1,18,2,2,40,,NIU,,1,1.0,25,11,17.0,,,
2,32,1,1,66,15.0,19,39.0,4,1.0,18,2,22.0,5.0,2.0,29.0
2,15,2,2,530,,NIU,,1,1.0,32,3,23.0,,,
2,45,1,1,576,683.0,21,48.0,1,1.0,11,5,3.0,14.0,8.0,6.0
1,33,1,1,15,67.0,23,32.0,1,1.0,22,2,24.0,17.0,6.0,25.0
2,45,1,1,1100,684.0,17,49.0,1,1.0,4,12,18.0,29.0,3.0,24.0
1,40,1,1,2251,1644.0,22,45.0,1,1.0,2,9,12.0,1.0,2.0,6.0
1,30,1,2,459,304.0,23,36.0,1,1.0,9,6,20.0,8.0,11.0,18.0
1,37,1,1,1135,798.0,24,38.0,1,1.0,1,4,4.0,5.0,5.0,4.0
1,27,1,1,2250,1643.0,22,29.0,1,1.0,30,5,27.0,3.0,10.0,30.0
1,31,2,2,134,,NIU,,1,1.0,10,2,6.0,,,
1,43,1,1,389,1297.0,35,43.0,1,1.0,20,2,28.0,12.0,12.0,25.0
1,18,2,2,2249,,NIU,,1,1.0,25,6,26.0,,,
1,49,3,1,13,8.0,27,,1,1.0,36,3,9.0,15.0,1.0,28.0
1,26,2,2,227,,NIU,,2,1.0,26,11,8.0,,,
1,41,1,1,784,412.0,18,44.0,1,1.0,12,7,19.0,24.0,10.0,25.0
1,44,1,1,141,120.0,24,47.0,1,1.0,16,5,28.0,2.0,2.0,8.0
2,45,1,1,577,688.0,19,52.0,1,1.0,4,4,5.0,23.0,11.0,9.0
1,43,1,1,620,273.0,15,57.0,1,1.0,20,11,9.0,23.0,6.0,23.0
2,39,1,1,563,1321.0,28,37.0,1,1.0,24,11,8.0,4.0,1.0,5.0
1,37,1,1,1502,1296.0,25,37.0,1,1.0,13,7,23.0,20.0,6.0,12.0
2,40,1,1,2248,1642.0,34,46.0,1,1.0,2,1,16.0,3.0,5.0,20.0
1,24,2,2,337,,NIU,,1,1.0,17,1,8.0,,,
1,39,1,1,763,482.0,19,46.0,1,1.0,24,6,18.0,2.0,5.0,13.0
2,44,1,1,2247,1641.0,20,46.0,1,1.0,16,10,13.0,14.0,1.0,27.0
2,49,1,1,527,13.0,18,56.0,1,1.0,6,11,3.0,31.0,9.0,10.0
1,17,2,2,301,,NIU,,1,1.0,33,1,18.0,,,
1,36,1,2,323,195.0,32,43.0,1,1.0,5,8,8.0,11.0,2.0,10.0
1,39,2,2,1117,,NIU,,1,1.0,24,2,31.0,,,
1,42,3,1,8,6.0,20,,2,1.0,14,10,30.0,15.0,2.0,28.0
2,29,1,1,1116,799.0,20,37.0,1,1.0,34,6,28.0,17.0,8.0,29.0
2,32,1,1,1105,170.0,25,31.0,1,1.0,22,4,16.0,12.0,12.0,12.0
2,31,1,1,1115,272.0,24,31.0,1,1.0,10,7,15.0,10.0,9.0,24.0
1,28,1,1,1137,814.0,28,31.0,1,1.0,19,11,6.0,26.0,2.0,30.0
2,21,2,2,295,,NIU,,1,1.0,21,5,12.0,,,
2,33,1,1,1503,1280.0,24,48.0,1,1.0,22,1,22.0,17.0,10.0,9.0
1,37,1,1,51,187.0,22,53.0,1,1.0,1,3,21.0,9.0,1.0,11.0
1,48,1,1,593,80.0,21,53.0,1,1.0,3,6,11.0,23.0,1.0,1.0
1,31,1,1,25,11.0,25,36.0,1,1.0,10,2,3.0,3.0,4.0,10.0
1,32,1,1,1857,1393.0,22,37.0,1,1.0,18,10,4.0,4.0,1.0,22.0
1,34,1,1,1504,1659.0,30,35.0,1,1.0,15,10,10.0,11.0,2.0,22.0
2,36,1,1,1138,815.0,20,36.0,1,1.0,5,8,2.0,13.0,7.0,25.0
2,34,1,1,1114,423.0,20,41.0,1,1.0,15,11,21.0,7.0,3.0,28.0
2,47,3,1,355,165.0,17,,1,1.0,3,4,17.0,31.0,8.0,17.0
1,16,2,2,124,,NIU,,1,1.0,32,8,7.0,,,
1,21,1,2,4,4.0,21,33.0,1,1.0,21,6,14.0,26.0,6.0,13.0
1,31,1,1,45,26.0,26,33.0,1,1.0,10,1,14.0,11.0,5.0,5.0
1,35,1,1,265,422.0,27,37.0,1,1.0,7,7,16.0,12.0,11.0,27.0
1,48,1,1,478,24.0,27,50.0,1,1.0,3,2,12.0,2.0,9.0,20.0
1,37,1,1,2260,1658.0,24,41.0,1,1.0,13,10,19.0,16.0,9.0,8.0
1,45,2,2,412,,NIU,,1,1.0,4,12,1.0,,,
1,31,2,2,134,,NIU,,1,1.0,10,2,6.0,,,
2,22,3,1,113,48.0,13,,5,3.0,23,10,1.0,12.0,6.0,24.0
1,25,2,2,1113,,NIU,,1,1.0,29,11,11.0,,,
2,49,1,1,594,678.0,18,54.0,1,1.0,36,3,19.0,33.0,12.0,11.0
2,40,1,1,182,89.0,21,44.0,1,1.0,2,1,11.0,1.0,6.0,5.0
1,49,3,1,1139,180.0,20,,1,1.0,6,11,29.0,30.0,3.0,3.0
1,26,2,2,256,,NIU,,1,1.0,26,8,6.0,,,
1,39,2,2,1112,,NIU,,1,1.0,2,12,29.0,,,
2,48,1,1,595,288.0,18,56.0,1,1.0,3,8,4.0,31.0,12.0,14.0
1,23,2,2,241,,NIU,,3,,17,12,8.0,,,
1,38,1,1,2259,1666.0,32,47.0,1,1.0,1,2,11.0,3.0,6.0,11.0
1,25,1,2,405,30.0,25,26.0,1,1.0,29,5,15.0,26.0,1.0,6.0
2,40,1,1,312,171.0,23,43.0,1,1.0,2,7,28.0,21.0,2.0,20.0
1,48,1,1,199,118.0,22,48.0,1,1.0,3,4,4.0,27.0,5.0,17.0
1,16,2,2,1102,,NIU,,1,1.0,32,7,28.0,,,
1,36,1,2,1101,283.0,23,43.0,1,1.0,5,1,15.0,16.0,6.0,1.0
1,41,2,2,264,,NIU,,1,1.0,12,10,22.0,,,
2,47,1,1,173,96.0,21,53.0,1,1.0,8,10,26.0,19.0,2.0,30.0
1,49,1,1,421,184.0,25,61.0,1,1.0,6,2,1.0,14.0,2.0,28.0
1,49,2,2,126,,NIU,,1,1.0,6,4,24.0,,,
1,24,1,1,1941,1258.0,23,25.0,1,1.0,29,3,19.0,25.0,12.0,15.0
1,41,1,1,1149,83.0,22,48.0,1,1.0,12,7,29.0,22.0,3.0,1.0
2,31,1,2,34,128.0,29,24.0,1,1.0,10,9,7.0,28.0,4.0,3.0
2,26,1,1,2261,1665.0,23,37.0,1,1.0,26,2,28.0,6.0,12.0,25.0
2,35,1,1,321,521.0,15,39.0,2,1.0,7,10,22.0,2.0,8.0,5.0
2,24,1,2,436,1695.0,24,28.0,1,1.0,29,4,20.0,26.0,8.0,25.0
1,41,3,1,1150,850.0,31,,1,1.0,12,1,20.0,17.0,7.0,14.0
2,18,2,2,76,,NIU,,4,4.0,25,4,13.0,,,
1,43,1,1,591,238.0,32,50.0,1,1.0,20,2,4.0,4.0,4.0,28.0
2,46,2,2,668,,NIU,,1,1.0,4,5,8.0,,,
2,39,1,1,47,194.0,22,49.0,1,1.0,24,4,18.0,21.0,11.0,1.0
2,47,1,1,184,13.0,16,51.0,1,1.0,8,1,2.0,31.0,9.0,10.0
1,20,1,2,622,453.0,18,41.0,1,1.0,27,7,18.0,28.0,9.0,4.0
1,20,2,2,57,,NIU,,1,1.0,27,8,28.0,,,
2,20,2,2,1942,,NIU,,1,1.0,27,9,22.0,,,
1,41,1,1,287,188.0,26,46.0,1,1.0,14,12,8.0,9.0,2.0,19.0
2,39,1,1,1151,94.0,22,42.0,3,,24,9,26.0,13.0,9.0,24.0
1,40,3,1,961,673.0,24,,4,1.0,2,1,29.0,13.0,12.0,9.0
1,46,1,1,592,239.0,22,51.0,1,1.0,8,12,6.0,14.0,8.0,15.0
1,27,2,2,2,,NIU,,1,1.0,19,3,15.0,,,
1,25,2,2,434,,NIU,,1,1.0,29,1,27.0,,,
2,44,1,1,495,311.0,22,48.0,1,1.0,16,2,7.0,15.0,5.0,3.0
2,33,3,1,733,424.0,24,,1,1.0,15,3,5.0,17.0,3.0,22.0
1,24,1,1,1169,655.0,21,26.0,1,1.0,17,10,28.0,6.0,2.0,25.0
1,40,1,1,208,114.0,23,41.0,1,1.0,12,3,22.0,1.0,11.0,5.0
1,46,1,1,914,866.0,19,49.0,1,1.0,8,3,15.0,23.0,6.0,20.0
1,26,2,2,227,,NIU,,2,1.0,26,11,8.0,,,
1,40,1,1,1120,714.0,28,41.0,1,1.0,2,11,24.0,16.0,2.0,17.0
2,18,2,2,2232,,NIU,,2,1.0,28,12,16.0,,,
1,17,2,2,586,,NIU,,3,,25,12,31.0,,,
2,15,2,2,1170,,NIU,,1,1.0,35,10,20.0,,,
2,40,1,1,1901,1255.0,30,48.0,1,1.0,12,12,19.0,4.0,6.0,13.0
2,19,2,2,423,,NIU,,1,1.0,28,6,23.0,,,
1,21,2,2,164,,NIU,,1,1.0,21,9,28.0,,,
1,48,1,1,553,345.0,31,60.0,1,1.0,3,2,27.0,13.0,7.0,6.0
1,38,1,1,666,389.0,22,45.0,1,1.0,1,10,18.0,13.0,12.0,4.0
1,37,1,1,352,627.0,25,37.0,1,1.0,13,9,12.0,20.0,9.0,9.0
1,42,3,1,8,6.0,20,,2,1.0,14,10,30.0,15.0,2.0,28.0
1,35,2,2,603,,NIU,,1,1.0,7,5,4.0,,,
1,19,2,2,245,,NIU,,1,1.0,28,8,6.0,,,
1,38,1,1,1902,1247.0,32,38.0,1,1.0,24,4,6.0,10.0,4.0,26.0
2,49,3,1,590,351.0,21,,2,1.0,6,7,13.0,23.0,6.0,16.0
1,15,2,2,266,,NIU,,1,1.0,35,7,25.0,,,
1,43,1,1,389,1297.0,35,43.0,1,1.0,20,2,28.0,12.0,12.0,25.0
1,37,1,1,153,74.0,21,36.0,1,1.0,13,4,7.0,9.0,10.0,25.0
1,24,2,2,443,,NIU,,1,1.0,17,8,7.0,,,
1,30,1,1,863,860.0,24,32.0,1,1.0,9,1,31.0,3.0,4.0,28.0
2,42,2,1,862,,NIU,,1,1.0,14,6,7.0,,,
1,33,1,1,194,246.0,23,40.0,1,1.0,22,11,19.0,4.0,2.0,12.0
2,24,1,1,868,1709.0,19,27.0,1,1.0,17,7,20.0,3.0,12.0,28.0
2,42,1,1,422,51.0,16,46.0,1,1.0,14,10,5.0,27.0,9.0,16.0
2,37,1,1,715,411.0,20,44.0,3,,1,12,19.0,21.0,6.0,14.0
2,48,1,1,806,523.0,17,51.0,1,1.0,3,4,16.0,31.0,4.0,1.0
2,41,1,1,435,24.0,20,42.0,1,1.0,12,2,23.0,2.0,9.0,20.0
1,49,1,1,421,184.0,25,61.0,1,1.0,6,2,1.0,14.0,2.0,28.0
1,33,1,2,545,274.0,26,44.0,1,1.0,15,12,22.0,8.0,2.0,24.0
2,38,1,1,572,290.0,24,41.0,1,1.0,1,10,11.0,7.0,5.0,28.0
1,16,2,2,1271,,NIU,,1,1.0,32,9,5.0,,,
2,47,1,1,239,861.0,21,49.0,1,1.0,8,6,27.0,19.0,1.0,1.0
1,42,1,1,35,60.0,21,42.0,1,1.0,14,8,2.0,18.0,2.0,19.0
1,41,1,1,74,168.0,20,46.0,1,1.0,12,8,22.0,18.0,1.0,13.0
2,38,1,1,2231,1708.0,29,36.0,1,1.0,1,8,27.0,17.0,12.0,23.0
2,41,1,1,181,280.0,27,44.0,1,1.0,14,12,24.0,7.0,2.0,17.0
2,28,2,2,1013,,NIU,,1,1.0,19,1,24.0,,,
1,16,2,2,2262,,NIU,,1,1.0,32,9,9.0,,,
1,33,1,2,100,93.0,26,39.0,1,1.0,22,5,23.0,8.0,4.0,15.0
2,48,1,1,268,137.0,27,48.0,1,1.0,3,10,21.0,18.0,3.0,11.0
1,31,1,1,1827,1707.0,17,39.0,1,1.0,10,6,5.0,7.0,3.0,25.0
1,36,1,1,861,628.0,21,41.0,1,1.0,5,2,29.0,9.0,11.0,25.0
1,38,2,2,1362,,NIU,,1,1.0,1,1,26.0,,,
1,33,1,1,1076,629.0,29,34.0,1,1.0,22,2,18.0,11.0,8.0,22.0
1,46,1,1,636,84.0,19,50.0,1,1.0,4,5,16.0,23.0,1.0,15.0
1,19,1,2,320,150.0,19,20.0,1,1.0,28,6,9.0,26.0,1.0,2.0
2,36,1,1,1138,815.0,20,36.0,1,1.0,5,8,2.0,13.0,7.0,25.0
1,35,3,1,1891,1706.0,32,,1,1.0,7,7,15.0,6.0,2.0,29.0
1,41,1,1,1009,1246.0,24,43.0,1,1.0,12,6,22.0,21.0,3.0,24.0
1,46,1,1,99,388.0,27,47.0,3,,4,5,28.0,22.0,1.0,14.0
1,45,3,1,867,630.0,25,,1,1.0,11,10,8.0,2.0,7.0,27.0
2,36,1,1,400,169.0,16,37.0,1,1.0,5,6,18.0,2.0,5.0,28.0
2,43,1,1,653,393.0,18,43.0,1,1.0,20,1,1.0,14.0,1.0,31.0
2,22,2,2,9,,NIU,,1,1.0,23,5,23.0,,,
1,46,1,1,37,86.0,21,46.0,1,1.0,4,11,21.0,14.0,6.0,8.0
1,15,2,2,599,,NIU,,1,1.0,35,6,15.0,,,
1,49,1,1,65,159.0,34,53.0,1,1.0,6,4,18.0,7.0,7.0,30.0
2,23,2,2,261,,NIU,,4,1.0,17,9,20.0,,,
1,40,1,2,881,626.0,33,46.0,1,1.0,2,8,25.0,8.0,10.0,28.0
1,38,1,2,6,3.0,31,37.0,1,1.0,1,11,10.0,10.0,5.0,30.0
1,35,2,2,603,,NIU,,1,1.0,7,5,4.0,,,
1,34,3,1,281,862.0,22,,1,1.0,15,8,28.0,16.0,1.0,7.0
1,19,2,2,986,,NIU,,3,1.0,28,10,21.0,,,
1,30,1,1,1892,1245.0,12,38.0,5,3.0,9,2,9.0,21.0,7.0,24.0
2,35,1,1,1893,1705.0,32,38.0,1,1.0,7,11,1.0,6.0,2.0,6.0
1,29,1,1,1183,1244.0,19,31.0,5,3.0,9,4,1.0,4.0,8.0,4.0
1,37,1,1,1894,609.0,27,37.0,1,1.0,13,7,3.0,4.0,8.0,8.0
2,41,1,1,280,2.0,23,42.0,1,1.0,12,6,11.0,1.0,9.0,5.0
1,44,1,1,1026,570.0,22,48.0,1,1.0,16,10,16.0,15.0,7.0,24.0
1,21,2,2,101,,NIU,,1,1.0,21,4,5.0,,,
1,49,1,1,129,56.0,27,52.0,1,1.0,6,10,5.0,18.0,6.0,30.0
1,16,2,2,1184,,NIU,,1,1.0,32,9,8.0,,,
2,27,2,2,366,,NIU,,1,1.0,30,1,4.0,,,
1,41,2,2,264,,NIU,,1,1.0,12,10,22.0,,,
1,48,1,1,27,18.0,27,52.0,1,1.0,3,1,21.0,2.0,5.0,9.0
2,43,1,1,123,41.0,20,44.0,1,1.0,20,10,15.0,15.0,4.0,16.0
1,26,2,2,1168,,NIU,,1,1.0,26,7,4.0,,,
1,32,1,1,865,610.0,20,34.0,1,1.0,18,5,14.0,16.0,12.0,29.0
2,15,2,2,864,,NIU,,1,1.0,32,4,3.0,,,
2,21,2,2,150,,NIU,,1,1.0,21,10,24.0,,,
1,41,1,1,314,162.0,26,46.0,3,1.0,12,2,13.0,9.0,8.0,31.0
1,42,3,1,10,271.0,23,,1,1.0,14,7,7.0,1.0,4.0,5.0
2,45,1,1,547,308.0,18,47.0,1,1.0,11,7,5.0,19.0,6.0,20.0
1,44,1,1,1854,283.0,31,43.0,1,1.0,16,1,18.0,16.0,6.0,1.0
1,42,3,1,1157,947.0,22,,1,1.0,14,9,14.0,2.0,2.0,7.0
2,44,1,1,1855,1235.0,10,48.0,2,2.0,16,11,28.0,35.0,2.0,14.0
2,45,1,1,1856,1234.0,19,56.0,1,1.0,11,1,17.0,19.0,2.0,9.0
1,18,2,2,597,,NIU,,1,1.0,25,2,21.0,,,
1,28,1,1,131,61.0,25,28.0,1,1.0,19,9,11.0,25.0,1.0,7.0
2,19,2,2,404,,NIU,,1,1.0,27,4,29.0,,,
2,48,1,1,268,137.0,27,48.0,1,1.0,3,10,21.0,18.0,3.0,11.0
1,46,1,1,37,86.0,21,46.0,1,1.0,4,11,21.0,14.0,6.0,8.0
2,19,2,2,258,,NIU,,1,1.0,28,2,26.0,,,
1,47,1,1,646,415.0,19,49.0,1,1.0,8,5,8.0,29.0,3.0,19.0
1,30,3,2,114,34.0,25,,1,1.0,9,7,11.0,3.0,3.0,29.0
1,48,1,1,230,103.0,24,49.0,1,1.0,3,5,7.0,14.0,1.0,8.0
2,38,3,1,1060,144.0,22,,1,1.0,1,7,1.0,13.0,3.0,17.0
2,16,2,2,598,,NIU,,1,1.0,32,6,11.0,,,
2,37,1,1,282,163.0,22,44.0,1,1.0,1,3,23.0,9.0,10.0,28.0
2,45,1,1,1091,611.0,20,48.0,1,1.0,4,3,3.0,27.0,7.0,6.0
1,41,1,1,276,204.0,15,44.0,1,1.0,12,5,19.0,19.0,12.0,12.0
1,32,3,2,1090,880.0,27,,1,1.0,18,5,13.0,3.0,8.0,1.0
2,47,1,1,531,488.0,26,48.0,1,1.0,8,2,11.0,2.0,6.0,5.0
2,19,2,2,946,,NIU,,1,1.0,28,1,27.0,,,
1,48,1,1,589,353.0,19,58.0,1,1.0,6,3,12.0,30.0,4.0,2.0
2,45,2,2,429,,NIU,,1,1.0,4,9,3.0,,,
1,33,1,1,63,36.0,21,39.0,1,1.0,22,4,29.0,20.0,8.0,10.0
1,19,2,2,480,,NIU,,1,1.0,27,3,8.0,,,
1,48,3,1,1077,612.0,19,,1,1.0,3,6,5.0,30.0,2.0,11.0
1,21,2,2,857,,NIU,,1,1.0,21,6,17.0,,,
1,48,1,1,183,87.0,17,59.0,1,1.0,3,4,28.0,31.0,5.0,20.0
1,40,1,1,208,114.0,23,41.0,1,1.0,12,3,22.0,1.0,11.0,5.0
1,39,3,1,304,201.0,25,,1,1.0,24,1,7.0,5.0,4.0,27.0
2,15,2,2,16,,NIU,,1,1.0,35,10,11.0,,,
1,34,1,2,149,12.0,28,30.0,1,1.0,15,7,10.0,3.0,1.0,7.0
1,47,1,1,257,108.0,26,48.0,1,1.0,8,9,6.0,18.0,12.0,27.0
1,40,1,1,2233,1720.0,30,41.0,1,1.0,2,8,28.0,4.0,8.0,3.0
1,28,1,1,1181,881.0,23,26.0,1,1.0,34,4,9.0,3.0,7.0,29.0
1,48,1,2,692,407.0,43,49.0,1,1.0,3,10,27.0,3.0,2.0,7.0
1,45,1,1,1182,387.0,30,39.0,1,1.0,4,4,27.0,9.0,5.0,6.0
2,29,1,1,637,1233.0,25,30.0,1,1.0,9,4,19.0,3.0,11.0,31.0
1,17,2,2,560,,NIU,,1,1.0,33,11,10.0,,,
2,19,2,2,42,,NIU,,1,1.0,28,10,1.0,,,
2,33,1,1,1215,613.0,20,35.0,1,1.0,22,11,4.0,5.0,11.0,4.0
1,44,1,1,1219,269.0,26,44.0,1,1.0,16,6,25.0,1.0,9.0,26.0
1,40,1,1,291,217.0,19,44.0,1,1.0,2,2,16.0,18.0,3.0,23.0
1,41,1,1,255,139.0,16,46.0,1,1.0,14,3,16.0,27.0,8.0,13.0
2,38,1,1,1220,1232.0,21,43.0,2,2.0,1,4,18.0,13.0,2.0,7.0
1,47,3,1,561,237.0,29,,1,1.0,3,3,19.0,1.0,7.0,18.0
2,33,1,1,1650,1369.0,16,42.0,1,1.0,22,11,12.0,21.0,8.0,12.0
1,40,3,1,374,223.0,25,,1,1.0,12,12,13.0,9.0,3.0,12.0
2,29,5,1,1221,,NIU,,1,1.0,34,7,11.0,,,
2,21,1,1,1837,1231.0,17,24.0,4,1.0,23,4,10.0,11.0,5.0,1.0
1,19,2,2,1838,,NIU,,1,1.0,27,4,30.0,,,
1,43,1,1,318,614.0,31,42.0,1,1.0,20,10,14.0,16.0,7.0,9.0
2,24,2,2,810,,NIU,,1,1.0,17,11,14.0,,,
2,49,1,1,317,148.0,25,51.0,1,1.0,6,1,12.0,24.0,9.0,18.0
1,31,1,1,7,5.0,27,41.0,1,1.0,10,1,6.0,6.0,4.0,8.0
1,34,1,1,1839,1230.0,28,35.0,1,1.0,15,5,22.0,10.0,11.0,4.0
1,18,2,2,40,,NIU,,1,1.0,25,11,17.0,,,
2,20,2,2,762,,NIU,,1,1.0,27,8,24.0,,,
2,16,2,2,209,,NIU,,3,,32,11,9.0,,,
1,45,3,1,95,854.0,32,,1,1.0,11,7,28.0,5.0,3.0,5.0
1,28,1,1,172,775.0,26,29.0,1,1.0,19,11,30.0,28.0,5.0,28.0
1,24,1,2,1062,586.0,21,23.0,1,1.0,17,8,25.0,6.0,12.0,29.0
1,24,2,2,90,,NIU,,1,1.0,17,1,29.0,,,
2,19,2,2,404,,NIU,,1,1.0,27,4,29.0,,,
2,48,1,1,268,137.0,27,48.0,1,1.0,3,10,21.0,18.0,3.0,11.0
1,29,1,1,1061,587.0,23,34.0,4,4.0,34,4,12.0,3.0,8.0,2.0
1,31,2,2,1203,,NIU,,1,1.0,18,12,22.0,,,
1,31,1,1,7,5.0,27,41.0,1,1.0,10,1,6.0,6.0,4.0,8.0
1,24,1,2,1075,637.0,23,27.0,1,1.0,29,4,14.0,28.0,1.0,25.0
1,32,1,1,1204,894.0,20,32.0,4,1.0,22,3,7.0,5.0,11.0,22.0
1,19,2,2,480,,NIU,,1,1.0,27,3,8.0,,,
2,30,1,1,1095,378.0,26,42.0,1,1.0,10,3,27.0,11.0,10.0,10.0
1,21,2,2,164,,NIU,,1,1.0,21,9,28.0,,,
2,22,2,2,678,,NIU,,1,1.0,23,5,25.0,,,
1,47,1,2,64,29.0,26,50.0,1,1.0,8,4,6.0,2.0,1.0,27.0
2,31,1,1,2237,1738.0,21,39.0,1,1.0,18,4,27.0,4.0,10.0,16.0
2,40,1,1,54,300.0,33,45.0,1,1.0,2,8,5.0,8.0,5.0,24.0
2,46,1,1,1934,1320.0,17,55.0,1,1.0,4,5,14.0,30.0,1.0,18.0
2,42,3,1,190,105.0,19,,1,1.0,14,1,31.0,24.0,10.0,18.0
1,31,1,1,350,487.0,24,40.0,1,1.0,10,9,26.0,10.0,7.0,30.0
1,40,1,1,208,114.0,23,41.0,1,1.0,12,3,22.0,1.0,11.0,5.0
1,39,1,1,52,690.0,21,40.0,1,1.0,24,7,21.0,21.0,6.0,2.0
2,23,1,1,1308,806.0,21,24.0,1,1.0,31,4,15.0,25.0,3.0,8.0
1,45,1,1,30,17.0,21,52.0,2,2.0,4,3,17.0,14.0,3.0,12.0
1,22,2,2,222,,NIU,,1,1.0,23,8,8.0,,,
1,28,2,1,2236,,NIU,,1,1.0,19,6,13.0,,,
1,21,2,2,164,,NIU,,1,1.0,21,9,28.0,,,
1,45,2,2,341,,NIU,,1,1.0,4,12,11.0,,,
2,42,1,1,1233,895.0,18,42.0,4,1.0,14,2,29.0,14.0,1.0,20.0
2,37,1,1,1121,713.0,29,43.0,1,1.0,1,3,11.0,12.0,7.0,6.0
2,36,1,1,2235,1737.0,24,38.0,1,1.0,5,2,7.0,16.0,10.0,29.0
2,23,1,1,1216,896.0,16,25.0,1,1.0,31,11,22.0,10.0,5.0,8.0
1,40,1,1,581,1213.0,30,42.0,1,1.0,2,10,30.0,4.0,10.0,18.0
1,34,1,2,663,486.0,31,31.0,1,1.0,15,6,7.0,6.0,9.0,6.0
1,18,2,2,12,,NIU,,1,1.0,25,10,27.0,,,
1,49,1,1,65,159.0,34,53.0,1,1.0,6,4,18.0,7.0,7.0,30.0
2,22,3,1,2234,1736.0,20,,1,1.0,23,5,22.0,25.0,3.0,23.0
2,41,1,1,435,24.0,20,42.0,1,1.0,12,2,23.0,2.0,9.0,20.0
2,49,1,1,1867,1212.0,18,57.0,1,1.0,6,1,16.0,32.0,8.0,16.0
1,35,1,1,5,7.0,22,40.0,1,1.0,7,1,2.0,5.0,10.0,22.0
2,43,1,1,1046,897.0,17,49.0,2,1.0,16,3,15.0,19.0,4.0,28.0
1,15,2,2,599,,NIU,,1,1.0,35,6,15.0,,,
1,46,1,1,1217,898.0,19,50.0,1,1.0,8,3,1.0,23.0,3.0,9.0
1,31,1,1,7,5.0,27,41.0,1,1.0,10,1,6.0,6.0,4.0,8.0
2,32,1,1,22,584.0,20,33.0,1,1.0,18,7,19.0,20.0,1.0,3.0
1,29,1,1,1836,1214.0,24,26.0,1,1.0,34,5,31.0,3.0,3.0,12.0
1,21,2,2,651,,NIU,,1,1.0,21,7,4.0,,,
2,25,1,1,649,849.0,16,29.0,1,1.0,29,9,24.0,12.0,6.0,20.0
1,43,1,1,1218,893.0,17,52.0,4,1.0,20,6,25.0,19.0,7.0,12.0
1,35,2,2,338,,NIU,,1,1.0,7,11,27.0,,,
2,30,1,1,319,161.0,27,31.0,1,1.0,9,8,10.0,6.0,1.0,6.0
1,20,2,2,469,,NIU,,1,1.0,27,10,29.0,,,
2,15,2,2,608,,NIU,,1,1.0,35,8,19.0,,,
2,40,1,1,708,501.0,18,48.0,2,,2,10,10.0,15.0,2.0,30.0
1,34,1,1,281,585.0,23,40.0,4,1.0,15,8,28.0,20.0,11.0,12.0
1,49,1,1,1034,180.0,20,52.0,1,1.0,6,5,18.0,30.0,3.0,3.0
1,29,2,2,618,,NIU,,1,1.0,34,2,12.0,,,
2,25,1,1,1245,1741.0,20,26.0,1,1.0,29,7,19.0,3.0,11.0,2.0
1,48,1,1,168,90.0,21,50.0,1,1.0,3,1,19.0,19.0,5.0,28.0
1,24,2,2,390,,NIU,,1,1.0,17,7,21.0,,,
2,39,1,1,1346,824.0,18,44.0,1,1.0,24,2,4.0,18.0,2.0,10.0
1,42,1,1,2244,1740.0,41,43.0,1,1.0,14,2,1.0,28.0,2.0,18.0
1,35,1,1,176,71.0,17,41.0,1,1.0,7,8,3.0,21.0,6.0,7.0
1,34,1,2,742,509.0,32,35.0,1,1.0,15,2,3.0,25.0,2.0,7.0
2,43,1,1,653,393.0,18,43.0,1,1.0,20,1,1.0,14.0,1.0,31.0
1,26,1,1,2243,1739.0,25,25.0,1,1.0,26,5,17.0,28.0,1.0,21.0
1,43,1,1,1028,556.0,25,49.0,1,1.0,20,10,25.0,1.0,7.0,16.0
2,41,1,1,1933,1322.0,21,43.0,1,1.0,14,4,30.0,2.0,9.0,25.0
1,27,1,1,681,512.0,23,34.0,1,1.0,30,6,7.0,11.0,10.0,3.0
1,20,2,2,57,,NIU,,1,1.0,27,8,28.0,,,
2,25,2,2,306,,NIU,,2,1.0,29,5,28.0,,,
1,38,1,1,351,158.0,28,36.0,1,1.0,1,8,13.0,4.0,8.0,6.0
1,39,1,1,1205,777.0,33,40.0,2,2.0,24,9,22.0,3.0,8.0,13.0
2,47,1,1,31,511.0,44,48.0,1,1.0,8,5,21.0,6.0,10.0,28.0
2,34,1,2,674,381.0,27,37.0,1,1.0,15,6,19.0,8.0,10.0,12.0
1,15,2,2,599,,NIU,,1,1.0,35,6,15.0,,,
1,47,1,1,1246,922.0,21,52.0,1,1.0,8,6,14.0,19.0,12.0,26.0
1,38,1,1,325,233.0,31,46.0,1,1.0,1,7,26.0,8.0,2.0,28.0
1,27,1,1,1815,1198.0,22,30.0,1,1.0,19,4,27.0,3.0,2.0,15.0
1,20,2,2,1247,,NIU,,1,1.0,21,12,30.0,,,
2,18,2,2,680,,NIU,,1,1.0,25,5,23.0,,,
2,31,1,1,200,119.0,25,32.0,1,1.0,18,12,5.0,10.0,10.0,16.0
1,44,1,1,1851,1197.0,22,50.0,1,1.0,16,6,19.0,15.0,8.0,2.0
1,35,1,1,1229,923.0,20,40.0,1,1.0,7,8,7.0,9.0,3.0,28.0
2,43,1,1,185,208.0,23,47.0,1,1.0,20,6,17.0,2.0,8.0,22.0
2,17,2,2,601,,NIU,,1,1.0,33,10,9.0,,,
1,44,3,1,512,763.0,20,,1,1.0,16,10,3.0,14.0,11.0,27.0
2,15,2,2,679,,NIU,,1,1.0,35,9,2.0,,,
2,45,1,1,2215,1758.0,18,57.0,1,1.0,11,1,23.0,19.0,4.0,21.0
2,43,1,1,911,733.0,24,44.0,1,1.0,20,5,18.0,22.0,8.0,9.0
1,43,1,1,1315,758.0,17,43.0,1,1.0,20,8,22.0,19.0,1.0,17.0
1,39,1,2,311,782.0,32,44.0,1,1.0,24,1,24.0,10.0,7.0,29.0
2,23,2,2,962,,NIU,,1,1.0,31,2,7.0,,,
2,40,1,1,327,157.0,27,41.0,1,1.0,2,10,28.0,5.0,10.0,19.0
1,21,2,2,1173,,NIU,,1,1.0,21,8,7.0,,,
1,34,1,1,72,14.0,23,39.0,1,1.0,15,2,29.0,4.0,4.0,3.0
2,16,2,2,156,,NIU,,1,1.0,32,2,26.0,,,
1,17,2,2,353,,NIU,,1,1.0,25,3,17.0,,,
2,24,2,2,436,,NIU,,1,1.0,29,4,20.0,,,
2,36,1,1,804,438.0,19,39.0,1,1.0,5,4,24.0,13.0,6.0,13.0
1,19,2,2,248,,NIU,,1,1.0,27,12,27.0,,,
1,40,3,1,1260,107.0,20,,1,1.0,2,3,23.0,22.0,2.0,3.0
1,30,1,1,2246,59.0,27,34.0,1,1.0,9,7,24.0,6.0,5.0,24.0
1,39,1,1,79,98.0,18,43.0,5,1.0,24,6,7.0,18.0,2.0,4.0
1,42,1,1,1261,924.0,19,45.0,1,1.0,14,2,9.0,24.0,2.0,8.0
1,43,3,1,1262,1196.0,15,,1,1.0,20,11,8.0,23.0,5.0,12.0
1,30,1,1,215,140.0,25,32.0,1,1.0,10,4,29.0,3.0,5.0,9.0
1,31,1,1,249,136.0,24,34.0,1,1.0,10,7,18.0,8.0,11.0,22.0
1,19,2,2,690,,NIU,,1,1.0,27,3,23.0,,,
2,18,2,2,12,,NIU,,1,1.0,25,10,27.0,,,
2,40,1,1,283,925.0,21,54.0,4,1.0,12,4,21.0,2.0,11.0,31.0
2,18,2,2,152,,NIU,,1,1.0,28,12,22.0,,,
2,40,3,1,585,348.0,26,,1,1.0,2,11,4.0,5.0,1.0,8.0
1,39,1,1,2245,1195.0,28,41.0,1,1.0,24,5,18.0,20.0,5.0,6.0
1,30,1,1,1777,1194.0,29,37.0,1,1.0,10,9,6.0,28.0,1.0,29.0
2,33,2,2,1415,,NIU,,1,1.0,15,3,28.0,,,
1,33,2,2,162,,NIU,,1,1.0,22,7,28.0,,,
2,26,1,1,1015,559.0,22,32.0,1,1.0,30,4,4.0,3.0,11.0,17.0
1,46,1,1,1014,156.0,29,43.0,1,1.0,4,8,8.0,21.0,4.0,19.0
1,38,1,1,684,506.0,29,47.0,1,1.0,1,8,7.0,17.0,10.0,27.0
1,19,2,2,248,,NIU,,1,1.0,27,12,27.0,,,
1,22,1,2,180,58.0,20,27.0,1,1.0,23,5,11.0,25.0,1.0,16.0
1,42,1,1,1279,904.0,32,38.0,1,1.0,14,5,6.0,4.0,3.0,29.0
1,34,1,2,360,155.0,32,35.0,1,1.0,15,11,19.0,28.0,1.0,11.0
2,38,1,1,522,1180.0,21,43.0,1,1.0,1,5,23.0,21.0,1.0,22.0
1,27,1,1,694,38.0,24,32.0,1,1.0,30,5,16.0,6.0,3.0,19.0
1,47,1,1,1761,1179.0,26,52.0,1,1.0,8,5,28.0,18.0,1.0,6.0
1,43,1,1,1280,943.0,28,48.0,1,1.0,16,3,20.0,9.0,1.0,21.0
1,46,1,1,611,296.0,31,55.0,1,1.0,4,8,28.0,7.0,6.0,4.0
1,18,2,2,1281,,NIU,,1,1.0,28,3,17.0,,,
1,38,1,1,684,506.0,29,47.0,1,1.0,1,8,7.0,17.0,10.0,27.0
2,34,1,1,1762,1178.0,29,29.0,1,1.0,7,12,24.0,3.0,9.0,2.0
2,15,2,2,16,,NIU,,1,1.0,35,10,11.0,,,
2,44,1,1,178,228.0,22,45.0,1,1.0,16,8,26.0,15.0,8.0,30.0
1,41,1,1,1763,1177.0,25,44.0,1,1.0,14,12,23.0,13.0,7.0,27.0
2,35,1,1,2217,1772.0,16,29.0,2,2.0,7,6,3.0,22.0,9.0,23.0
2,20,2,2,1019,,NIU,,1,1.0,21,3,26.0,,,
1,30,3,2,114,34.0,25,,1,1.0,9,7,11.0,3.0,3.0,29.0
2,31,1,1,1115,272.0,24,31.0,1,1.0,10,7,15.0,10.0,9.0,24.0
1,49,1,1,421,184.0,25,61.0,1,1.0,6,2,1.0,14.0,2.0,28.0
1,15,2,2,1018,,NIU,,1,1.0,35,7,22.0,,,
1,22,1,2,180,58.0,20,27.0,1,1.0,23,5,11.0,25.0,1.0,16.0
1,26,2,2,1282,,NIU,,1,1.0,26,10,17.0,,,
2,16,2,2,386,,NIU,,1,1.0,32,1,20.0,,,
1,38,1,1,351,158.0,28,36.0,1,1.0,1,8,13.0,4.0,8.0,6.0
1,18,2,2,491,,NIU,,1,1.0,25,11,11.0,,,
1,43,1,1,233,123.0,28,46.0,1,1.0,20,10,4.0,7.0,4.0,18.0
1,39,3,1,161,63.0,27,,1,1.0,2,3,3.0,16.0,2.0,6.0
1,40,1,2,1283,944.0,34,36.0,1,1.0,2,5,14.0,10.0,7.0,6.0
1,43,1,1,591,238.0,32,50.0,1,1.0,20,2,4.0,4.0,4.0,28.0
1,46,2,2,550,,NIU,,1,1.0,8,3,28.0,,,
2,46,1,1,1776,1142.0,16,52.0,4,1.0,4,7,3.0,31.0,3.0,15.0
1,45,3,1,363,548.0,17,,5,3.0,11,10,28.0,23.0,6.0,21.0
1,26,3,1,2216,1818.0,19,,1,1.0,26,8,9.0,8.0,2.0,12.0
2,37,1,1,797,431.0,21,39.0,1,1.0,13,9,2.0,13.0,3.0,31.0
1,38,1,2,6,3.0,31,37.0,1,1.0,1,11,10.0,10.0,5.0,30.0
2,39,1,1,563,601.0,20,40.0,1,1.0,24,11,8.0,1.0,7.0,2.0
2,41,1,1,280,2.0,23,42.0,1,1.0,12,6,11.0,1.0,9.0,5.0
2,35,1,1,1745,1169.0,19,41.0,1,1.0,7,9,10.0,9.0,1.0,7.0
2,34,1,1,442,365.0,24,43.0,1,1.0,15,11,29.0,17.0,6.0,19.0
2,33,1,2,157,42.0,26,33.0,1,1.0,22,4,30.0,10.0,1.0,5.0
1,44,1,1,536,291.0,18,52.0,1,1.0,16,1,21.0,27.0,6.0,22.0
1,41,1,1,133,958.0,24,46.0,1,1.0,12,7,21.0,21.0,3.0,29.0
1,16,2,2,1293,,NIU,,1,1.0,32,10,2.0,,,
1,41,1,1,255,139.0,16,46.0,1,1.0,14,3,16.0,27.0,8.0,13.0
2,45,1,1,419,210.0,20,51.0,4,1.0,4,4,25.0,27.0,10.0,30.0
1,15,2,2,559,,NIU,,1,1.0,35,6,24.0,,,
2,40,1,1,696,289.0,21,40.0,1,1.0,2,9,10.0,1.0,6.0,23.0
1,35,1,1,1746,1168.0,27,34.0,4,4.0,7,10,4.0,12.0,10.0,31.0
2,16,1,2,2219,602.0,14,23.0,1,1.0,32,10,14.0,25.0,1.0,26.0
1,41,1,1,255,139.0,16,46.0,1,1.0,14,3,16.0,27.0,8.0,13.0
1,44,1,2,1807,1396.0,38,47.0,1,1.0,16,4,14.0,3.0,5.0,27.0
2,40,1,1,1024,182.0,17,46.0,2,1.0,12,12,14.0,24.0,1.0,16.0
1,46,1,1,1747,1167.0,28,44.0,1,1.0,4,9,16.0,21.0,5.0,10.0
1,42,1,1,244,142.0,23,44.0,1,1.0,14,1,7.0,1.0,9.0,28.0
1,21,2,2,477,,NIU,,1,1.0,23,3,9.0,,,
2,38,1,1,41,830.0,29,44.0,1,1.0,1,9,16.0,17.0,2.0,18.0
2,19,2,2,42,,NIU,,1,1.0,28,10,1.0,,,
1,36,3,1,1294,936.0,26,,1,1.0,5,3,8.0,17.0,4.0,20.0
1,20,2,2,254,,NIU,,1,1.0,21,12,31.0,,,
1,24,2,2,910,,NIU,,1,1.0,17,4,26.0,,,
2,45,1,1,695,499.0,23,52.0,1,1.0,11,5,27.0,15.0,8.0,17.0
1,39,1,1,1759,1166.0,27,37.0,1,1.0,24,10,5.0,16.0,12.0,11.0
1,48,1,1,183,87.0,17,59.0,1,1.0,3,4,28.0,31.0,5.0,20.0
1,29,1,2,521,27.0,26,31.0,1,1.0,34,7,18.0,6.0,8.0,4.0
2,19,2,2,42,,NIU,,1,1.0,28,10,1.0,,,
1,39,1,1,1760,91.0,27,47.0,1,1.0,24,11,30.0,20.0,1.0,23.0
1,23,2,2,211,,NIU,,1,1.0,17,4,24.0,,,
2,22,1,1,1278,937.0,21,30.0,1,1.0,23,4,25.0,26.0,1.0,20.0
2,34,1,1,2218,1789.0,26,36.0,1,1.0,7,3,4.0,12.0,2.0,20.0
1,47,1,1,31,92.0,34,42.0,1,1.0,8,5,21.0,5.0,1.0,3.0
2,45,1,1,95,181.0,17,48.0,1,1.0,11,7,28.0,29.0,8.0,3.0
1,19,2,2,245,,NIU,,1,1.0,28,8,6.0,,,
2,33,1,2,157,42.0,26,33.0,1,1.0,22,4,30.0,10.0,1.0,5.0
2,40,1,1,50,292.0,29,44.0,1,1.0,2,2,17.0,20.0,8.0,1.0
2,30,2,2,1020,,NIU,,1,1.0,9,6,23.0,,,
2,37,1,1,1732,1165.0,16,42.0,1,1.0,13,11,1.0,2.0,4.0,30.0
2,49,1,1,36,240.0,20,52.0,1,1.0,6,4,10.0,30.0,3.0,2.0
1,33,1,2,1290,938.0,30,36.0,1,1.0,22,1,3.0,6.0,8.0,19.0
1,15,2,2,94,,NIU,,1,1.0,35,7,10.0,,,
1,44,1,1,144,135.0,25,48.0,1,1.0,16,6,17.0,22.0,5.0,10.0
1,41,1,1,2220,1788.0,22,42.0,1,1.0,12,5,20.0,22.0,1.0,18.0
1,47,1,1,1929,1340.0,39,54.0,1,1.0,8,4,25.0,12.0,3.0,20.0
1,45,2,2,163,,NIU,,1,1.0,11,8,10.0,,,
2,35,1,1,1745,1169.0,19,41.0,1,1.0,7,9,10.0,9.0,1.0,7.0
1,47,1,1,165,972.0,22,49.0,1,1.0,8,6,4.0,27.0,12.0,20.0
2,44,1,2,453,314.0,39,45.0,1,1.0,11,3,26.0,3.0,7.0,22.0
1,24,2,2,443,,NIU,,1,1.0,17,8,7.0,,,
1,32,1,2,1027,1833.0,21,42.0,2,1.0,18,8,18.0,20.0,8.0,30.0
2,37,1,1,1291,973.0,22,40.0,1,1.0,13,10,7.0,9.0,3.0,17.0
1,38,1,2,103,45.0,25,37.0,1,1.0,1,8,5.0,5.0,10.0,9.0
2,47,1,1,1742,1137.0,22,55.0,1,1.0,8,7,1.0,14.0,6.0,17.0
2,38,1,1,522,15.0,25,38.0,1,1.0,1,5,23.0,5.0,2.0,29.0
1,46,1,1,807,432.0,27,46.0,1,1.0,4,9,13.0,1.0,5.0,19.0
1,24,2,2,358,,NIU,,1,1.0,17,11,17.0,,,
1,49,1,1,701,470.0,23,50.0,1,1.0,36,4,26.0,23.0,11.0,17.0
1,36,1,1,698,469.0,17,40.0,1,1.0,13,3,5.0,22.0,6.0,21.0
1,44,1,1,331,225.0,24,45.0,1,1.0,16,8,19.0,2.0,2.0,20.0
1,39,1,1,805,403.0,19,43.0,1,1.0,24,8,5.0,2.0,7.0,21.0
1,33,1,1,1743,1136.0,22,37.0,1,1.0,22,9,29.0,20.0,12.0,2.0
1,31,2,2,834,,NIU,,1,1.0,10,1,28.0,,,
1,47,1,2,697,468.0,30,47.0,1,1.0,8,10,20.0,21.0,1.0,16.0
1,48,3,2,580,268.0,28,,1,1.0,3,1,14.0,2.0,2.0,5.0
2,23,2,2,962,,NIU,,1,1.0,31,2,7.0,,,
1,37,1,1,1135,798.0,24,38.0,1,1.0,1,4,4.0,5.0,5.0,4.0
2,26,1,1,1015,559.0,22,32.0,1,1.0,30,4,4.0,3.0,11.0,17.0
2,30,1,1,319,161.0,27,31.0,1,1.0,9,8,10.0,6.0,1.0,6.0
2,18,2,2,12,,NIU,,1,1.0,25,10,27.0,,,
1,48,1,1,433,377.0,31,28.0,1,1.0,3,10,16.0,21.0,1.0,21.0
2,34,1,1,32,72.0,14,41.0,1,1.0,15,1,24.0,22.0,5.0,22.0
1,19,2,2,345,,NIU,,1,1.0,28,2,22.0,,,
1,31,2,2,236,,NIU,,1,1.0,10,10,15.0,,,
2,45,3,1,1587,1082.0,21,,1,1.0,11,5,11.0,14.0,4.0,18.0
2,16,2,2,1421,,NIU,,1,1.0,32,5,4.0,,,
1,39,1,1,1025,22.0,22,41.0,1,1.0,24,10,23.0,13.0,9.0,21.0
1,46,1,1,1570,1457.0,19,51.0,1,1.0,4,10,11.0,23.0,3.0,16.0
1,37,3,1,1744,1135.0,25,,1,1.0,13,11,22.0,20.0,6.0,25.0
1,18,2,2,40,,NIU,,1,1.0,25,11,17.0,,,
1,37,1,1,711,467.0,19,43.0,2,2.0,13,8,9.0,1.0,8.0,6.0
1,38,1,1,369,55.0,22,41.0,1,1.0,1,1,5.0,9.0,9.0,26.0
1,46,1,1,636,84.0,19,50.0,1,1.0,4,5,16.0,23.0,1.0,15.0
1,25,2,2,108,,NIU,,1,1.0,29,2,4.0,,,
1,47,1,1,710,466.0,28,44.0,1,1.0,8,8,21.0,22.0,11.0,31.0
2,34,1,1,1716,1134.0,26,48.0,1,5.0,15,5,9.0,12.0,7.0,17.0
1,15,2,2,2202,,NIU,,1,1.0,32,12,4.0,,,
1,21,2,2,372,,NIU,,1,1.0,21,11,20.0,,,
2,30,2,2,1020,,NIU,,1,1.0,9,6,23.0,,,
1,23,2,2,218,,NIU,,1,1.0,17,12,17.0,,,
2,42,1,1,179,79.0,18,48.0,1,1.0,14,9,22.0,24.0,9.0,26.0
1,30,1,2,504,326.0,25,33.0,1,1.0,9,7,22.0,11.0,7.0,23.0
2,28,1,1,2201,1832.0,18,36.0,1,1.0,19,2,7.0,4.0,1.0,30.0
1,42,3,1,151,164.0,23,,1,1.0,14,1,15.0,1.0,6.0,28.0
1,22,2,2,9,,NIU,,1,1.0,23,5,23.0,,,
1,48,3,2,768,430.0,19,,1,1.0,3,7,24.0,30.0,3.0,26.0
2,45,1,1,166,95.0,14,52.0,1,1.0,4,3,10.0,32.0,2.0,6.0
1,49,1,1,490,359.0,22,54.0,1,1.0,6,5,9.0,23.0,10.0,8.0
1,19,2,2,480,,NIU,,1,1.0,27,3,8.0,,,
1,44,2,2,1324,,NIU,,1,1.0,16,1,10.0,,,
1,45,1,1,30,17.0,21,52.0,2,2.0,4,3,17.0,14.0,3.0,12.0
2,34,1,1,827,457.0,20,36.0,1,1.0,15,6,8.0,7.0,6.0,26.0
1,33,1,1,788,1133.0,27,36.0,1,1.0,22,9,14.0,10.0,2.0,27.0
2,42,1,1,704,465.0,23,42.0,1,1.0,14,9,30.0,22.0,11.0,16.0
1,31,2,2,1356,,NIU,,1,1.0,10,5,7.0,,,
2,38,1,1,2200,1831.0,21,41.0,1,1.0,1,9,26.0,21.0,3.0,23.0
2,47,1,1,2199,1869.0,16,56.0,1,1.0,8,9,7.0,32.0,2.0,17.0
2,36,1,1,846,397.0,24,39.0,1,1.0,5,9,16.0,20.0,4.0,6.0
2,37,1,1,107,37.0,25,37.0,1,1.0,13,2,27.0,16.0,2.0,19.0
1,33,1,2,545,274.0,26,44.0,1,1.0,15,12,22.0,8.0,2.0,24.0
2,18,2,2,968,,NIU,,1,1.0,28,12,11.0,,,
1,45,3,1,2230,1868.0,36,,1,1.0,11,9,16.0,12.0,9.0,20.0
2,40,2,2,641,,NIU,,1,1.0,2,2,21.0,,,
2,45,1,1,1100,684.0,17,49.0,1,1.0,4,12,18.0,29.0,3.0,24.0
1,38,2,2,980,,NIU,,1,1.0,1,11,27.0,,,
2,38,1,1,522,15.0,25,38.0,1,1.0,1,5,23.0,5.0,2.0,29.0
2,23,2,2,261,,NIU,,4,1.0,17,9,20.0,,,
1,20,2,2,1325,,NIU,,4,1.0,27,6,17.0,,,
1,28,2,2,172,,NIU,,1,1.0,19,11,30.0,,,
1,20,1,2,613,295.0,18,24.0,2,1.0,27,6,26.0,25.0,5.0,10.0
1,26,1,2,1727,129.0,25,36.0,2,1.0,30,4,9.0,28.0,1.0,28.0
1,17,2,2,588,,NIU,,1,1.0,33,2,29.0,,,
1,30,3,2,114,34.0,25,,1,1.0,9,7,11.0,3.0,3.0,29.0
2,25,1,1,2229,1867.0,18,30.0,1,1.0,29,8,24.0,8.0,2.0,15.0
1,21,2,2,689,,NIU,,1,1.0,21,9,26.0,,,
2,38,1,1,375,183.0,23,39.0,1,1.0,1,2,14.0,7.0,4.0,9.0
1,45,3,1,867,630.0,25,,1,1.0,11,10,8.0,2.0,7.0,27.0
2,39,1,1,667,418.0,19,47.0,1,1.0,24,6,8.0,2.0,10.0,23.0
1,37,1,1,51,187.0,22,53.0,1,1.0,1,3,21.0,9.0,1.0,11.0
1,15,2,2,995,,NIU,,3,1.0,35,5,24.0,,,
2,49,1,1,501,1115.0,15,55.0,1,,6,5,8.0,35.0,2.0,12.0
1,40,3,1,729,434.0,19,,1,1.0,2,5,19.0,18.0,8.0,19.0
2,39,1,1,47,194.0,22,49.0,1,1.0,24,4,18.0,21.0,11.0,1.0
1,41,2,2,264,,NIU,,1,1.0,12,10,22.0,,,
2,49,1,1,994,668.0,25,54.0,2,,36,3,10.0,14.0,1.0,5.0
2,18,2,2,1345,,NIU,,1,1.0,28,12,10.0,,,
1,26,1,1,2204,1866.0,21,29.0,1,1.0,26,10,27.0,3.0,3.0,18.0
2,16,2,2,1379,,NIU,,5,3.0,32,8,18.0,,,
2,30,1,1,993,669.0,29,28.0,1,1.0,9,4,30.0,28.0,12.0,2.0
1,24,2,2,868,,NIU,,4,4.0,17,7,20.0,,,
1,49,1,1,1034,180.0,20,52.0,1,1.0,6,5,18.0,30.0,3.0,3.0
2,36,1,1,846,397.0,24,39.0,1,1.0,5,9,16.0,20.0,4.0,6.0
2,39,1,1,78,284.0,27,42.0,1,1.0,2,12,15.0,16.0,7.0,17.0
2,29,1,2,992,670.0,27,37.0,1,1.0,34,6,9.0,25.0,10.0,9.0
2,40,2,2,198,,NIU,,1,1.0,2,6,22.0,,,
1,16,2,2,102,,NIU,,1,1.0,32,10,9.0,,,
2,22,2,2,9,,NIU,,1,1.0,23,5,23.0,,,
1,25,2,2,108,,NIU,,1,1.0,29,2,4.0,,,
1,21,2,2,115,,NIU,,1,1.0,21,6,9.0,,,
2,49,1,1,594,678.0,18,54.0,1,1.0,36,3,19.0,33.0,12.0,11.0
2,36,1,1,1714,1114.0,19,41.0,1,1.0,5,2,26.0,13.0,9.0,28.0
1,19,2,2,245,,NIU,,1,1.0,28,8,6.0,,,
1,31,1,1,1715,1113.0,20,36.0,2,1.0,18,12,31.0,20.0,4.0,2.0
1,31,1,1,350,1112.0,21,35.0,1,1.0,10,9,26.0,17.0,1.0,2.0
1,38,2,2,1,,NIU,,1,1.0,1,1,25.0,,,
1,21,2,2,115,,NIU,,1,1.0,21,6,9.0,,,
2,46,1,1,691,503.0,18,47.0,1,1.0,4,11,16.0,23.0,10.0,19.0
2,30,1,2,379,654.0,29,31.0,1,1.0,9,5,27.0,28.0,2.0,7.0
2,34,1,1,32,72.0,14,41.0,1,1.0,15,1,24.0,22.0,5.0,22.0
2,49,1,2,2203,447.0,37,58.0,1,1.0,6,10,17.0,16.0,8.0,1.0
1,26,2,2,227,,NIU,,2,1.0,26,11,8.0,,,
1,20,2,2,923,,NIU,,1,1.0,27,2,20.0,,,
1,35,1,1,1010,671.0,20,37.0,1,1.0,7,5,19.0,9.0,2.0,18.0
2,18,2,2,284,,NIU,,4,1.0,25,6,20.0,,,
1,27,2,2,734,,NIU,,1,1.0,19,4,18.0,,,
2,24,3,1,277,216.0,20,,1,1.0,17,8,3.0,6.0,6.0,20.0
1,46,1,1,392,433.0,25,45.0,3,,4,9,25.0,2.0,10.0,3.0
1,38,1,1,712,436.0,20,48.0,1,1.0,1,11,21.0,1.0,8.0,19.0
1,39,1,1,2184,135.0,20,40.0,4,4.0,24,10,12.0,22.0,5.0,10.0
2,15,2,2,530,,NIU,,1,1.0,32,3,23.0,,,
1,43,1,1,1315,758.0,17,43.0,1,1.0,20,8,22.0,19.0,1.0,17.0
1,39,1,1,58,35.0,21,48.0,1,1.0,24,11,23.0,1.0,3.0,31.0
1,36,1,1,861,628.0,21,41.0,1,1.0,5,2,29.0,9.0,11.0,25.0
1,47,2,2,342,,NIU,,1,1.0,8,6,24.0,,,
1,21,2,2,101,,NIU,,1,1.0,21,4,5.0,,,
1,30,1,1,1670,1840.0,23,36.0,2,5.0,10,9,2.0,12.0,3.0,13.0
1,23,2,2,1069,,NIU,,1,1.0,31,5,31.0,,,
1,23,1,1,2183,1871.0,18,25.0,1,1.0,31,8,26.0,3.0,4.0,22.0
1,18,2,2,491,,NIU,,1,1.0,25,11,11.0,,,
1,48,3,1,965,667.0,19,,1,1.0,3,11,12.0,29.0,4.0,23.0
1,30,1,2,447,254.0,28,28.0,1,1.0,9,6,3.0,25.0,6.0,9.0
1,40,1,1,393,154.0,22,46.0,1,1.0,2,2,11.0,1.0,1.0,17.0
2,23,1,2,396,222.0,20,24.0,1,1.0,17,3,5.0,6.0,7.0,16.0
1,45,1,1,70,33.0,25,53.0,1,1.0,11,2,15.0,2.0,8.0,26.0
2,23,1,1,2214,1870.0,19,27.0,1,1.0,31,7,21.0,11.0,5.0,26.0
1,40,1,1,393,154.0,22,46.0,1,1.0,2,2,11.0,1.0,1.0,17.0
2,30,1,2,379,654.0,29,31.0,1,1.0,9,5,27.0,28.0,2.0,7.0
2,16,2,2,386,,NIU,,1,1.0,32,1,20.0,,,
1,32,1,1,730,435.0,16,53.0,1,1.0,18,3,30.0,13.0,11.0,3.0
2,35,1,1,80,644.0,13,42.0,1,1.0,7,11,12.0,18.0,7.0,4.0
1,23,2,2,1706,,NIU,,1,1.0,17,12,27.0,,,
2,40,1,1,1342,983.0,19,48.0,1,1.0,2,9,21.0,2.0,1.0,22.0
1,47,3,1,498,255.0,19,,1,1.0,8,2,19.0,23.0,7.0,29.0
1,23,2,2,1047,,NIU,,1,1.0,31,10,6.0,,,
2,42,3,1,1631,1084.0,18,,3,,14,9,2.0,14.0,11.0,7.0
2,38,1,1,499,257.0,28,41.0,1,1.0,1,7,7.0,4.0,5.0,7.0
2,19,2,2,848,,NIU,,1,1.0,28,7,2.0,,,
1,28,2,2,377,,NIU,,1,1.0,19,6,4.0,,,
1,29,1,1,2213,1882.0,22,37.0,4,1.0,34,10,14.0,8.0,7.0,21.0
1,25,2,2,500,,NIU,,1,1.0,29,2,27.0,,,
1,20,2,2,575,,NIU,,4,4.0,21,4,30.0,,,
1,39,1,1,1707,1104.0,20,47.0,1,1.0,24,3,3.0,22.0,12.0,27.0
1,26,2,1,376,,NIU,,1,1.0,26,6,23.0,,,
2,26,1,1,2185,1881.0,22,31.0,1,1.0,30,9,2.0,11.0,9.0,10.0
1,19,2,2,364,,NIU,,1,1.0,27,12,15.0,,,
2,39,1,1,1783,1259.0,26,42.0,1,1.0,2,4,16.0,5.0,5.0,16.0
2,41,1,1,435,24.0,20,42.0,1,1.0,12,2,23.0,2.0,9.0,20.0
1,47,1,1,748,399.0,25,49.0,1,1.0,3,12,31.0,15.0,7.0,28.0
2,22,2,2,1665,,NIU,,2,1.0,23,11,29.0,,,
2,38,1,1,202,167.0,18,38.0,1,1.0,1,11,7.0,2.0,2.0,28.0
1,47,1,1,239,455.0,21,55.0,1,1.0,8,6,27.0,19.0,3.0,16.0
1,38,1,1,1666,126.0,21,45.0,1,1.0,1,10,3.0,21.0,2.0,26.0
1,31,2,2,834,,NIU,,1,1.0,10,1,28.0,,,
1,22,2,2,205,,NIU,,4,4.0,23,5,15.0,,,
2,33,1,1,967,710.0,26,40.0,1,1.0,22,11,17.0,10.0,1.0,19.0
1,21,1,1,1667,1103.0,17,23.0,1,1.0,21,5,28.0,6.0,6.0,17.0
2,31,1,1,1359,166.0,18,38.0,1,1.0,18,12,1.0,5.0,8.0,6.0
2,24,2,2,1668,,NIU,,1,1.0,17,1,13.0,,,
2,27,2,2,366,,NIU,,1,1.0,30,1,4.0,,,
1,40,1,1,446,256.0,19,45.0,1,1.0,2,9,8.0,2.0,8.0,8.0
1,40,3,1,374,223.0,25,,1,1.0,12,12,13.0,9.0,3.0,12.0
1,20,2,2,137,,NIU,,1,1.0,21,9,12.0,,,
1,44,1,1,1669,1102.0,35,41.0,1,1.0,11,3,23.0,17.0,1.0,26.0
2,27,2,2,116,,NIU,,1,1.0,30,2,30.0,,,
2,24,2,2,731,,NIU,,1,1.0,17,1,17.0,,,
1,39,1,1,226,218.0,18,38.0,1,1.0,24,7,6.0,2.0,4.0,9.0
2,39,1,1,1346,824.0,18,44.0,1,1.0,24,2,4.0,18.0,2.0,10.0
1,41,1,1,966,1880.0,21,58.0,1,1.0,12,11,10.0,22.0,10.0,29.0
2,32,3,1,53,88.0,14,,1,1.0,18,10,30.0,1.0,7.0,23.0
2,38,1,1,1360,765.0,26,44.0,2,1.0,24,9,17.0,5.0,2.0,9.0
2,42,1,1,496,329.0,20,48.0,1,1.0,14,6,8.0,15.0,6.0,12.0
1,40,3,1,3,21.0,27,,1,1.0,2,8,16.0,5.0,3.0,16.0
2,49,1,1,349,174.0,17,52.0,1,1.0,6,1,27.0,32.0,7.0,26.0
1,32,1,1,730,435.0,16,53.0,1,1.0,18,3,30.0,13.0,11.0,3.0
1,18,2,2,106,,NIU,,1,1.0,25,9,30.0,,,
2,45,1,1,411,176.0,18,54.0,1,1.0,11,6,10.0,23.0,5.0,5.0
2,46,1,1,578,23.0,20,51.0,3,,4,6,22.0,19.0,1.0,11.0
2,18,2,2,12,,NIU,,1,1.0,25,10,27.0,,,
2,24,2,2,1668,,NIU,,1,1.0,17,1,13.0,,,
2,22,2,2,288,,NIU,,2,1.0,23,9,25.0,,,
1,34,1,1,281,585.0,23,40.0,4,1.0,15,8,28.0,20.0,11.0,12.0
2,43,1,1,123,41.0,20,44.0,1,1.0,20,10,15.0,15.0,4.0,16.0
1,48,1,1,1108,540.0,26,51.0,1,1.0,3,9,30.0,15.0,3.0,25.0
1,32,2,2,136,,NIU,,1,1.0,18,10,7.0,,,
2,23,2,2,962,,NIU,,1,1.0,31,2,7.0,,,
1,38,2,2,1,,NIU,,1,1.0,1,1,25.0,,,
2,35,1,1,537,321.0,16,41.0,1,1.0,7,5,13.0,22.0,2.0,1.0
2,49,1,1,465,259.0,20,49.0,1,1.0,6,11,13.0,29.0,9.0,25.0
2,40,1,1,696,289.0,21,40.0,1,1.0,2,9,10.0,1.0,6.0,23.0
1,48,1,1,322,1101.0,23,56.0,1,1.0,3,5,29.0,27.0,5.0,30.0
1,36,1,1,976,711.0,21,41.0,1,1.0,5,11,28.0,9.0,2.0,11.0
1,24,2,2,751,,NIU,,1,1.0,17,1,24.0,,,
1,32,1,1,546,266.0,18,42.0,1,1.0,18,8,21.0,7.0,9.0,7.0
1,36,1,1,1621,1100.0,14,38.0,1,1.0,5,5,7.0,18.0,9.0,18.0
1,44,3,1,73,398.0,19,,1,1.0,16,9,22.0,14.0,10.0,19.0
1,28,1,1,1181,881.0,23,26.0,1,1.0,34,4,9.0,3.0,7.0,29.0
2,43,1,1,1391,766.0,19,41.0,1,1.0,20,1,18.0,24.0,5.0,5.0
2,27,1,1,2187,564.0,16,38.0,1,1.0,30,7,9.0,4.0,1.0,6.0
1,21,2,2,91,,NIU,,1,1.0,21,10,26.0,,,
1,41,1,1,74,168.0,20,46.0,1,1.0,12,8,22.0,18.0,1.0,13.0
1,31,3,1,1392,767.0,16,,1,1.0,10,11,5.0,7.0,4.0,6.0
2,49,1,1,527,13.0,18,56.0,1,1.0,6,11,3.0,31.0,9.0,10.0
1,31,1,1,175,70.0,22,35.0,1,1.0,18,12,28.0,17.0,7.0,12.0
2,40,1,1,54,300.0,33,45.0,1,1.0,2,8,5.0,8.0,5.0,24.0
2,47,1,1,165,265.0,29,46.0,1,1.0,8,6,4.0,1.0,10.0,30.0
2,24,1,1,1393,1017.0,20,24.0,1,1.0,29,3,3.0,11.0,8.0,4.0
1,21,1,2,4,4.0,21,33.0,1,1.0,21,6,14.0,26.0,6.0,13.0
1,15,2,2,444,,NIU,,1,1.0,35,2,1.0,,,
1,20,1,2,19,54.0,19,21.0,1,1.0,27,9,14.0,26.0,9.0,10.0
1,43,1,1,402,175.0,34,41.0,1,2.0,20,1,26.0,12.0,7.0,27.0
2,16,2,2,598,,NIU,,1,1.0,32,6,11.0,,,
2,26,1,1,2186,1897.0,14,46.0,1,1.0,30,3,24.0,16.0,1.0,3.0
1,37,1,1,1375,544.0,26,42.0,1,1.0,13,6,29.0,20.0,1.0,6.0
2,47,2,2,1376,,NIU,,1,1.0,8,5,17.0,,,
1,34,1,2,149,12.0,28,30.0,1,1.0,15,7,10.0,3.0,1.0,7.0
2,41,1,1,181,280.0,27,44.0,1,1.0,14,12,24.0,7.0,2.0,17.0
2,43,1,1,975,724.0,21,43.0,1,1.0,20,11,30.0,18.0,1.0,11.0
1,34,1,2,360,155.0,32,35.0,1,1.0,15,11,19.0,28.0,1.0,11.0
1,18,2,2,40,,NIU,,1,1.0,25,11,17.0,,,
1,41,2,2,264,,NIU,,1,1.0,12,10,22.0,,,
2,38,1,1,81,55.0,22,38.0,1,1.0,1,2,19.0,9.0,9.0,26.0
2,16,2,2,1379,,NIU,,5,3.0,32,8,18.0,,,
2,17,2,2,76,,NIU,,1,1.0,25,4,13.0,,,
1,20,2,2,973,,NIU,,1,1.0,21,3,20.0,,,
1,16,2,2,445,,NIU,,1,1.0,33,9,2.0,,,
2,17,2,2,1633,,NIU,,1,1.0,33,2,8.0,,,
2,23,2,2,974,,NIU,,1,1.0,31,1,10.0,,,
2,18,1,1,1617,1083.0,13,19.0,5,1.0,25,5,10.0,3.0,5.0,19.0
1,39,1,1,58,35.0,21,48.0,1,1.0,24,11,23.0,1.0,3.0,31.0
1,37,3,1,51,535.0,22,,5,3.0,1,3,21.0,13.0,12.0,10.0
1,49,1,1,430,374.0,21,51.0,1,1.0,6,7,4.0,29.0,10.0,29.0
1,22,1,1,2191,534.0,15,28.0,1,1.0,31,9,26.0,8.0,10.0,7.0
1,36,1,1,1621,1100.0,14,38.0,1,1.0,5,5,7.0,18.0,9.0,18.0
1,25,2,2,500,,NIU,,1,1.0,29,2,27.0,,,
1,27,2,2,544,,NIU,,1,1.0,30,1,15.0,,,
1,18,2,2,743,,NIU,,1,1.0,28,12,1.0,,,
1,44,3,1,73,352.0,22,,1,1.0,16,9,22.0,15.0,11.0,9.0
1,36,3,1,1304,902.0,16,,1,1.0,5,5,2.0,2.0,2.0,10.0
1,46,1,1,807,432.0,27,46.0,1,1.0,4,9,13.0,1.0,5.0,19.0
1,32,2,2,136,,NIU,,1,1.0,18,10,7.0,,,
2,35,1,1,321,521.0,15,39.0,2,1.0,7,10,22.0,2.0,8.0,5.0
1,48,1,1,203,229.0,22,49.0,1,1.0,3,10,26.0,19.0,8.0,29.0
1,37,1,1,1618,1066.0,22,42.0,1,1.0,13,11,18.0,7.0,6.0,9.0
1,44,3,1,178,1065.0,33,,1,1.0,16,8,26.0,20.0,11.0,8.0
2,41,2,2,464,,NIU,,1,1.0,12,5,3.0,,,
1,29,3,2,119,234.0,21,,1,1.0,34,1,10.0,12.0,12.0,20.0
1,27,2,2,1388,,NIU,,1,1.0,19,3,9.0,,,
1,23,2,2,753,,NIU,,1,1.0,31,11,28.0,,,
2,19,2,2,19,,NIU,,1,1.0,27,9,14.0,,,
1,36,1,2,2190,1929.0,24,41.0,1,1.0,5,1,1.0,16.0,3.0,14.0
2,42,2,1,862,,NIU,,1,1.0,14,6,7.0,,,
1,40,1,1,1619,1064.0,22,42.0,1,1.0,2,2,19.0,21.0,4.0,5.0
2,30,1,1,754,864.0,22,33.0,1,1.0,9,11,4.0,8.0,7.0,20.0
1,25,2,2,752,,NIU,,2,2.0,29,9,13.0,,,
2,21,2,2,159,,NIU,,1,1.0,21,7,16.0,,,
1,42,1,1,2189,1928.0,26,43.0,1,1.0,14,1,27.0,13.0,2.0,23.0
1,45,1,1,1299,825.0,22,48.0,1,1.0,11,8,11.0,24.0,4.0,18.0
1,30,2,2,977,,NIU,,1,1.0,9,1,21.0,,,
1,18,2,2,69,,NIU,,4,1.0,25,10,2.0,,,
1,33,2,2,1389,,NIU,,1,1.0,22,11,10.0,,,
1,47,1,1,540,151.0,35,49.0,1,1.0,8,1,23.0,16.0,11.0,29.0
2,33,1,1,1390,1014.0,23,43.0,1,1.0,22,8,14.0,4.0,7.0,9.0
1,36,1,1,270,261.0,25,40.0,1,1.0,13,4,4.0,20.0,8.0,4.0
1,17,2,2,146,,NIU,,1,1.0,33,4,4.0,,,
1,17,2,2,146,,NIU,,1,1.0,33,4,4.0,,,
2,46,1,1,1776,1142.0,16,52.0,4,1.0,4,7,3.0,31.0,3.0,15.0
2,45,1,1,1620,1090.0,20,48.0,1,1.0,4,3,20.0,27.0,8.0,3.0
1,21,1,2,4,4.0,21,33.0,1,1.0,21,6,14.0,26.0,6.0,13.0
1,33,1,1,2188,1900.0,15,35.0,5,3.0,22,7,11.0,21.0,1.0,26.0
2,16,2,2,124,,NIU,,1,1.0,32,8,7.0,,,
2,34,1,1,524,299.0,22,35.0,1,1.0,15,11,9.0,20.0,6.0,5.0
1,43,1,1,1566,1089.0,25,54.0,1,1.0,20,6,8.0,1.0,2.0,8.0
2,34,1,1,68,715.0,29,31.0,1,1.0,15,8,3.0,3.0,10.0,2.0
2,16,2,2,174,,NIU,,1,1.0,33,3,23.0,,,
1,44,3,1,73,398.0,19,,1,1.0,16,9,22.0,14.0,10.0,19.0
1,49,1,1,204,117.0,21,54.0,1,1.0,6,11,10.0,29.0,3.0,14.0
1,48,1,1,2167,1899.0,19,54.0,3,1.0,3,6,6.0,30.0,10.0,28.0
2,25,2,2,1425,,NIU,,1,1.0,29,1,8.0,,,
1,30,1,2,504,326.0,25,33.0,1,1.0,9,7,22.0,11.0,7.0,23.0
2,15,2,2,608,,NIU,,1,1.0,35,8,19.0,,,
2,25,1,1,1426,1015.0,23,26.0,1,1.0,29,11,27.0,28.0,4.0,1.0
2,49,1,1,594,678.0,18,54.0,1,1.0,36,3,19.0,33.0,12.0,11.0
1,30,1,1,191,205.0,20,32.0,1,1.0,9,11,28.0,17.0,5.0,1.0
2,32,1,2,860,215.0,16,37.0,1,1.0,18,10,2.0,13.0,5.0,30.0
2,38,1,1,1567,533.0,18,48.0,1,1.0,1,8,25.0,2.0,2.0,22.0
2,35,1,1,5,1088.0,21,40.0,1,1.0,7,1,2.0,7.0,2.0,15.0
2,21,2,2,145,,NIU,,2,1.0,21,8,24.0,,,
1,24,2,2,1568,,NIU,,1,1.0,17,9,28.0,,,
1,33,1,1,194,246.0,23,40.0,1,1.0,22,11,19.0,4.0,2.0,12.0
1,26,1,1,2198,1898.0,14,28.0,5,1.0,26,7,5.0,20.0,1.0,14.0
1,23,2,2,958,,NIU,,1,1.0,31,11,5.0,,,
1,20,2,2,1569,,NIU,,1,1.0,27,7,8.0,,,
2,15,1,2,365,198.0,15,23.0,5,1.0,35,8,24.0,26.0,9.0,12.0
1,15,2,2,444,,NIU,,1,1.0,35,2,1.0,,,
1,30,2,2,2197,,NIU,,1,1.0,9,9,3.0,,,
1,41,1,1,133,649.0,28,40.0,1,1.0,12,7,21.0,16.0,1.0,29.0
2,35,1,1,537,321.0,16,41.0,1,1.0,7,5,13.0,22.0,2.0,1.0
1,18,2,2,463,,NIU,,1,1.0,25,6,18.0,,,
1,25,2,2,764,,NIU,,1,1.0,29,10,17.0,,,
1,41,1,1,395,179.0,27,40.0,1,1.0,12,2,6.0,7.0,12.0,30.0
1,47,1,1,1246,922.0,21,52.0,1,1.0,8,6,14.0,19.0,12.0,26.0
1,33,2,2,957,,NIU,,1,1.0,15,12,31.0,,,
1,29,1,1,1604,1485.0,20,32.0,1,1.0,34,8,18.0,17.0,3.0,27.0
1,46,1,1,128,745.0,22,48.0,3,,8,3,19.0,14.0,2.0,17.0
2,45,1,1,577,688.0,19,52.0,1,1.0,4,4,5.0,23.0,11.0,9.0
2,46,1,1,128,357.0,22,52.0,1,1.0,8,3,19.0,14.0,4.0,2.0
1,44,1,1,494,310.0,21,46.0,1,1.0,16,6,10.0,24.0,9.0,8.0
1,27,2,2,449,,NIU,,1,1.0,30,9,21.0,,,
2,19,2,2,1405,,NIU,,1,1.0,27,4,27.0,,,
2,19,2,2,2172,,NIU,,1,1.0,27,4,17.0,,,
1,44,1,1,141,120.0,24,47.0,1,1.0,16,5,28.0,2.0,2.0,8.0
2,26,1,1,1358,281.0,20,28.0,1,1.0,26,9,5.0,3.0,1.0,24.0
1,33,1,2,1564,1050.0,27,38.0,1,1.0,15,3,29.0,10.0,1.0,7.0
1,40,1,2,881,626.0,33,46.0,1,1.0,2,8,25.0,8.0,10.0,28.0
2,24,2,2,436,,NIU,,1,1.0,29,4,20.0,,,
1,21,2,2,766,,NIU,,1,1.0,21,1,28.0,,,
1,48,2,2,229,,NIU,,1,1.0,6,12,23.0,,,
2,22,3,1,113,48.0,13,,5,3.0,23,10,1.0,12.0,6.0,24.0
1,41,3,1,271,99.0,30,,1,1.0,12,7,28.0,4.0,1.0,4.0
1,33,1,1,1565,731.0,26,34.0,1,1.0,22,5,17.0,8.0,5.0,26.0
2,45,1,1,332,721.0,30,44.0,1,1.0,11,5,17.0,9.0,3.0,30.0
1,40,1,1,581,1213.0,30,42.0,1,1.0,2,10,30.0,4.0,10.0,18.0
2,45,1,1,493,309.0,21,48.0,1,1.0,11,5,29.0,14.0,5.0,21.0
1,42,1,1,399,236.0,21,45.0,1,1.0,20,3,21.0,15.0,12.0,10.0
1,20,2,2,662,,NIU,,1,1.0,27,8,6.0,,,
1,31,1,1,45,26.0,26,33.0,1,1.0,10,1,14.0,11.0,5.0,5.0
2,30,1,1,2171,1049.0,19,35.0,1,1.0,9,5,23.0,20.0,7.0,19.0
1,46,1,1,37,86.0,21,46.0,1,1.0,4,11,21.0,14.0,6.0,8.0
1,40,1,1,33,528.0,26,43.0,1,1.0,2,8,6.0,7.0,3.0,15.0
1,47,1,1,207,116.0,28,51.0,1,1.0,8,7,12.0,1.0,4.0,4.0
1,42,3,1,765,527.0,24,,1,1.0,14,6,14.0,1.0,11.0,4.0
1,40,1,1,610,358.0,18,54.0,1,1.0,2,1,15.0,18.0,4.0,17.0
1,21,2,2,372,,NIU,,1,1.0,21,11,20.0,,,
2,42,1,1,704,465.0,23,42.0,1,1.0,14,9,30.0,22.0,11.0,16.0
1,19,2,2,248,,NIU,,1,1.0,27,12,27.0,,,
2,39,1,1,960,545.0,20,44.0,1,1.0,24,8,23.0,22.0,5.0,18.0
1,26,2,2,87,,NIU,,1,1.0,26,1,16.0,,,
1,49,3,1,48,68.0,17,,1,1.0,6,2,4.0,33.0,11.0,7.0
1,30,3,1,2170,1484.0,24,,1,1.0,9,5,9.0,10.0,5.0,4.0
1,46,1,1,655,386.0,25,50.0,1,2.0,4,8,11.0,18.0,3.0,3.0
1,47,3,1,2169,1483.0,20,,1,1.0,8,1,25.0,19.0,1.0,16.0
1,25,1,1,2168,1482.0,19,28.0,1,1.0,29,1,16.0,10.0,8.0,26.0
1,35,1,1,117,50.0,21,34.0,3,1.0,7,2,18.0,7.0,11.0,12.0
1,24,2,2,197,,NIU,,1,1.0,17,1,20.0,,,
2,49,3,1,590,351.0,21,,2,1.0,6,7,13.0,23.0,6.0,16.0
1,17,2,2,301,,NIU,,1,1.0,33,1,18.0,,,
1,37,1,1,398,235.0,23,44.0,1,1.0,13,1,31.0,5.0,4.0,10.0
2,45,1,1,95,181.0,17,48.0,1,1.0,11,7,28.0,29.0,8.0,3.0
1,30,1,1,959,546.0,13,33.0,5,3.0,9,8,26.0,13.0,6.0,15.0
1,25,1,2,893,30.0,25,30.0,1,1.0,26,3,5.0,26.0,1.0,6.0
2,42,1,1,1459,83.0,23,48.0,1,1.0,14,11,10.0,22.0,3.0,1.0
1,49,1,1,466,336.0,20,51.0,1,1.0,6,7,6.0,30.0,8.0,12.0
1,36,2,2,160,,NIU,,1,1.0,5,7,7.0,,,
2,19,2,2,19,,NIU,,1,1.0,27,9,14.0,,,
2,16,2,2,231,,NIU,,1,1.0,33,3,3.0,,,
1,36,2,2,792,,NIU,,2,1.0,5,5,23.0,,,
2,43,1,1,574,263.0,18,46.0,1,1.0,20,5,1.0,27.0,4.0,19.0
1,41,3,1,1523,1048.0,23,,1,1.0,12,11,5.0,21.0,9.0,23.0
1,42,1,1,1563,1047.0,29,53.0,1,1.0,14,7,28.0,5.0,8.0,28.0
2,28,1,1,785,526.0,19,35.0,1,1.0,19,2,9.0,17.0,10.0,31.0
2,23,1,1,2181,1481.0,22,25.0,1,1.0,31,11,14.0,28.0,11.0,1.0
1,39,1,1,52,124.0,19,44.0,1,1.0,24,7,21.0,22.0,6.0,27.0
1,30,1,1,1532,1073.0,25,35.0,1,1.0,9,1,30.0,3.0,10.0,11.0
2,28,2,2,139,,NIU,,1,1.0,19,2,8.0,,,
2,18,2,2,92,,NIU,,1,1.0,25,5,15.0,,,
1,33,1,2,1564,1050.0,27,38.0,1,1.0,15,3,29.0,10.0,1.0,7.0
1,48,1,1,467,328.0,23,52.0,1,1.0,6,3,17.0,27.0,9.0,4.0
1,16,2,2,148,,NIU,,1,1.0,32,1,21.0,,,
1,32,1,1,2180,1041.0,22,31.0,1,1.0,18,8,17.0,4.0,2.0,3.0
2,38,1,1,81,185.0,15,45.0,1,1.0,1,2,19.0,24.0,10.0,1.0
1,48,1,1,478,24.0,27,50.0,1,1.0,3,2,12.0,2.0,9.0,20.0
2,49,1,1,2179,1933.0,20,56.0,1,1.0,6,5,19.0,30.0,3.0,8.0
1,24,2,2,1147,,NIU,,1,1.0,17,4,4.0,,,
2,44,1,1,897,574.0,19,50.0,3,,16,11,16.0,14.0,6.0,23.0
2,37,1,1,14,2.0,18,43.0,1,1.0,13,10,14.0,1.0,9.0,5.0
1,15,2,2,559,,NIU,,1,1.0,35,6,24.0,,,
1,32,1,2,1533,1072.0,32,35.0,1,1.0,18,2,3.0,26.0,5.0,30.0
2,34,1,1,1534,252.0,28,42.0,2,1.0,15,7,12.0,10.0,5.0,1.0
1,19,2,2,468,,NIU,,1,1.0,28,9,17.0,,,
1,30,1,1,600,350.0,26,39.0,1,1.0,9,5,20.0,11.0,8.0,2.0
2,36,1,1,779,572.0,17,36.0,5,2.0,5,11,13.0,1.0,5.0,25.0
2,48,1,1,1045,660.0,19,56.0,1,1.0,3,11,18.0,30.0,2.0,13.0
1,33,1,1,1535,1932.0,30,33.0,1,1.0,22,5,10.0,6.0,8.0,17.0
2,40,1,1,708,501.0,18,48.0,2,,2,10,10.0,15.0,2.0,30.0
2,47,1,1,165,265.0,29,46.0,1,1.0,8,6,4.0,1.0,10.0,30.0
1,43,1,1,373,593.0,29,45.0,1,1.0,20,8,19.0,7.0,2.0,9.0
1,48,1,1,553,345.0,31,60.0,1,1.0,3,2,27.0,13.0,7.0,6.0
2,23,2,2,1064,,NIU,,1,1.0,31,6,22.0,,,
2,26,1,1,917,337.0,19,32.0,2,1.0,30,9,18.0,8.0,1.0,14.0
1,42,2,2,10,,NIU,,1,1.0,14,7,7.0,,,
1,16,2,2,339,,NIU,,1,1.0,32,5,28.0,,,
2,49,1,1,703,1071.0,21,48.0,1,1.0,6,8,25.0,29.0,7.0,16.0
1,35,1,2,1469,1042.0,25,38.0,1,1.0,5,12,28.0,4.0,7.0,30.0
1,33,1,1,1967,1070.0,28,33.0,4,4.0,15,4,15.0,3.0,1.0,1.0
1,43,3,1,794,525.0,19,,2,1.0,20,5,20.0,14.0,3.0,26.0
1,41,1,1,749,529.0,23,45.0,3,1.0,12,2,1.0,1.0,3.0,2.0
1,38,1,1,712,436.0,20,48.0,1,1.0,1,11,21.0,1.0,8.0,19.0
1,36,2,2,1968,,NIU,,1,1.0,5,1,21.0,,,
2,45,1,1,1470,1011.0,19,54.0,1,1.0,11,6,6.0,19.0,2.0,21.0
1,39,1,1,475,360.0,18,51.0,1,1.0,2,4,23.0,18.0,10.0,21.0
2,49,1,1,1969,1069.0,16,56.0,1,1.0,36,12,22.0,34.0,5.0,19.0
2,45,1,1,95,181.0,17,48.0,1,1.0,11,7,28.0,29.0,8.0,3.0
1,27,2,2,330,,NIU,,1,1.0,19,3,13.0,,,
2,22,2,2,9,,NIU,,1,1.0,23,5,23.0,,,
1,38,2,2,1,,NIU,,1,1.0,1,1,25.0,,,
1,49,3,1,48,68.0,17,,1,1.0,6,2,4.0,33.0,11.0,7.0
1,28,1,1,505,241.0,22,37.0,1,1.0,19,11,3.0,10.0,8.0,6.0
1,45,1,1,85,9.0,29,43.0,1,1.0,4,3,23.0,13.0,1.0,23.0
1,36,1,1,793,166.0,23,41.0,1,1.0,13,3,11.0,5.0,8.0,6.0
1,33,1,1,194,246.0,23,40.0,1,1.0,22,11,19.0,4.0,2.0,12.0
1,30,2,2,977,,NIU,,1,1.0,9,1,21.0,,,
1,36,2,2,626,,NIU,,1,1.0,5,9,23.0,,,
2,27,2,2,366,,NIU,,1,1.0,30,1,4.0,,,
2,19,2,2,848,,NIU,,1,1.0,28,7,2.0,,,
1,49,1,1,567,244.0,26,46.0,1,1.0,6,5,4.0,24.0,7.0,15.0
1,48,1,1,183,87.0,17,59.0,1,1.0,3,4,28.0,31.0,5.0,20.0
1,41,1,1,488,335.0,26,41.0,1,1.0,12,2,7.0,7.0,4.0,3.0
2,49,2,2,635,,NIU,,1,1.0,36,3,11.0,,,
1,39,1,1,1031,723.0,25,40.0,1,1.0,24,6,25.0,7.0,8.0,28.0
1,25,2,2,1471,,NIU,,1,1.0,29,1,20.0,,,
1,49,1,1,1472,182.0,26,48.0,1,1.0,6,2,25.0,24.0,1.0,16.0
2,34,1,1,238,160.0,30,33.0,2,1.0,15,7,25.0,6.0,1.0,9.0
1,39,1,1,2151,1931.0,26,40.0,1,1.0,2,12,28.0,5.0,1.0,27.0
1,27,1,1,1473,754.0,17,26.0,5,1.0,19,3,2.0,4.0,2.0,19.0
2,15,2,2,929,,NIU,,2,1.0,35,7,2.0,,,
1,19,2,2,1970,,NIU,,1,1.0,28,5,25.0,,,
1,42,1,1,1971,1068.0,29,48.0,1,1.0,14,6,17.0,5.0,7.0,16.0
1,36,1,1,698,469.0,17,40.0,1,1.0,13,3,5.0,22.0,6.0,21.0
1,26,2,2,1282,,NIU,,1,1.0,26,10,17.0,,,
2,26,1,1,1458,753.0,19,37.0,1,1.0,26,1,1.0,10.0,5.0,17.0
2,27,1,1,2182,1930.0,24,34.0,1,1.0,30,6,13.0,6.0,3.0,17.0
1,48,2,2,229,,NIU,,1,1.0,6,12,23.0,,,
1,32,1,1,1531,1079.0,23,37.0,1,1.0,18,9,25.0,12.0,7.0,4.0
1,35,1,1,1489,1044.0,27,39.0,1,1.0,7,9,14.0,8.0,4.0,2.0
1,43,1,1,307,1.0,28,50.0,1,1.0,20,9,25.0,9.0,2.0,1.0
2,46,1,1,1964,1107.0,17,49.0,1,1.0,4,8,12.0,30.0,8.0,20.0
1,28,1,1,1181,881.0,23,26.0,1,1.0,34,4,9.0,3.0,7.0,29.0
1,21,2,2,689,,NIU,,1,1.0,21,9,26.0,,,
1,45,1,1,315,1106.0,27,49.0,1,1.0,11,1,5.0,1.0,2.0,25.0
2,39,2,2,2153,,NIU,,1,1.0,24,2,10.0,,,
2,30,1,1,661,596.0,20,37.0,1,1.0,9,2,25.0,17.0,6.0,12.0
2,29,1,1,637,1233.0,25,30.0,1,1.0,9,4,19.0,3.0,11.0,31.0
1,32,2,2,22,,NIU,,1,1.0,18,7,19.0,,,
2,23,2,2,56,,NIU,,1,1.0,17,3,8.0,,,
2,19,2,2,423,,NIU,,1,1.0,28,6,23.0,,,
1,33,1,2,100,93.0,26,39.0,1,1.0,22,5,23.0,8.0,4.0,15.0
1,36,2,2,884,,NIU,,1,1.0,13,3,16.0,,,
2,21,2,2,145,,NIU,,2,1.0,21,8,24.0,,,
1,20,2,2,424,,NIU,,1,1.0,27,1,7.0,,,
1,47,3,1,454,305.0,19,,1,1.0,8,11,13.0,23.0,7.0,18.0
1,19,2,2,245,,NIU,,1,1.0,28,8,6.0,,,
1,35,1,1,2152,1883.0,28,37.0,1,1.0,7,2,24.0,8.0,10.0,19.0
2,40,1,1,1965,325.0,22,40.0,1,1.0,12,12,27.0,1.0,1.0,3.0
1,33,1,1,1466,764.0,20,36.0,1,1.0,22,6,31.0,5.0,7.0,6.0
1,18,2,2,471,,NIU,,1,1.0,25,6,10.0,,,
2,45,3,1,1467,1105.0,17,,1,1.0,11,8,28.0,29.0,5.0,6.0
2,18,1,1,1617,1083.0,13,19.0,5,1.0,25,5,10.0,3.0,5.0,19.0
1,45,1,1,43,25.0,19,50.0,1,1.0,11,8,2.0,19.0,9.0,13.0
2,16,2,2,401,,NIU,,1,1.0,32,10,21.0,,,
1,41,1,1,127,31.0,18,43.0,1,1.0,12,2,8.0,15.0,4.0,1.0
1,27,2,2,900,,NIU,,1,1.0,30,7,30.0,,,
2,21,2,2,112,,NIU,,1,1.0,23,4,7.0,,,
1,38,3,1,110,49.0,21,,1,1.0,1,6,22.0,21.0,3.0,6.0
2,40,1,1,1468,768.0,20,44.0,1,1.0,2,5,17.0,2.0,3.0,8.0
1,30,3,1,118,46.0,21,,1,1.0,9,7,8.0,12.0,7.0,8.0
1,49,1,1,714,437.0,20,54.0,1,1.0,6,7,27.0,30.0,11.0,22.0
2,42,1,1,151,1222.0,25,52.0,1,1.0,14,1,15.0,13.0,1.0,29.0
1,16,2,2,1966,,NIU,,1,1.0,33,12,25.0,,,
2,25,2,2,931,,NIU,,4,1.0,29,10,25.0,,,
1,40,1,1,208,114.0,23,41.0,1,1.0,12,3,22.0,1.0,11.0,5.0
1,37,2,2,223,,NIU,,1,1.0,13,10,4.0,,,
2,47,1,1,173,96.0,21,53.0,1,1.0,8,10,26.0,19.0,2.0,30.0
1,40,1,1,930,712.0,30,40.0,1,1.0,2,1,12.0,17.0,7.0,16.0
1,45,1,1,1450,999.0,25,44.0,1,1.0,11,5,1.0,2.0,5.0,22.0
1,41,1,1,808,414.0,23,45.0,1,1.0,12,11,21.0,21.0,1.0,24.0
1,27,1,1,1451,1000.0,22,37.0,1,1.0,30,7,12.0,3.0,10.0,27.0
2,29,1,1,1306,589.0,24,36.0,1,1.0,34,6,30.0,3.0,4.0,29.0
2,47,1,1,31,511.0,44,48.0,1,1.0,8,5,21.0,6.0,10.0,28.0
2,33,3,1,1517,884.0,27,,1,1.0,22,2,28.0,3.0,9.0,5.0
2,23,1,1,1081,645.0,20,31.0,1,1.0,31,5,17.0,6.0,5.0,22.0
1,47,1,1,2154,1879.0,26,50.0,1,1.0,3,3,2.0,18.0,3.0,16.0
1,31,1,1,1452,1001.0,21,40.0,1,1.0,10,6,22.0,4.0,6.0,22.0
1,31,2,2,415,,NIU,,1,1.0,10,6,27.0,,,
2,48,1,1,806,523.0,17,51.0,1,1.0,3,4,16.0,31.0,4.0,1.0
1,36,1,1,371,226.0,29,37.0,1,1.0,13,12,16.0,8.0,12.0,6.0
2,42,3,1,190,105.0,19,,1,1.0,14,1,31.0,24.0,10.0,18.0
1,29,3,2,780,494.0,25,,1,1.0,34,11,24.0,11.0,3.0,16.0
1,39,3,1,161,63.0,27,,1,1.0,2,3,3.0,16.0,2.0,6.0
1,31,1,1,1463,710.0,25,51.0,1,1.0,10,6,18.0,10.0,1.0,19.0
2,40,1,1,489,324.0,18,48.0,1,1.0,12,9,1.0,15.0,8.0,1.0
1,35,1,1,1123,648.0,20,35.0,1,1.0,7,6,12.0,9.0,9.0,29.0
1,20,2,2,228,,NIU,,2,1.0,27,10,4.0,,,
2,34,1,1,221,394.0,25,41.0,1,1.0,15,9,5.0,12.0,8.0,7.0
2,43,1,1,795,413.0,17,45.0,1,1.0,20,11,15.0,27.0,7.0,13.0
1,35,1,1,503,692.0,21,45.0,3,,7,8,17.0,7.0,2.0,23.0
2,28,1,1,1464,1002.0,19,34.0,1,1.0,34,3,7.0,17.0,1.0,21.0
2,29,2,2,1528,,NIU,,1,1.0,34,8,28.0,,,
2,32,1,1,1085,650.0,14,43.0,1,1.0,18,1,21.0,21.0,7.0,23.0
1,26,1,1,534,264.0,20,26.0,1,1.0,26,10,2.0,3.0,4.0,5.0
2,44,1,1,1465,1003.0,16,48.0,1,1.0,16,6,24.0,29.0,1.0,9.0
1,33,1,1,1076,629.0,29,34.0,1,1.0,22,2,18.0,11.0,8.0,22.0
1,31,1,1,1529,1098.0,21,35.0,1,1.0,10,1,29.0,17.0,1.0,10.0
1,31,1,1,1661,1349.0,23,30.0,1,1.0,10,11,6.0,12.0,3.0,2.0
1,47,1,1,31,92.0,34,42.0,1,1.0,8,5,21.0,5.0,1.0,3.0
2,45,1,1,411,176.0,18,54.0,1,1.0,11,6,10.0,23.0,5.0,5.0
2,39,1,1,667,418.0,19,47.0,1,1.0,24,6,8.0,2.0,10.0,23.0
2,48,1,1,1122,1189.0,20,54.0,1,1.0,3,5,1.0,29.0,1.0,3.0
1,18,2,2,98,,NIU,,1,1.0,25,2,5.0,,,
2,42,1,1,704,465.0,23,42.0,1,1.0,14,9,30.0,22.0,11.0,16.0
1,26,1,1,1530,1097.0,23,36.0,1,1.0,30,3,11.0,6.0,2.0,15.0
2,45,1,1,1091,611.0,20,48.0,1,1.0,4,3,3.0,27.0,7.0,6.0
2,31,1,1,200,119.0,25,32.0,1,1.0,18,12,5.0,10.0,10.0,16.0
2,48,1,1,902,693.0,24,47.0,1,1.0,3,1,31.0,14.0,12.0,30.0
2,43,1,1,795,413.0,17,45.0,1,1.0,20,11,15.0,27.0,7.0,13.0
2,32,1,2,860,215.0,16,37.0,1,1.0,18,10,2.0,13.0,5.0,30.0
1,32,1,1,1267,774.0,27,35.0,1,1.0,18,10,13.0,3.0,11.0,15.0
1,31,1,1,901,694.0,24,33.0,1,1.0,18,12,2.0,8.0,1.0,8.0
2,45,1,1,260,125.0,21,46.0,1,1.0,11,10,23.0,14.0,7.0,10.0
1,23,2,2,1561,,NIU,,1,1.0,31,2,20.0,,,
1,29,3,1,385,193.0,20,,1,1.0,9,12,31.0,17.0,4.0,14.0
1,34,1,1,72,14.0,23,39.0,1,1.0,15,2,29.0,4.0,4.0,3.0
1,30,2,2,384,,NIU,,1,1.0,9,7,13.0,,,
1,38,1,1,1436,1004.0,29,41.0,1,1.0,1,2,13.0,17.0,3.0,30.0
1,31,1,1,25,11.0,25,36.0,1,1.0,10,2,3.0,3.0,4.0,10.0
1,35,1,1,1128,982.0,21,36.0,3,1.0,7,11,10.0,5.0,5.0,15.0
1,26,2,1,376,,NIU,,1,1.0,26,6,23.0,,,
1,43,1,1,1028,556.0,25,49.0,1,1.0,20,10,25.0,1.0,7.0,16.0
1,30,2,2,158,,NIU,,1,1.0,9,1,28.0,,,
2,46,1,1,1562,1138.0,24,48.0,1,1.0,4,10,23.0,15.0,10.0,2.0
2,30,2,2,482,,NIU,,1,1.0,9,1,3.0,,,
1,28,1,1,596,279.0,21,28.0,1,1.0,19,7,9.0,8.0,2.0,29.0
1,44,1,1,141,120.0,24,47.0,1,1.0,16,5,28.0,2.0,2.0,8.0
2,38,1,1,1441,984.0,26,43.0,1,1.0,1,8,16.0,16.0,2.0,13.0
2,40,1,2,581,672.0,31,45.0,1,1.0,2,10,30.0,17.0,12.0,27.0
2,15,2,2,1442,,NIU,,1,1.0,35,5,2.0,,,
2,34,1,1,1114,423.0,20,41.0,1,1.0,15,11,21.0,7.0,3.0,28.0
1,39,1,1,79,98.0,18,43.0,5,1.0,24,6,7.0,18.0,2.0,4.0
2,34,1,1,1156,990.0,30,43.0,1,1.0,7,12,25.0,11.0,6.0,13.0
1,30,1,1,1443,642.0,20,34.0,1,1.0,9,11,25.0,4.0,12.0,26.0
2,32,1,1,66,15.0,19,39.0,4,1.0,18,2,22.0,5.0,2.0,29.0
1,21,2,2,316,,NIU,,1,1.0,21,7,6.0,,,
2,29,1,1,1446,985.0,19,34.0,1,1.0,34,7,10.0,4.0,3.0,1.0
2,18,2,2,680,,NIU,,1,1.0,25,5,23.0,,,
1,42,1,1,399,236.0,21,45.0,1,1.0,20,3,21.0,15.0,12.0,10.0
1,47,3,1,915,643.0,23,,1,1.0,8,6,22.0,14.0,5.0,19.0
2,15,2,2,1447,,NIU,,1,1.0,32,4,21.0,,,
1,18,2,2,743,,NIU,,1,1.0,28,12,1.0,,,
1,29,2,2,618,,NIU,,1,1.0,34,2,12.0,,,
1,17,2,2,353,,NIU,,1,1.0,25,3,17.0,,,
2,16,2,2,2157,,NIU,,4,1.0,32,5,1.0,,,
1,48,3,1,932,577.0,29,,1,1.0,3,6,29.0,22.0,10.0,18.0
1,46,1,1,37,86.0,21,46.0,1,1.0,4,11,21.0,14.0,6.0,8.0
1,32,1,1,2156,969.0,28,34.0,1,1.0,22,12,11.0,11.0,1.0,18.0
1,24,2,2,337,,NIU,,1,1.0,17,1,8.0,,,
1,31,1,1,249,136.0,24,34.0,1,1.0,10,7,18.0,8.0,11.0,22.0
2,17,2,2,1448,,NIU,,1,1.0,33,1,20.0,,,
2,41,1,1,2155,1836.0,23,51.0,1,1.0,12,11,2.0,21.0,4.0,3.0
2,30,1,1,1438,1016.0,20,44.0,1,1.0,9,9,28.0,4.0,12.0,17.0
2,33,1,1,1449,970.0,19,35.0,1,1.0,15,3,23.0,7.0,8.0,4.0
1,43,1,1,1575,1041.0,33,44.0,1,1.0,20,11,26.0,4.0,2.0,3.0
2,33,1,1,822,472.0,16,41.0,1,1.0,15,12,18.0,21.0,12.0,18.0
1,45,1,2,450,338.0,27,49.0,1,1.0,11,8,16.0,1.0,7.0,9.0
1,25,1,2,1427,620.0,25,29.0,1,1.0,29,5,18.0,26.0,5.0,24.0
1,19,2,2,690,,NIU,,1,1.0,27,3,23.0,,,
2,49,3,1,745,518.0,18,,1,1.0,6,6,13.0,32.0,8.0,24.0
2,18,2,2,441,,NIU,,1,1.0,25,3,18.0,,,
2,25,1,2,984,450.0,25,30.0,1,1.0,29,8,10.0,26.0,8.0,10.0
2,47,1,1,2164,1835.0,23,51.0,1,1.0,8,2,22.0,14.0,2.0,8.0
2,43,1,1,1249,1025.0,19,51.0,4,1.0,20,9,9.0,14.0,12.0,7.0
2,27,1,2,821,471.0,27,28.0,1,1.0,30,11,18.0,26.0,2.0,16.0
1,31,1,1,25,11.0,25,36.0,1,1.0,10,2,3.0,3.0,4.0,10.0
2,36,1,1,1110,722.0,19,36.0,1,1.0,5,9,24.0,13.0,5.0,23.0
1,17,2,2,587,,NIU,,1,1.0,33,1,2.0,,,
1,45,1,1,30,17.0,21,52.0,2,2.0,4,3,17.0,14.0,3.0,12.0
1,21,2,2,101,,NIU,,1,1.0,21,4,5.0,,,
1,38,2,2,1,,NIU,,1,1.0,1,1,25.0,,,
1,26,1,1,2163,1834.0,18,25.0,1,1.0,26,6,1.0,12.0,6.0,3.0
1,38,3,1,483,621.0,21,,1,1.0,24,12,2.0,21.0,4.0,2.0
2,42,1,1,1171,1037.0,19,45.0,1,1.0,14,2,10.0,15.0,9.0,16.0
2,40,1,1,303,209.0,14,43.0,2,2.0,2,8,27.0,19.0,9.0,19.0
1,40,1,1,50,253.0,20,41.0,1,1.0,2,2,17.0,2.0,8.0,7.0
2,25,1,2,984,450.0,25,30.0,1,1.0,29,8,10.0,26.0,8.0,10.0
1,34,1,1,72,14.0,23,39.0,1,1.0,15,2,29.0,4.0,4.0,3.0
1,28,1,1,131,61.0,25,28.0,1,1.0,19,9,11.0,25.0,1.0,7.0
2,44,1,1,178,228.0,22,45.0,1,1.0,16,8,26.0,15.0,8.0,30.0
1,49,1,1,129,56.0,27,52.0,1,1.0,6,10,5.0,18.0,6.0,30.0
2,48,1,1,1428,971.0,14,54.0,1,1.0,3,7,27.0,35.0,11.0,6.0
2,43,1,1,132,639.0,25,40.0,4,1.0,20,5,11.0,1.0,7.0,11.0
1,22,2,2,383,,NIU,,1,1.0,23,5,4.0,,,
1,21,2,2,316,,NIU,,1,1.0,21,7,6.0,,,
1,18,2,2,69,,NIU,,4,1.0,25,10,2.0,,,
1,22,2,2,683,,NIU,,1,1.0,31,4,13.0,,,
2,37,1,1,791,319.0,20,42.0,1,1.0,1,4,29.0,21.0,2.0,9.0
1,25,1,1,2162,58.0,23,33.0,1,1.0,26,4,6.0,25.0,1.0,16.0
1,31,2,2,135,,NIU,,1,1.0,10,1,26.0,,,
1,41,1,1,484,323.0,27,42.0,1,1.0,12,5,4.0,5.0,6.0,19.0
2,37,1,1,14,2.0,18,43.0,1,1.0,13,10,14.0,1.0,9.0,5.0
1,46,1,1,636,84.0,19,50.0,1,1.0,4,5,16.0,23.0,1.0,15.0
1,23,2,2,218,,NIU,,1,1.0,17,12,17.0,,,
2,37,1,1,17,57.0,29,38.0,1,1.0,1,3,6.0,12.0,2.0,7.0
1,38,1,1,856,447.0,25,37.0,1,1.0,1,9,13.0,16.0,8.0,1.0
1,44,3,1,73,398.0,19,,1,1.0,16,9,22.0,14.0,10.0,19.0
1,41,1,1,276,204.0,15,44.0,1,1.0,12,5,19.0,19.0,12.0,12.0
1,43,1,1,122,1006.0,29,45.0,1,1.0,16,3,19.0,7.0,2.0,22.0
1,36,1,1,1576,1132.0,21,52.0,1,1.0,5,7,29.0,7.0,4.0,10.0
1,31,1,1,901,694.0,24,33.0,1,1.0,18,12,2.0,8.0,1.0,8.0
1,35,1,1,265,422.0,27,37.0,1,1.0,7,7,16.0,12.0,11.0,27.0
2,25,2,2,813,,NIU,,1,1.0,29,8,3.0,,,
2,22,1,1,1577,1131.0,20,26.0,1,1.0,31,4,14.0,25.0,1.0,27.0
1,42,1,1,812,464.0,31,43.0,3,,14,5,16.0,20.0,4.0,22.0
2,39,2,2,1578,,NIU,,1,1.0,2,12,30.0,,,
1,19,2,2,468,,NIU,,1,1.0,28,9,17.0,,,
2,40,1,1,1429,951.0,18,45.0,1,1.0,12,9,5.0,15.0,7.0,6.0
1,38,2,2,2136,,NIU,,1,1.0,1,1,20.0,,,
1,38,1,1,666,389.0,22,45.0,1,1.0,1,10,18.0,13.0,12.0,4.0
1,32,1,1,1012,651.0,21,36.0,1,1.0,18,11,29.0,4.0,4.0,8.0
2,46,1,1,1417,952.0,20,50.0,1,1.0,4,2,5.0,19.0,3.0,1.0
2,24,1,1,874,598.0,21,27.0,1,1.0,17,7,23.0,6.0,12.0,9.0
1,37,1,1,2135,1830.0,24,36.0,1,1.0,13,6,15.0,5.0,9.0,4.0
1,17,2,2,1418,,NIU,,1,1.0,33,10,15.0,,,
2,37,1,1,1409,853.0,20,38.0,1,2.0,13,6,5.0,21.0,1.0,29.0
1,44,3,1,830,192.0,24,,1,1.0,16,6,28.0,2.0,1.0,5.0
1,25,2,2,829,,NIU,,1,1.0,26,12,2.0,,,
1,43,2,2,873,,NIU,,1,1.0,20,10,10.0,,,
1,27,1,2,828,480.0,25,27.0,1,1.0,30,8,20.0,28.0,6.0,6.0
2,43,1,1,1589,1130.0,38,54.0,1,1.0,20,2,10.0,11.0,6.0,5.0
1,41,1,1,808,414.0,23,45.0,1,1.0,12,11,21.0,21.0,1.0,24.0
1,28,2,2,377,,NIU,,1,1.0,19,6,4.0,,,
1,33,1,1,2166,1794.0,25,41.0,1,1.0,22,11,21.0,8.0,1.0,29.0
2,42,1,1,899,126.0,25,41.0,2,1.0,14,11,15.0,21.0,2.0,26.0
1,26,2,2,823,,NIU,,1,1.0,30,4,16.0,,,
2,30,1,1,319,161.0,27,31.0,1,1.0,9,8,10.0,6.0,1.0,6.0
1,30,2,2,384,,NIU,,1,1.0,9,7,13.0,,,
1,38,1,1,2165,262.0,25,39.0,1,1.0,24,3,15.0,5.0,6.0,13.0
2,28,2,2,139,,NIU,,1,1.0,19,2,8.0,,,
1,45,1,1,30,17.0,21,52.0,2,2.0,4,3,17.0,14.0,3.0,12.0
1,22,2,2,1573,,NIU,,1,1.0,23,1,12.0,,,
1,15,2,2,94,,NIU,,1,1.0,35,7,10.0,,,
2,23,1,1,1574,1148.0,17,35.0,4,1.0,17,12,13.0,10.0,2.0,6.0
1,49,1,1,97,270.0,25,49.0,1,1.0,6,1,28.0,24.0,1.0,9.0
1,40,1,1,2138,1793.0,28,41.0,1,1.0,2,9,23.0,20.0,6.0,19.0
2,49,1,1,1413,953.0,21,52.0,1,1.0,6,2,8.0,29.0,11.0,23.0
1,30,1,1,2137,1792.0,20,32.0,1,1.0,9,2,30.0,4.0,11.0,27.0
1,36,1,1,235,384.0,25,38.0,1,1.0,13,3,25.0,20.0,2.0,7.0
1,31,1,1,7,5.0,27,41.0,1,1.0,10,1,6.0,6.0,4.0,8.0
1,23,2,2,879,,NIU,,1,1.0,31,2,12.0,,,
1,36,1,1,371,226.0,29,37.0,1,1.0,13,12,16.0,8.0,12.0,6.0
1,19,2,2,878,,NIU,,1,1.0,28,9,9.0,,,
2,19,2,2,423,,NIU,,1,1.0,28,6,23.0,,,
2,40,3,1,1414,954.0,16,,5,1.0,12,3,17.0,14.0,7.0,28.0
1,47,3,1,498,255.0,19,,1,1.0,8,2,19.0,23.0,7.0,29.0
1,38,2,2,1,,NIU,,1,1.0,1,1,25.0,,,
2,35,1,1,206,145.0,24,34.0,1,1.0,5,12,15.0,16.0,11.0,22.0
1,39,1,2,311,782.0,32,44.0,1,1.0,24,1,24.0,10.0,7.0,29.0
1,33,1,1,665,262.0,20,41.0,1,1.0,15,12,28.0,5.0,6.0,13.0
1,37,1,1,235,955.0,20,34.0,1,1.0,13,3,25.0,21.0,11.0,17.0
1,44,3,1,809,400.0,23,,1,1.0,16,6,31.0,18.0,8.0,29.0
2,41,1,1,127,665.0,18,40.0,1,1.0,12,2,8.0,24.0,8.0,1.0
2,22,2,2,526,,NIU,,1,1.0,23,9,21.0,,,
2,15,2,2,832,,NIU,,1,1.0,35,7,15.0,,,
1,49,1,1,701,470.0,23,50.0,1,1.0,36,4,26.0,23.0,11.0,17.0
1,30,1,1,511,322.0,17,32.0,1,1.0,9,2,1.0,16.0,4.0,26.0
2,44,1,1,877,599.0,16,50.0,1,1.0,11,4,11.0,29.0,5.0,12.0
1,28,1,1,131,61.0,25,28.0,1,1.0,19,9,11.0,25.0,1.0,7.0
2,47,1,1,1581,1147.0,20,55.0,4,1.0,8,6,7.0,23.0,3.0,27.0
1,27,1,1,1124,746.0,23,35.0,1,1.0,30,5,6.0,11.0,3.0,21.0
1,31,1,1,1582,600.0,26,38.0,1,1.0,18,3,3.0,3.0,3.0,25.0
1,25,2,2,752,,NIU,,2,2.0,29,9,13.0,,,
1,41,1,1,1583,40.0,20,38.0,1,1.0,12,1,2.0,2.0,4.0,8.0
1,32,3,1,138,81.0,24,,1,1.0,18,8,23.0,12.0,7.0,11.0
1,37,1,1,876,408.0,29,35.0,1,1.0,13,3,18.0,8.0,1.0,5.0
1,38,2,2,1,,NIU,,1,1.0,1,1,25.0,,,
1,16,2,2,598,,NIU,,2,1.0,32,6,11.0,,,
1,25,2,2,640,,NIU,,1,1.0,29,2,9.0,,,
2,45,1,1,493,309.0,21,48.0,1,1.0,11,5,29.0,14.0,5.0,21.0
2,22,2,2,1648,,NIU,,1,1.0,23,2,7.0,,,
1,38,1,1,369,55.0,22,41.0,1,1.0,1,1,5.0,9.0,9.0,26.0
1,36,2,2,792,,NIU,,2,1.0,5,5,23.0,,,
1,41,2,2,264,,NIU,,1,1.0,12,10,22.0,,,
1,46,1,1,759,495.0,23,57.0,1,1.0,8,3,10.0,24.0,6.0,23.0
2,15,2,2,1588,,NIU,,1,1.0,35,4,9.0,,,
1,21,2,2,831,,NIU,,2,2.0,23,3,11.0,,,
1,41,1,1,1763,1177.0,25,44.0,1,1.0,14,12,23.0,13.0,7.0,27.0
2,36,1,1,1416,956.0,18,41.0,1,1.0,13,12,17.0,1.0,10.0,8.0
1,49,1,1,701,470.0,23,50.0,1,1.0,36,4,26.0,23.0,11.0,17.0
1,36,1,1,1107,640.0,27,36.0,1,1.0,5,2,21.0,12.0,7.0,20.0
1,42,1,1,35,60.0,21,42.0,1,1.0,14,8,2.0,18.0,2.0,19.0
1,32,1,1,564,62.0,30,41.0,1,1.0,22,3,9.0,25.0,6.0,21.0
1,46,1,1,816,331.0,33,51.0,1,1.0,4,9,28.0,16.0,5.0,17.0
1,18,2,2,98,,NIU,,1,1.0,25,2,5.0,,,
1,38,1,1,41,476.0,24,39.0,3,1.0,1,9,16.0,5.0,1.0,5.0
2,48,3,2,49,19.0,34,,1,1.0,3,5,22.0,5.0,9.0,26.0
2,46,1,1,1596,1146.0,21,53.0,1,1.0,4,10,26.0,27.0,3.0,6.0
1,33,1,1,665,262.0,20,41.0,1,1.0,15,12,28.0,5.0,6.0,13.0
2,43,3,1,1397,957.0,17,,1,1.0,20,11,25.0,27.0,5.0,14.0
1,42,1,1,997,875.0,28,39.0,3,,14,11,31.0,5.0,6.0,23.0
2,39,2,2,1578,,NIU,,1,1.0,2,12,30.0,,,
2,17,2,2,815,,NIU,,2,2.0,33,6,18.0,,,
2,16,2,2,124,,NIU,,1,1.0,32,8,7.0,,,
1,37,1,2,1507,1363.0,26,38.0,1,1.0,13,1,17.0,20.0,2.0,11.0
1,25,2,2,507,,NIU,,1,1.0,29,5,26.0,,,
2,17,2,2,76,,NIU,,1,1.0,25,4,13.0,,,
1,49,1,1,97,558.0,23,48.0,1,1.0,6,1,28.0,27.0,5.0,25.0
2,47,1,1,173,96.0,21,53.0,1,1.0,8,10,26.0,19.0,2.0,30.0
2,36,1,1,814,479.0,33,33.0,1,1.0,5,1,27.0,6.0,8.0,10.0
2,34,1,1,1504,1823.0,26,36.0,1,1.0,15,10,10.0,12.0,1.0,17.0
1,34,1,1,2142,1822.0,17,38.0,1,1.0,15,5,31.0,13.0,6.0,20.0
1,28,2,2,172,,NIU,,1,1.0,19,11,30.0,,,
1,25,2,2,1471,,NIU,,1,1.0,29,1,20.0,,,
2,18,2,2,105,,NIU,,1,1.0,25,6,28.0,,,
1,34,1,1,281,585.0,23,40.0,4,1.0,15,8,28.0,20.0,11.0,12.0
1,48,2,2,388,,NIU,,1,1.0,6,12,1.0,,,
1,44,1,1,770,51.0,19,47.0,5,3.0,16,6,22.0,27.0,9.0,16.0
1,47,1,1,23,20.0,26,47.0,2,1.0,8,8,11.0,18.0,5.0,7.0
2,41,1,1,181,280.0,27,44.0,1,1.0,14,12,24.0,7.0,2.0,17.0
2,48,3,2,49,19.0,34,,1,1.0,3,5,22.0,5.0,9.0,26.0
2,21,2,2,510,,NIU,,1,1.0,21,5,4.0,,,
2,44,1,1,1006,622.0,20,51.0,1,1.0,11,4,7.0,14.0,9.0,6.0
1,40,3,1,961,673.0,24,,4,1.0,2,1,29.0,13.0,12.0,9.0
1,47,3,1,1065,725.0,28,,1,1.0,8,8,22.0,22.0,7.0,16.0
1,28,1,1,77,39.0,27,26.0,5,1.0,19,1,21.0,26.0,7.0,6.0
2,17,2,2,601,,NIU,,1,1.0,33,10,9.0,,,
1,23,2,2,963,,NIU,,1,1.0,31,11,19.0,,,
1,48,1,1,1597,1145.0,22,52.0,1,1.0,6,3,2.0,19.0,10.0,17.0
2,48,3,2,49,19.0,34,,1,1.0,3,5,22.0,5.0,9.0,26.0
2,46,1,1,2141,1821.0,17,49.0,1,1.0,4,2,22.0,29.0,6.0,3.0
2,16,2,2,124,,NIU,,1,1.0,32,8,7.0,,,
1,47,1,1,59,478.0,25,51.0,1,1.0,8,1,29.0,15.0,3.0,23.0
1,33,1,1,2140,1820.0,22,33.0,1,1.0,22,11,7.0,4.0,10.0,26.0
1,30,1,1,959,546.0,13,33.0,5,3.0,9,8,26.0,13.0,6.0,15.0
2,19,2,2,1411,,NIU,,1,1.0,28,11,3.0,,,
2,18,2,2,152,,NIU,,1,1.0,28,12,22.0,,,
1,46,1,1,807,432.0,27,46.0,1,1.0,4,9,13.0,1.0,5.0,19.0
1,20,2,2,973,,NIU,,1,1.0,21,3,20.0,,,
2,32,1,1,1611,1144.0,20,37.0,1,1.0,18,5,18.0,16.0,4.0,18.0
1,45,1,1,70,33.0,25,53.0,1,1.0,11,2,15.0,2.0,8.0,26.0
1,19,1,2,320,150.0,19,20.0,1,1.0,28,6,9.0,26.0,1.0,2.0
1,24,2,2,143,,NIU,,1,1.0,17,2,25.0,,,
1,26,1,1,2139,1819.0,23,29.0,2,1.0,26,7,9.0,25.0,4.0,19.0
1,30,2,2,835,,NIU,,1,1.0,10,3,29.0,,,
1,45,1,1,1580,1143.0,26,49.0,1,1.0,11,9,27.0,1.0,1.0,12.0
2,45,1,1,576,683.0,21,48.0,1,1.0,11,5,3.0,14.0,8.0,6.0
2,48,2,2,833,,NIU,,2,1.0,6,3,30.0,,,
1,30,2,2,1412,,NIU,,1,1.0,9,10,17.0,,,
1,46,1,1,1381,462.0,22,47.0,1,1.0,8,12,4.0,14.0,2.0,3.0
1,48,1,1,709,520.0,17,46.0,1,1.0,3,10,10.0,32.0,5.0,29.0
1,30,1,1,600,350.0,26,39.0,1,1.0,9,5,20.0,11.0,8.0,2.0
2,42,1,1,538,330.0,40,43.0,1,1.0,20,4,22.0,6.0,3.0,30.0
1,18,2,2,471,,NIU,,1,1.0,25,6,10.0,,,
1,49,2,2,126,,NIU,,1,1.0,6,4,24.0,,,
2,39,1,1,667,418.0,19,47.0,1,1.0,24,6,8.0,2.0,10.0,23.0
1,19,2,2,1384,,NIU,,1,1.0,28,8,8.0,,,
1,35,1,1,24,568.0,22,40.0,1,1.0,7,8,15.0,5.0,2.0,14.0
1,44,1,1,624,392.0,22,43.0,1,1.0,16,4,17.0,18.0,10.0,29.0
1,46,1,1,99,388.0,27,47.0,3,,4,5,28.0,22.0,1.0,14.0
2,30,1,1,817,498.0,20,30.0,1,1.0,9,2,13.0,17.0,4.0,18.0
1,46,1,1,20,122.0,27,46.0,1,1.0,4,11,3.0,22.0,3.0,7.0
1,31,2,2,134,,NIU,,1,1.0,10,2,6.0,,,
1,48,3,1,1385,84.0,21,,1,1.0,3,5,14.0,23.0,1.0,15.0
1,17,2,2,201,,NIU,,1,1.0,33,4,27.0,,,
2,27,1,1,1642,1164.0,23,32.0,1,1.0,19,3,22.0,3.0,12.0,30.0
2,40,1,1,1643,1163.0,22,55.0,1,1.0,2,7,17.0,1.0,10.0,18.0
1,37,1,1,224,121.0,28,35.0,1,1.0,13,5,2.0,12.0,9.0,19.0
1,15,2,2,508,,NIU,,1,1.0,35,9,25.0,,,
1,41,1,1,488,335.0,26,41.0,1,1.0,12,2,7.0,7.0,4.0,3.0
1,32,1,2,952,728.0,26,34.0,1,1.0,18,7,5.0,3.0,1.0,12.0
1,43,1,1,402,175.0,34,41.0,1,2.0,20,1,26.0,12.0,7.0,27.0
1,32,1,1,564,62.0,30,41.0,1,1.0,22,3,9.0,25.0,6.0,21.0
2,41,1,1,1612,1162.0,19,60.0,1,1.0,14,4,25.0,15.0,2.0,11.0
1,39,1,1,1509,1158.0,29,40.0,1,1.0,2,12,13.0,4.0,1.0,17.0
1,15,2,2,2119,,NIU,,1,1.0,35,2,16.0,,,
1,36,1,1,140,302.0,23,39.0,1,1.0,13,12,3.0,5.0,2.0,6.0
1,35,1,1,28,1161.0,34,28.0,1,1.0,5,3,27.0,28.0,6.0,23.0
1,41,3,1,1150,850.0,31,,1,1.0,12,1,20.0,17.0,7.0,14.0
1,27,2,2,891,,NIU,,1,1.0,30,8,5.0,,,
2,27,2,2,1613,,NIU,,2,1.0,30,2,23.0,,,
1,26,2,1,376,,NIU,,1,1.0,26,6,23.0,,,
2,37,1,1,890,367.0,20,34.0,1,1.0,13,7,20.0,13.0,4.0,9.0
1,43,1,1,1028,556.0,25,49.0,1,1.0,20,10,25.0,1.0,7.0,16.0
2,37,1,1,1622,1160.0,17,45.0,1,1.0,1,3,22.0,2.0,10.0,28.0
2,35,1,1,2150,1787.0,20,39.0,2,2.0,7,8,9.0,9.0,3.0,24.0
1,31,1,1,2149,1786.0,26,31.0,1,1.0,18,3,26.0,3.0,10.0,6.0
2,30,1,1,2121,1785.0,23,35.0,1,1.0,10,3,14.0,8.0,3.0,13.0
1,26,1,2,1864,752.0,24,24.0,1,1.0,26,5,10.0,25.0,1.0,23.0
2,49,1,1,465,259.0,20,49.0,1,1.0,6,11,13.0,29.0,9.0,25.0
2,33,1,1,907,1784.0,17,47.0,1,1.0,22,5,1.0,13.0,11.0,9.0
1,42,1,1,1049,662.0,30,42.0,1,1.0,14,10,7.0,16.0,12.0,5.0
1,17,2,2,301,,NIU,,1,1.0,33,1,18.0,,,
2,46,1,1,1373,939.0,21,48.0,1,1.0,4,6,11.0,27.0,11.0,19.0
1,17,2,2,560,,NIU,,1,1.0,33,11,10.0,,,
1,48,1,1,1122,1184.0,31,59.0,2,1.0,3,5,1.0,13.0,9.0,4.0
1,18,2,2,460,,NIU,,1,1.0,28,9,7.0,,,
1,24,2,2,197,,NIU,,1,1.0,17,1,20.0,,,
1,47,1,1,257,108.0,26,48.0,1,1.0,8,9,6.0,18.0,12.0,27.0
2,22,2,2,288,,NIU,,2,1.0,23,9,25.0,,,
1,45,1,1,1656,1183.0,25,45.0,1,1.0,11,2,26.0,2.0,2.0,3.0
2,40,1,1,1050,718.0,26,44.0,4,1.0,2,2,13.0,7.0,2.0,16.0
1,27,1,2,896,575.0,22,35.0,1,,19,12,5.0,3.0,2.0,17.0
2,49,3,1,169,940.0,18,,2,2.0,36,3,13.0,32.0,5.0,2.0
1,34,1,2,800,64.0,31,37.0,1,1.0,15,4,16.0,25.0,4.0,12.0
2,26,2,2,892,,NIU,,1,1.0,30,12,12.0,,,
2,47,2,2,1202,,NIU,,1,1.0,8,7,28.0,,,
1,29,1,1,1639,569.0,23,34.0,1,1.0,34,5,11.0,10.0,1.0,31.0
1,30,1,2,504,326.0,25,33.0,1,1.0,9,7,22.0,11.0,7.0,23.0
1,41,1,1,808,414.0,23,45.0,1,1.0,12,11,21.0,21.0,1.0,24.0
1,31,2,2,1203,,NIU,,1,1.0,18,12,22.0,,,
2,37,1,1,797,431.0,21,39.0,1,1.0,13,9,2.0,13.0,3.0,31.0
1,25,2,2,108,,NIU,,1,1.0,29,2,4.0,,,
2,35,1,1,537,321.0,16,41.0,1,1.0,7,5,13.0,22.0,2.0,1.0
1,18,2,2,1640,,NIU,,1,1.0,25,8,21.0,,,
1,37,1,1,235,955.0,20,34.0,1,1.0,13,3,25.0,21.0,11.0,17.0
1,49,1,1,204,117.0,21,54.0,1,1.0,6,11,10.0,29.0,3.0,14.0
1,43,3,1,2120,406.0,31,,1,1.0,20,8,25.0,16.0,10.0,7.0
1,48,1,1,89,332.0,19,43.0,1,1.0,3,6,8.0,30.0,6.0,8.0
1,32,1,2,1533,1072.0,32,35.0,1,1.0,18,2,3.0,26.0,5.0,30.0
2,40,1,1,3,85.0,19,46.0,1,1.0,2,8,16.0,18.0,10.0,17.0
1,34,1,1,1074,702.0,30,40.0,1,1.0,15,5,27.0,11.0,11.0,19.0
2,45,1,1,493,309.0,21,48.0,1,1.0,11,5,29.0,14.0,5.0,21.0
1,47,1,1,142,82.0,28,46.0,1,1.0,8,3,17.0,1.0,7.0,28.0
2,38,1,1,81,185.0,15,45.0,1,1.0,1,2,19.0,24.0,10.0,1.0
1,24,2,2,819,,NIU,,1,1.0,17,6,6.0,,,
1,32,1,1,1641,1176.0,22,35.0,1,1.0,22,9,5.0,4.0,6.0,29.0
1,23,2,2,211,,NIU,,1,1.0,17,4,24.0,,,
1,18,2,2,463,,NIU,,1,1.0,25,6,18.0,,,
1,32,3,2,1090,880.0,27,,1,1.0,18,5,13.0,3.0,8.0,1.0
1,38,1,1,1305,903.0,29,38.0,1,1.0,1,7,27.0,17.0,2.0,22.0
2,16,2,2,156,,NIU,,1,1.0,32,2,26.0,,,
1,47,2,2,109,,NIU,,1,1.0,3,4,15.0,,,
1,22,2,2,154,,NIU,,1,1.0,23,4,13.0,,,
1,43,1,1,307,1.0,28,50.0,1,1.0,20,9,25.0,9.0,2.0,1.0
1,47,1,1,142,82.0,28,46.0,1,1.0,8,3,17.0,1.0,7.0,28.0
1,47,3,1,454,305.0,19,,1,1.0,8,11,13.0,23.0,7.0,18.0
2,40,1,1,489,324.0,18,48.0,1,1.0,12,9,1.0,15.0,8.0,1.0
1,39,1,1,805,403.0,19,43.0,1,1.0,24,8,5.0,2.0,7.0,21.0
2,49,1,1,410,221.0,14,57.0,1,1.0,36,4,4.0,36.0,7.0,19.0
1,30,1,1,88,47.0,27,30.0,1,1.0,9,2,21.0,6.0,2.0,27.0
2,19,2,2,1382,,NIU,,3,,28,1,12.0,,,
1,25,2,2,829,,NIU,,1,1.0,26,12,2.0,,,
2,39,1,1,1383,920.0,26,39.0,1,1.0,24,11,26.0,16.0,6.0,4.0
1,49,3,1,1086,597.0,21,,1,1.0,6,6,28.0,29.0,10.0,28.0
1,48,1,1,818,517.0,18,57.0,1,1.0,3,11,6.0,30.0,6.0,25.0
2,18,2,2,968,,NIU,,1,1.0,28,12,11.0,,,
1,31,2,2,2128,,NIU,,1,1.0,10,11,25.0,,,
2,23,2,2,557,,NIU,,3,,31,7,15.0,,,
1,26,2,2,227,,NIU,,2,1.0,26,11,8.0,,,
1,31,2,2,343,,NIU,,1,1.0,18,12,29.0,,,
1,46,1,1,759,495.0,23,57.0,1,1.0,8,3,10.0,24.0,6.0,23.0
1,28,1,1,172,534.0,20,38.0,1,1.0,19,11,30.0,8.0,10.0,7.0
2,40,1,1,182,89.0,21,44.0,1,1.0,2,1,11.0,1.0,6.0,5.0
1,35,1,1,5,7.0,22,40.0,1,1.0,7,1,2.0,5.0,10.0,22.0
2,32,1,1,2127,516.0,20,35.0,1,1.0,18,1,20.0,16.0,2.0,9.0
1,26,2,2,516,,NIU,,1,1.0,26,2,9.0,,,
2,24,3,1,277,216.0,20,,1,1.0,17,8,3.0,6.0,6.0,20.0
2,25,1,1,2126,1771.0,17,32.0,1,1.0,26,4,15.0,12.0,10.0,29.0
1,40,1,1,1654,1175.0,30,43.0,1,1.0,2,6,31.0,4.0,7.0,28.0
1,32,3,2,1090,880.0,27,,1,1.0,18,5,13.0,3.0,8.0,1.0
2,40,3,1,585,348.0,26,,1,1.0,2,11,4.0,5.0,1.0,8.0
2,42,1,1,909,554.0,25,39.0,1,1.0,14,7,18.0,21.0,12.0,29.0
1,45,1,1,1403,834.0,21,52.0,1,1.0,4,9,23.0,27.0,3.0,27.0
1,26,1,2,1655,1174.0,24,26.0,1,1.0,26,11,30.0,28.0,6.0,7.0
2,31,1,1,200,119.0,25,32.0,1,1.0,18,12,5.0,10.0,10.0,16.0
2,15,2,2,94,,NIU,,5,2.0,35,7,10.0,,,
2,19,2,2,42,,NIU,,1,1.0,28,10,1.0,,,
1,49,1,1,533,704.0,26,49.0,1,1.0,36,4,2.0,24.0,2.0,28.0
2,20,2,2,2125,,NIU,,1,1.0,27,9,19.0,,,
1,15,2,2,1370,,NIU,,1,1.0,35,10,12.0,,,
1,22,2,2,86,,NIU,,1,1.0,23,7,16.0,,,
1,31,3,1,1392,767.0,16,,1,1.0,10,11,5.0,7.0,4.0,6.0
1,20,2,2,662,,NIU,,1,1.0,27,8,6.0,,,
1,39,3,1,1420,868.0,21,,1,1.0,2,4,24.0,1.0,4.0,3.0
1,43,1,1,233,123.0,28,46.0,1,1.0,20,10,4.0,7.0,4.0,18.0
1,33,1,1,263,232.0,32,34.0,1,1.0,22,10,8.0,28.0,7.0,20.0
1,49,1,1,204,117.0,21,54.0,1,1.0,6,11,10.0,29.0,3.0,14.0
1,34,1,1,2124,1770.0,19,36.0,1,1.0,7,4,31.0,13.0,11.0,31.0
1,38,2,2,451,,NIU,,1,1.0,1,5,8.0,,,
1,49,2,2,126,,NIU,,1,1.0,6,4,24.0,,,
2,31,1,1,1371,515.0,22,33.0,1,1.0,10,4,21.0,12.0,2.0,13.0
2,32,1,1,913,631.0,21,40.0,1,1.0,18,1,14.0,20.0,2.0,18.0
2,18,2,2,452,,NIU,,5,3.0,25,1,11.0,,,
1,38,1,1,801,514.0,23,57.0,1,1.0,1,11,8.0,9.0,3.0,15.0
1,21,2,2,372,,NIU,,1,1.0,21,11,20.0,,,
2,37,1,1,890,367.0,20,34.0,1,1.0,13,7,20.0,13.0,4.0,9.0
1,35,1,1,2123,1728.0,23,38.0,1,1.0,7,5,21.0,16.0,5.0,30.0
1,21,2,2,778,,NIU,,1,1.0,23,4,5.0,,,
1,48,1,1,709,520.0,17,46.0,1,1.0,3,10,10.0,32.0,5.0,29.0
1,20,2,2,137,,NIU,,1,1.0,21,9,12.0,,,
1,36,2,2,626,,NIU,,1,1.0,5,9,23.0,,,
2,40,2,2,198,,NIU,,1,1.0,2,6,22.0,,,
1,32,3,1,2122,1756.0,20,,1,1.0,18,11,11.0,16.0,8.0,21.0
1,25,2,2,500,,NIU,,1,1.0,29,2,27.0,,,
1,42,1,1,1279,904.0,32,38.0,1,1.0,14,5,6.0,4.0,3.0,29.0
1,42,1,1,1459,1755.0,25,57.0,1,1.0,14,11,10.0,21.0,2.0,24.0
1,45,2,2,341,,NIU,,1,1.0,4,12,11.0,,,
2,39,1,1,960,545.0,20,44.0,1,1.0,24,8,23.0,22.0,5.0,18.0
2,39,1,1,1327,981.0,20,43.0,1,1.0,2,12,12.0,22.0,12.0,4.0
2,24,1,1,874,598.0,21,27.0,1,1.0,17,7,23.0,6.0,12.0,9.0
1,26,1,1,1372,908.0,24,28.0,1,1.0,30,12,7.0,25.0,1.0,21.0
1,46,3,1,908,562.0,30,,1,1.0,4,5,21.0,13.0,2.0,12.0
2,45,1,1,166,95.0,14,52.0,1,1.0,4,3,10.0,32.0,2.0,6.0
2,44,1,1,1353,334.0,23,55.0,1,1.0,11,12,20.0,18.0,1.0,14.0
1,22,2,2,154,,NIU,,1,1.0,23,4,13.0,,,
2,43,1,1,975,724.0,21,43.0,1,1.0,20,11,30.0,18.0,1.0,11.0
1,23,2,2,1044,,NIU,,1,1.0,31,1,21.0,,,
2,27,1,1,2106,1754.0,22,33.0,1,1.0,30,8,11.0,3.0,12.0,8.0
2,16,2,2,1350,,NIU,,1,1.0,33,12,13.0,,,
1,47,1,1,2105,1753.0,19,50.0,1,1.0,8,10,2.0,29.0,7.0,22.0
2,46,1,1,1373,939.0,21,48.0,1,1.0,4,6,11.0,27.0,11.0,19.0
2,34,1,1,1686,1193.0,26,30.0,1,1.0,15,2,18.0,8.0,9.0,19.0
2,19,2,2,61,,NIU,,1,1.0,27,4,3.0,,,
1,42,1,1,192,102.0,18,47.0,1,1.0,14,6,9.0,14.0,11.0,31.0
2,28,1,1,1687,1192.0,24,32.0,1,1.0,19,8,27.0,11.0,1.0,5.0
2,19,2,2,2104,,NIU,,1,1.0,28,7,21.0,,,
1,19,1,2,781,531.0,19,25.0,1,1.0,27,12,18.0,26.0,7.0,26.0
1,48,1,1,322,1101.0,23,56.0,1,1.0,3,5,29.0,27.0,5.0,30.0
1,34,1,1,60,405.0,27,40.0,1,1.0,15,2,26.0,8.0,8.0,19.0
2,37,1,1,1111,406.0,25,40.0,1,1.0,13,2,14.0,16.0,10.0,7.0
1,25,2,2,82,,NIU,,1,1.0,26,4,22.0,,,
1,42,1,1,1688,1211.0,32,42.0,1,1.0,14,6,24.0,4.0,4.0,16.0
2,23,2,2,261,,NIU,,4,1.0,17,9,20.0,,,
1,23,1,2,1033,267.0,19,26.0,1,1.0,31,10,28.0,11.0,3.0,29.0
2,39,1,1,1351,867.0,25,46.0,1,1.0,24,6,1.0,7.0,4.0,22.0
1,31,1,1,1689,341.0,25,39.0,1,1.0,18,9,11.0,10.0,8.0,28.0
1,23,3,1,934,876.0,15,,1,1.0,31,1,9.0,12.0,10.0,13.0
2,40,1,1,519,340.0,22,39.0,1,1.0,2,2,1.0,21.0,4.0,15.0
2,28,1,1,771,516.0,16,34.0,3,,19,9,19.0,16.0,2.0,9.0
2,15,2,2,94,,NIU,,5,2.0,35,7,10.0,,,
2,17,2,2,62,,NIU,,1,1.0,25,3,29.0,,,
1,32,1,1,1204,894.0,20,32.0,4,1.0,22,3,7.0,5.0,11.0,22.0
1,33,1,1,1519,1455.0,19,35.0,1,1.0,22,8,3.0,7.0,8.0,29.0
1,27,1,1,694,38.0,24,32.0,1,1.0,30,5,16.0,6.0,3.0,19.0
1,24,2,2,358,,NIU,,1,1.0,17,11,17.0,,,
2,24,1,1,1690,1210.0,21,31.0,1,1.0,17,2,5.0,6.0,1.0,31.0
2,17,2,2,1448,,NIU,,1,1.0,33,1,20.0,,,
1,45,1,1,30,17.0,21,52.0,2,2.0,4,3,17.0,14.0,3.0,12.0
1,36,1,1,933,606.0,18,42.0,1,1.0,5,10,23.0,1.0,5.0,27.0
1,42,1,1,2103,1209.0,35,45.0,1,1.0,14,5,11.0,8.0,3.0,7.0
2,35,2,2,919,,NIU,,1,1.0,7,1,1.0,,,
1,46,1,1,1073,595.0,20,45.0,1,1.0,4,2,1.0,27.0,7.0,28.0
1,27,1,1,681,512.0,23,34.0,1,1.0,30,6,7.0,11.0,10.0,3.0
2,26,2,2,892,,NIU,,1,1.0,30,12,12.0,,,
1,44,1,1,774,477.0,20,44.0,1,1.0,16,11,20.0,24.0,4.0,29.0
1,17,2,2,895,,NIU,,1,1.0,33,5,10.0,,,
1,36,1,1,793,166.0,23,41.0,1,1.0,13,3,11.0,5.0,8.0,6.0
2,48,1,1,250,127.0,29,48.0,1,1.0,3,8,25.0,1.0,6.0,14.0
1,46,3,2,120,550.0,34,,3,,4,10,13.0,16.0,5.0,1.0
1,48,1,1,1341,877.0,21,54.0,1,1.0,3,7,25.0,19.0,4.0,15.0
1,47,1,1,31,92.0,34,42.0,1,1.0,8,5,21.0,5.0,1.0,3.0
2,25,2,2,1300,,NIU,,1,1.0,29,9,29.0,,,
1,43,3,1,1348,878.0,19,,1,1.0,20,5,15.0,14.0,2.0,20.0
2,47,1,1,210,110.0,28,62.0,1,1.0,3,4,24.0,2.0,12.0,14.0
1,48,1,1,1597,1145.0,22,52.0,1,1.0,6,3,2.0,19.0,10.0,17.0
1,43,3,1,1348,878.0,19,,1,1.0,20,5,15.0,14.0,2.0,20.0
1,49,1,1,65,607.0,24,48.0,1,1.0,6,4,18.0,27.0,3.0,13.0
1,43,1,1,1349,879.0,28,44.0,1,1.0,16,4,9.0,9.0,1.0,23.0
1,45,3,1,246,133.0,22,,1,1.0,4,3,25.0,24.0,2.0,20.0
1,26,1,1,1882,1326.0,18,33.0,1,1.0,30,12,18.0,12.0,10.0,27.0
1,33,1,1,1323,248.0,23,32.0,1,1.0,22,11,6.0,4.0,2.0,7.0
1,33,1,1,1076,629.0,29,34.0,1,1.0,22,2,18.0,11.0,8.0,22.0
1,43,2,2,518,,NIU,,1,1.0,20,7,5.0,,,
1,31,1,1,7,5.0,27,41.0,1,1.0,10,1,6.0,6.0,4.0,8.0
1,20,2,2,575,,NIU,,4,4.0,21,4,30.0,,,
1,34,3,1,68,230.0,25,,1,1.0,15,8,3.0,17.0,2.0,1.0
2,49,1,1,349,174.0,17,52.0,1,1.0,6,1,27.0,32.0,7.0,26.0
2,40,1,1,489,324.0,18,48.0,1,1.0,12,9,1.0,15.0,8.0,1.0
1,26,1,1,1298,797.0,25,21.0,1,1.0,26,6,29.0,28.0,8.0,13.0
1,21,2,2,651,,NIU,,1,1.0,21,7,4.0,,,
1,44,1,1,1851,1197.0,22,50.0,1,1.0,16,6,19.0,15.0,8.0,2.0
1,27,1,2,329,608.0,25,28.0,1,1.0,30,11,28.0,28.0,4.0,22.0
1,44,1,1,144,135.0,25,48.0,1,1.0,16,6,17.0,22.0,5.0,10.0
1,28,1,1,131,61.0,25,28.0,1,1.0,19,9,11.0,25.0,1.0,7.0
1,46,1,1,37,86.0,21,46.0,1,1.0,4,11,21.0,14.0,6.0,8.0
1,37,1,1,876,408.0,29,35.0,1,1.0,13,3,18.0,8.0,1.0,5.0
2,46,1,1,1277,804.0,22,53.0,1,1.0,8,4,10.0,27.0,3.0,28.0
2,32,1,1,66,15.0,19,39.0,4,1.0,18,2,22.0,5.0,2.0,29.0
1,41,1,1,305,339.0,19,43.0,1,1.0,14,12,16.0,15.0,10.0,20.0
2,47,1,1,2110,1735.0,22,46.0,4,1.0,8,9,25.0,14.0,6.0,22.0
1,34,1,1,1684,515.0,26,37.0,1,1.0,15,11,17.0,12.0,2.0,13.0
1,42,1,1,2109,1722.0,25,45.0,1,1.0,14,9,3.0,13.0,9.0,11.0
1,49,1,1,189,106.0,30,51.0,1,1.0,6,9,6.0,22.0,2.0,18.0
1,43,2,2,67,,NIU,,1,1.0,16,3,18.0,,,
1,22,2,2,9,,NIU,,1,1.0,23,5,23.0,,,
1,37,3,1,725,507.0,25,,1,1.0,13,5,9.0,16.0,1.0,8.0
2,18,2,2,12,,NIU,,1,1.0,25,10,27.0,,,
2,20,2,2,309,,NIU,,1,1.0,27,11,27.0,,,
2,15,2,2,1442,,NIU,,1,1.0,35,5,2.0,,,
2,39,1,1,232,100.0,23,42.0,1,1.0,2,3,7.0,13.0,7.0,7.0
1,39,1,1,212,109.0,23,43.0,1,1.0,2,12,17.0,13.0,10.0,30.0
1,36,1,1,160,1236.0,27,35.0,1,1.0,5,7,7.0,12.0,9.0,21.0
2,38,1,1,2108,1721.0,30,41.0,1,,1,5,4.0,12.0,12.0,22.0
1,42,3,1,18,10.0,23,,1,1.0,14,9,18.0,1.0,9.0,27.0
1,39,2,2,1112,,NIU,,1,1.0,2,12,29.0,,,
2,40,1,1,489,324.0,18,48.0,1,1.0,12,9,1.0,15.0,8.0,1.0
2,17,2,2,601,,NIU,,1,1.0,33,10,9.0,,,
1,19,2,2,248,,NIU,,1,1.0,27,12,27.0,,,
1,28,1,2,2107,450.0,28,24.0,1,1.0,34,12,5.0,26.0,8.0,10.0
2,43,1,1,373,855.0,19,48.0,1,1.0,20,8,19.0,14.0,1.0,3.0
2,49,1,1,427,541.0,23,57.0,1,1.0,6,1,23.0,19.0,12.0,20.0
1,45,1,1,773,460.0,25,44.0,1,1.0,11,2,31.0,2.0,12.0,9.0
1,41,1,1,255,139.0,16,46.0,1,1.0,14,3,16.0,27.0,8.0,13.0
1,40,1,1,1685,1229.0,24,44.0,2,1.0,2,8,23.0,13.0,7.0,18.0
1,40,1,1,54,342.0,26,55.0,4,1.0,2,8,5.0,7.0,8.0,25.0
1,36,1,1,294,172.0,21,40.0,1,1.0,5,9,6.0,7.0,6.0,8.0
1,45,1,1,772,856.0,20,47.0,2,,11,2,28.0,14.0,7.0,30.0
1,41,1,1,413,1228.0,23,45.0,1,1.0,12,8,9.0,1.0,8.0,12.0
2,42,1,1,496,329.0,20,48.0,1,1.0,14,6,8.0,15.0,6.0,12.0
1,15,2,2,599,,NIU,,1,1.0,35,6,15.0,,,
1,37,1,1,17,275.0,20,38.0,1,1.0,1,3,6.0,21.0,1.0,3.0
2,27,1,2,213,112.0,24,24.0,1,1.0,30,7,21.0,25.0,4.0,11.0
1,37,1,1,2091,1719.0,24,37.0,1,1.0,13,4,6.0,16.0,9.0,13.0
1,47,1,1,776,459.0,33,47.0,1,1.0,8,8,2.0,7.0,3.0,2.0
1,37,1,1,711,467.0,19,43.0,2,2.0,13,8,9.0,1.0,8.0,6.0
2,24,1,1,1393,1017.0,20,24.0,1,1.0,29,3,3.0,11.0,8.0,4.0
1,21,2,2,91,,NIU,,1,1.0,21,10,26.0,,,
1,49,1,1,567,244.0,26,46.0,1,1.0,6,5,4.0,24.0,7.0,15.0
2,46,1,1,555,354.0,25,54.0,1,1.0,4,5,5.0,18.0,3.0,25.0
2,43,1,1,132,382.0,27,41.0,1,1.0,20,5,11.0,13.0,12.0,6.0
1,30,2,2,34,,NIU,,1,1.0,10,9,7.0,,,
2,37,1,1,14,2.0,18,43.0,1,1.0,13,10,14.0,1.0,9.0,5.0
1,35,1,1,1301,656.0,25,42.0,1,1.0,7,9,9.0,4.0,3.0,16.0
1,47,1,1,540,151.0,35,49.0,1,1.0,8,1,23.0,16.0,11.0,29.0
1,35,2,2,750,,NIU,,1,1.0,5,3,9.0,,,
2,21,2,2,150,,NIU,,1,1.0,21,10,24.0,,,
2,31,1,1,775,458.0,29,42.0,2,1.0,10,6,29.0,25.0,6.0,11.0
2,38,1,1,375,183.0,23,39.0,1,1.0,1,2,14.0,7.0,4.0,9.0
1,28,1,1,1699,1227.0,24,27.0,1,1.0,34,12,16.0,11.0,1.0,1.0
1,36,1,1,976,711.0,21,41.0,1,1.0,5,11,28.0,9.0,2.0,11.0
1,34,1,1,1922,1127.0,31,38.0,1,1.0,7,12,2.0,6.0,3.0,27.0
1,45,1,1,30,17.0,21,52.0,2,2.0,4,3,17.0,14.0,3.0,12.0
1,42,3,1,8,6.0,20,,2,1.0,14,10,30.0,15.0,2.0,28.0
2,32,1,1,53,857.0,23,33.0,1,1.0,18,10,30.0,12.0,6.0,5.0
2,20,2,2,1019,,NIU,,1,1.0,21,3,26.0,,,
2,39,3,2,639,404.0,29,,1,1.0,24,5,13.0,4.0,11.0,17.0
1,43,1,1,556,355.0,29,48.0,1,1.0,16,4,29.0,7.0,4.0,16.0
1,30,2,2,384,,NIU,,1,1.0,9,7,13.0,,,
2,27,1,1,1700,1226.0,17,34.0,1,1.0,19,4,19.0,20.0,3.0,3.0
1,26,2,1,376,,NIU,,1,1.0,26,6,23.0,,,
1,31,1,1,1636,885.0,26,32.0,1,1.0,10,2,27.0,3.0,1.0,21.0
1,33,1,1,1336,858.0,18,35.0,1,1.0,22,10,12.0,7.0,4.0,5.0
1,20,1,2,19,54.0,19,21.0,1,1.0,27,9,14.0,26.0,9.0,10.0
1,42,1,1,35,60.0,21,42.0,1,1.0,14,8,2.0,18.0,2.0,19.0
2,41,1,1,127,665.0,18,40.0,1,1.0,12,2,8.0,24.0,8.0,1.0
1,48,3,1,1077,612.0,19,,1,1.0,3,6,5.0,30.0,2.0,11.0
2,34,1,1,442,365.0,24,43.0,1,1.0,15,11,29.0,17.0,6.0,19.0
1,26,2,2,516,,NIU,,1,1.0,26,2,9.0,,,
2,44,1,1,2090,1718.0,20,49.0,1,1.0,16,5,7.0,24.0,6.0,7.0
1,30,1,2,177,282.0,24,29.0,1,1.0,9,3,7.0,3.0,2.0,9.0
1,24,1,2,1075,637.0,23,27.0,1,1.0,29,4,14.0,28.0,1.0,25.0
1,41,1,1,305,339.0,19,43.0,1,1.0,14,12,16.0,15.0,10.0,20.0
2,18,2,2,935,,NIU,,1,1.0,25,9,13.0,,,
1,18,2,2,106,,NIU,,1,1.0,25,9,30.0,,,
1,42,3,1,2089,1710.0,36,,1,1.0,14,4,3.0,3.0,2.0,18.0
1,30,1,1,215,140.0,25,32.0,1,1.0,10,4,29.0,3.0,5.0,9.0
2,36,1,1,1337,1248.0,23,44.0,1,1.0,5,9,10.0,16.0,6.0,11.0
1,48,1,1,478,24.0,27,50.0,1,1.0,3,2,12.0,2.0,9.0,20.0
2,48,1,1,1338,859.0,19,49.0,1,1.0,3,1,12.0,30.0,3.0,9.0
1,16,2,2,1339,,NIU,,1,1.0,32,11,21.0,,,
1,39,1,1,79,98.0,18,43.0,5,1.0,24,6,7.0,18.0,2.0,4.0
1,35,1,1,2088,1243.0,27,33.0,1,1.0,7,11,31.0,8.0,9.0,7.0
2,36,1,1,270,536.0,27,42.0,1,1.0,13,4,4.0,4.0,3.0,14.0
1,46,1,1,99,388.0,27,47.0,3,,4,5,28.0,22.0,1.0,14.0
1,36,1,1,523,27.0,32,32.0,1,1.0,5,9,8.0,6.0,8.0,4.0
1,20,2,2,254,,NIU,,1,1.0,21,12,31.0,,,
1,34,1,1,414,206.0,28,35.0,1,1.0,15,6,13.0,10.0,3.0,26.0
1,49,3,1,48,842.0,20,,1,1.0,6,2,4.0,30.0,8.0,21.0
2,32,1,1,2095,1704.0,32,32.0,1,1.0,22,12,18.0,26.0,2.0,10.0
1,29,2,2,777,,NIU,,1,1.0,34,11,3.0,,,
1,33,3,2,1697,1703.0,21,,1,1.0,22,7,26.0,16.0,3.0,17.0
1,36,1,1,861,628.0,21,41.0,1,1.0,5,2,29.0,9.0,11.0,25.0
2,44,1,1,1330,843.0,19,46.0,2,1.0,16,2,21.0,27.0,1.0,22.0
1,45,1,1,1331,844.0,37,51.0,3,,11,4,17.0,8.0,2.0,10.0
2,43,1,1,1555,1432.0,18,43.0,1,1.0,20,6,27.0,27.0,5.0,3.0
1,23,2,2,753,,NIU,,1,1.0,31,11,28.0,,,
2,31,1,1,1332,845.0,15,34.0,1,1.0,10,1,16.0,9.0,1.0,31.0
2,45,1,1,95,181.0,17,48.0,1,1.0,11,7,28.0,29.0,8.0,3.0
1,47,1,1,23,20.0,26,47.0,2,1.0,8,8,11.0,18.0,5.0,7.0
2,44,1,1,308,707.0,19,48.0,1,1.0,16,2,10.0,27.0,2.0,2.0
1,48,2,2,229,,NIU,,1,1.0,6,12,23.0,,,
2,48,1,1,346,682.0,21,54.0,1,1.0,3,6,7.0,23.0,12.0,4.0
1,48,1,1,1122,1184.0,31,59.0,2,1.0,3,5,1.0,13.0,9.0,4.0
1,41,1,1,305,339.0,19,43.0,1,1.0,14,12,16.0,15.0,10.0,20.0
2,34,1,1,524,299.0,22,35.0,1,1.0,15,11,9.0,20.0,6.0,5.0
1,37,1,1,937,635.0,21,38.0,4,1.0,1,3,9.0,13.0,2.0,6.0
1,45,1,1,2094,1702.0,29,45.0,1,1.0,11,9,5.0,13.0,2.0,30.0
2,21,2,2,145,,NIU,,2,1.0,21,8,24.0,,,
1,20,2,2,137,,NIU,,1,1.0,21,9,12.0,,,
1,19,2,2,104,,NIU,,1,1.0,27,4,22.0,,,
1,18,2,2,98,,NIU,,1,1.0,25,2,5.0,,,
2,36,1,1,1333,846.0,22,35.0,1,1.0,5,2,16.0,7.0,3.0,1.0
1,19,2,2,326,,NIU,,1,1.0,28,10,2.0,,,
2,16,2,2,1421,,NIU,,1,1.0,32,5,4.0,,,
2,35,1,1,1071,847.0,22,38.0,1,1.0,7,1,19.0,16.0,1.0,20.0
1,27,2,2,330,,NIU,,1,1.0,19,3,13.0,,,
1,47,1,1,710,466.0,28,44.0,1,1.0,8,8,21.0,22.0,11.0,31.0
2,35,1,1,1698,1242.0,33,38.0,1,1.0,5,12,1.0,25.0,4.0,29.0
1,45,2,2,412,,NIU,,1,1.0,4,12,1.0,,,
1,35,1,1,155,69.0,24,36.0,1,1.0,7,8,13.0,20.0,8.0,3.0
1,44,3,1,535,333.0,22,,1,1.0,11,12,9.0,15.0,4.0,10.0
2,49,1,1,317,148.0,25,51.0,1,1.0,6,1,12.0,24.0,9.0,18.0
2,42,1,1,179,79.0,18,48.0,1,1.0,14,9,22.0,24.0,9.0,26.0
2,24,2,1,716,,NIU,,2,2.0,29,3,10.0,,,
2,42,1,1,1171,1037.0,19,45.0,1,1.0,14,2,10.0,15.0,9.0,16.0
1,43,1,1,707,500.0,34,49.0,1,1.0,20,2,30.0,12.0,9.0,14.0
2,38,3,1,728,496.0,23,,1,1.0,1,7,22.0,7.0,6.0,17.0
1,28,1,1,515,318.0,18,33.0,5,3.0,19,10,5.0,4.0,1.0,1.0
1,27,1,2,492,361.0,21,28.0,1,1.0,19,12,26.0,10.0,2.0,16.0
1,20,2,2,57,,NIU,,1,1.0,27,8,28.0,,,
2,28,1,1,2093,1667.0,23,29.0,1,1.0,19,6,18.0,3.0,5.0,15.0
1,47,1,1,776,459.0,33,47.0,1,1.0,8,8,2.0,7.0,3.0,2.0
1,43,1,1,233,123.0,28,46.0,1,1.0,20,10,4.0,7.0,4.0,18.0
1,42,1,1,1049,662.0,30,42.0,1,1.0,14,10,7.0,16.0,12.0,5.0
1,28,1,2,936,636.0,28,28.0,2,2.0,19,6,26.0,26.0,1.0,13.0
1,33,1,1,15,67.0,23,32.0,1,1.0,22,2,24.0,17.0,6.0,25.0
2,46,1,1,1964,1107.0,17,49.0,1,1.0,4,8,12.0,30.0,8.0,20.0
1,31,2,2,343,,NIU,,1,1.0,18,12,29.0,,,
1,25,2,2,507,,NIU,,1,1.0,29,5,26.0,,,
1,46,1,1,882,625.0,21,45.0,1,1.0,4,11,18.0,14.0,9.0,24.0
1,17,2,2,201,,NIU,,1,1.0,33,4,27.0,,,
1,18,2,2,12,,NIU,,1,1.0,25,10,27.0,,,
1,41,1,1,181,456.0,37,41.0,1,1.0,14,12,24.0,11.0,5.0,12.0
2,46,1,1,128,357.0,22,52.0,1,1.0,8,3,19.0,14.0,4.0,2.0
1,44,1,1,1928,1341.0,23,44.0,1,1.0,16,9,17.0,2.0,6.0,1.0
1,18,2,2,1281,,NIU,,1,1.0,28,3,17.0,,,
2,39,1,1,78,284.0,27,42.0,1,1.0,2,12,15.0,16.0,7.0,17.0
1,21,2,2,91,,NIU,,1,1.0,21,10,26.0,,,
1,39,1,1,58,35.0,21,48.0,1,1.0,24,11,23.0,1.0,3.0,31.0
2,40,1,1,1429,951.0,18,45.0,1,1.0,12,9,5.0,15.0,7.0,6.0
2,27,2,2,366,,NIU,,1,1.0,30,1,4.0,,,
2,32,1,1,1334,215.0,16,45.0,1,1.0,18,6,19.0,13.0,5.0,30.0
1,49,1,1,1214,1335.0,19,51.0,4,1.0,6,1,10.0,31.0,8.0,11.0
1,40,1,1,33,134.0,25,46.0,1,1.0,2,8,6.0,9.0,11.0,15.0
2,43,1,1,795,413.0,17,45.0,1,1.0,20,11,15.0,27.0,7.0,13.0
1,28,1,2,936,636.0,28,28.0,2,2.0,19,6,26.0,26.0,1.0,13.0
1,48,1,1,168,90.0,21,50.0,1,1.0,3,1,19.0,19.0,5.0,28.0
2,28,1,1,2092,1692.0,25,26.0,1,1.0,19,9,8.0,6.0,11.0,28.0
2,47,1,1,165,265.0,29,46.0,1,1.0,8,6,4.0,1.0,10.0,30.0
1,41,1,1,395,179.0,27,40.0,1,1.0,12,2,6.0,7.0,12.0,30.0
2,42,1,1,1335,533.0,22,45.0,1,1.0,14,11,14.0,2.0,2.0,22.0
2,48,2,2,833,,NIU,,2,1.0,6,3,30.0,,,
1,41,1,1,395,179.0,27,40.0,1,1.0,12,2,6.0,7.0,12.0,30.0
2,30,1,1,993,669.0,29,28.0,1,1.0,9,4,30.0,28.0,12.0,2.0
1,38,1,1,1635,1224.0,20,35.0,1,1.0,1,2,2.0,1.0,5.0,23.0
1,30,1,1,88,47.0,27,30.0,1,1.0,9,2,21.0,6.0,2.0,27.0
1,37,1,1,224,121.0,28,35.0,1,1.0,13,5,2.0,12.0,9.0,19.0
1,19,2,2,364,,NIU,,1,1.0,27,12,15.0,,,
2,43,1,1,825,461.0,20,43.0,1,1.0,20,1,6.0,15.0,7.0,27.0
1,39,1,1,52,124.0,19,44.0,1,1.0,24,7,21.0,22.0,6.0,27.0
1,15,2,2,1370,,NIU,,1,1.0,35,10,12.0,,,
2,35,1,1,2101,1691.0,21,46.0,1,1.0,7,6,11.0,7.0,1.0,19.0
1,38,2,2,1,,NIU,,1,1.0,1,1,25.0,,,
1,30,2,2,835,,NIU,,1,1.0,10,3,29.0,,,
2,31,2,2,693,,NIU,,1,1.0,10,2,10.0,,,
2,22,3,1,113,48.0,13,,5,3.0,23,10,1.0,12.0,6.0,24.0
2,46,1,1,38,77.0,23,50.0,1,1.0,4,6,6.0,24.0,6.0,24.0
1,44,1,1,770,51.0,19,47.0,5,3.0,16,6,22.0,27.0,9.0,16.0
2,47,1,1,1691,1081.0,28,47.0,1,1.0,8,8,29.0,22.0,9.0,25.0
1,46,1,1,1751,1254.0,24,41.0,1,1.0,4,1,5.0,15.0,12.0,12.0
2,28,1,1,956,658.0,23,37.0,3,1.0,19,8,24.0,3.0,2.0,28.0
2,47,1,1,531,488.0,26,48.0,1,1.0,8,2,11.0,2.0,6.0,5.0
1,48,1,1,27,18.0,27,52.0,1,1.0,3,1,21.0,2.0,5.0,9.0
1,42,3,1,151,164.0,23,,1,1.0,14,1,15.0,1.0,6.0,28.0
2,37,1,1,240,131.0,22,40.0,1,1.0,1,4,21.0,13.0,11.0,25.0
1,15,2,2,508,,NIU,,1,1.0,35,9,25.0,,,
1,21,2,2,164,,NIU,,1,1.0,21,9,28.0,,,
2,36,1,2,628,40.0,16,49.0,1,1.0,13,3,30.0,2.0,4.0,8.0
1,21,2,2,372,,NIU,,1,1.0,21,11,20.0,,,
1,35,1,1,24,568.0,22,40.0,1,1.0,7,8,15.0,5.0,2.0,14.0
1,20,2,2,57,,NIU,,1,1.0,27,8,28.0,,,
1,49,1,1,558,315.0,21,51.0,1,1.0,6,1,1.0,23.0,7.0,9.0
1,47,1,1,1544,1085.0,20,51.0,4,1.0,8,11,4.0,19.0,1.0,5.0
1,34,3,1,281,862.0,22,,1,1.0,15,8,28.0,16.0,1.0,7.0
1,43,1,1,620,273.0,15,57.0,1,1.0,20,11,9.0,23.0,6.0,23.0
2,29,1,1,637,827.0,24,31.0,4,1.0,9,4,19.0,3.0,2.0,30.0
1,32,1,1,865,610.0,20,34.0,1,1.0,18,5,14.0,16.0,12.0,29.0
1,48,1,1,593,80.0,21,53.0,1,1.0,3,6,11.0,23.0,1.0,1.0
1,20,2,2,254,,NIU,,1,1.0,21,12,31.0,,,
2,48,1,1,1302,828.0,17,58.0,1,1.0,3,9,28.0,32.0,2.0,27.0
2,47,1,1,1118,691.0,17,53.0,1,1.0,8,9,17.0,31.0,3.0,9.0
1,45,1,1,2100,1690.0,31,39.0,1,1.0,11,11,25.0,5.0,4.0,16.0
1,35,3,1,955,829.0,29,,3,,7,5,31.0,10.0,1.0,23.0
2,21,2,2,953,,NIU,,1,1.0,21,2,23.0,,,
1,39,1,1,761,679.0,21,40.0,1,1.0,24,10,13.0,1.0,5.0,12.0
1,43,1,1,318,614.0,31,42.0,1,1.0,20,10,14.0,16.0,7.0,9.0
2,45,1,1,1620,1090.0,20,48.0,1,1.0,4,3,20.0,27.0,8.0,3.0
1,46,2,2,954,,NIU,,2,1.0,4,11,7.0,,,
2,37,1,1,951,680.0,19,45.0,1,1.0,13,7,16.0,21.0,7.0,3.0
1,32,3,1,1316,816.0,17,,5,3.0,18,2,21.0,7.0,9.0,16.0
1,34,3,1,68,230.0,25,,1,1.0,15,8,3.0,17.0,2.0,1.0
1,43,1,1,556,355.0,29,48.0,1,1.0,16,4,29.0,7.0,4.0,16.0
1,36,1,1,554,346.0,26,44.0,1,,5,7,3.0,4.0,11.0,6.0
1,33,1,1,1336,858.0,18,35.0,1,1.0,22,10,12.0,7.0,4.0,5.0
2,16,2,2,174,,NIU,,1,1.0,33,3,23.0,,,
1,40,2,2,46,,NIU,,1,1.0,2,8,12.0,,,
2,47,1,2,23,1279.0,19,59.0,2,2.0,8,8,11.0,29.0,8.0,25.0
1,48,2,2,229,,NIU,,1,1.0,6,12,23.0,,,
2,42,1,1,565,349.0,24,53.0,1,1.0,14,10,20.0,1.0,2.0,13.0
2,26,1,1,853,739.0,22,31.0,1,1.0,26,11,28.0,6.0,6.0,13.0
1,39,1,1,1031,723.0,25,40.0,1,1.0,24,6,25.0,7.0,8.0,28.0
2,36,1,1,1333,846.0,22,35.0,1,1.0,5,2,16.0,7.0,3.0,1.0
1,39,3,1,161,63.0,27,,1,1.0,2,3,3.0,16.0,2.0,6.0
2,37,1,1,344,191.0,22,50.0,4,1.0,13,11,28.0,9.0,2.0,16.0
2,16,2,2,598,,NIU,,1,1.0,32,6,11.0,,,
2,24,2,2,75,,NIU,,1,1.0,17,10,1.0,,,
1,34,1,2,663,486.0,31,31.0,1,1.0,15,6,7.0,6.0,9.0,6.0
1,42,1,1,1733,1657.0,24,44.0,3,,14,10,25.0,1.0,1.0,13.0
1,47,3,1,1065,725.0,28,,1,1.0,8,8,22.0,22.0,7.0,16.0
1,44,3,2,529,250.0,20,,1,1.0,11,3,24.0,14.0,4.0,28.0
1,24,2,2,1584,,NIU,,1,1.0,29,12,4.0,,,
2,44,1,1,370,83.0,25,56.0,1,1.0,16,9,19.0,22.0,3.0,1.0
1,40,2,2,46,,NIU,,1,1.0,2,8,12.0,,,
1,32,3,1,138,81.0,24,,1,1.0,18,8,23.0,12.0,7.0,11.0
1,23,2,2,381,,NIU,,1,1.0,17,3,24.0,,,
2,15,2,2,1447,,NIU,,1,1.0,32,4,21.0,,,
1,37,3,1,725,507.0,25,,1,1.0,13,5,9.0,16.0,1.0,8.0
1,19,2,2,1317,,NIU,,1,1.0,28,5,12.0,,,
1,44,3,1,512,763.0,20,,1,1.0,16,10,3.0,14.0,11.0,27.0
1,17,2,2,84,,NIU,,1,1.0,33,2,25.0,,,
1,30,3,2,114,34.0,25,,1,1.0,9,7,11.0,3.0,3.0,29.0
1,23,2,2,753,,NIU,,1,1.0,31,11,28.0,,,
1,24,2,2,751,,NIU,,1,1.0,17,1,24.0,,,
1,24,2,2,358,,NIU,,1,1.0,17,11,17.0,,,
1,31,1,1,249,136.0,24,34.0,1,1.0,10,7,18.0,8.0,11.0,22.0
1,43,1,1,1734,1278.0,25,44.0,1,1.0,16,12,7.0,1.0,2.0,24.0
1,21,2,2,950,,NIU,,1,1.0,21,9,6.0,,,
1,48,3,1,756,421.0,25,,1,1.0,3,2,25.0,15.0,6.0,25.0
1,39,1,1,212,109.0,23,43.0,1,1.0,2,12,17.0,13.0,10.0,30.0
2,30,2,2,177,,NIU,,1,1.0,9,3,7.0,,,
1,35,1,1,155,69.0,24,36.0,1,1.0,7,8,13.0,20.0,8.0,3.0
2,47,1,1,2073,1656.0,19,52.0,1,1.0,8,1,12.0,29.0,8.0,6.0
2,33,1,2,1767,817.0,31,32.0,1,1.0,22,6,15.0,25.0,8.0,6.0
2,45,1,1,576,683.0,21,48.0,1,1.0,11,5,3.0,14.0,8.0,6.0
1,43,3,1,794,525.0,19,,2,1.0,20,5,20.0,14.0,3.0,26.0
1,26,3,1,723,344.0,20,,1,1.0,26,11,20.0,10.0,3.0,5.0
1,42,3,1,8,6.0,20,,2,1.0,14,10,30.0,15.0,2.0,28.0
2,42,1,1,35,676.0,18,45.0,1,1.0,14,8,2.0,14.0,5.0,29.0
1,35,1,1,1128,982.0,21,36.0,3,1.0,7,11,10.0,5.0,5.0,15.0
1,40,1,1,446,256.0,19,45.0,1,1.0,2,9,8.0,2.0,8.0,8.0
2,20,2,2,888,,NIU,,1,1.0,21,12,11.0,,,
2,48,3,1,89,681.0,17,,3,,3,6,8.0,32.0,12.0,28.0
1,45,1,1,1182,387.0,30,39.0,1,1.0,4,4,27.0,9.0,5.0,6.0
1,20,2,2,1021,,NIU,,1,1.0,27,8,8.0,,,
1,24,2,2,197,,NIU,,1,1.0,17,1,20.0,,,
2,39,3,1,311,717.0,19,,1,1.0,24,1,24.0,22.0,6.0,15.0
2,19,2,2,1768,,NIU,,1,1.0,28,9,12.0,,,
1,40,1,1,33,528.0,26,43.0,1,1.0,2,8,6.0,7.0,3.0,15.0
1,24,2,2,443,,NIU,,1,1.0,17,8,7.0,,,
2,32,1,1,1592,1225.0,25,34.0,1,1.0,18,10,28.0,10.0,4.0,1.0
1,40,1,1,291,217.0,19,44.0,1,1.0,2,2,16.0,18.0,3.0,23.0
1,49,1,1,551,343.0,22,47.0,1,1.0,6,8,5.0,23.0,5.0,10.0
2,40,2,2,641,,NIU,,1,1.0,2,2,21.0,,,
1,16,2,2,334,,NIU,,4,1.0,32,2,15.0,,,
1,22,1,2,253,214.0,20,24.0,1,1.0,23,10,27.0,28.0,4.0,20.0
2,43,1,1,1589,1130.0,38,54.0,1,1.0,20,2,10.0,11.0,6.0,5.0
1,37,1,1,224,121.0,28,35.0,1,1.0,13,5,2.0,12.0,9.0,19.0
1,49,1,1,93,551.0,28,54.0,1,1.0,36,4,8.0,18.0,5.0,27.0
2,46,1,1,738,420.0,19,57.0,1,1.0,4,5,20.0,23.0,5.0,19.0
2,35,1,1,1288,1277.0,20,39.0,1,1.0,7,9,29.0,9.0,3.0,27.0
1,40,1,1,333,91.0,29,45.0,1,1.0,2,5,30.0,20.0,1.0,23.0
1,24,2,2,497,,NIU,,1,1.0,17,7,24.0,,,
2,29,1,2,992,670.0,27,37.0,1,1.0,34,6,9.0,25.0,10.0,9.0
1,22,2,2,1769,,NIU,,1,1.0,23,5,7.0,,,
2,39,3,1,311,717.0,19,,1,1.0,24,1,24.0,22.0,6.0,15.0
2,16,2,2,1770,,NIU,,1,1.0,32,9,12.0,,,
1,30,1,1,88,47.0,27,30.0,1,1.0,9,2,21.0,6.0,2.0,27.0
2,42,1,1,496,329.0,20,48.0,1,1.0,14,6,8.0,15.0,6.0,12.0
1,24,2,2,868,,NIU,,4,4.0,17,7,20.0,,,
2,46,1,1,738,420.0,19,57.0,1,1.0,4,5,20.0,23.0,5.0,19.0
2,36,1,1,1289,818.0,19,39.0,1,1.0,13,12,25.0,1.0,11.0,17.0
1,35,1,1,55,1276.0,25,35.0,1,1.0,5,12,5.0,4.0,5.0,9.0
2,40,2,2,713,,NIU,,1,1.0,2,5,25.0,,,
2,32,1,1,1070,64.0,30,44.0,1,1.0,22,3,29.0,25.0,4.0,12.0
1,47,3,1,454,305.0,19,,1,1.0,8,11,13.0,23.0,7.0,18.0
1,43,1,1,318,1655.0,21,43.0,1,1.0,20,10,14.0,15.0,12.0,15.0
2,32,1,1,913,631.0,21,40.0,1,1.0,18,1,14.0,20.0,2.0,18.0
1,35,1,1,503,1416.0,26,36.0,1,1.0,7,8,17.0,17.0,11.0,27.0
2,37,1,1,1111,406.0,25,40.0,1,1.0,13,2,14.0,16.0,10.0,7.0
1,37,1,1,1423,811.0,33,37.0,1,1.0,13,2,28.0,11.0,1.0,8.0
1,36,1,1,1771,248.0,26,37.0,1,1.0,5,10,16.0,4.0,2.0,7.0
1,47,3,1,506,371.0,21,,1,1.0,8,5,20.0,19.0,7.0,26.0
2,25,2,2,259,,NIU,,1,1.0,26,3,23.0,,,
1,39,3,1,304,201.0,25,,1,1.0,24,1,7.0,5.0,4.0,27.0
1,29,2,2,2072,,NIU,,2,2.0,34,6,11.0,,,
1,38,1,1,2071,901.0,18,39.0,1,1.0,1,5,20.0,22.0,6.0,23.0
1,38,1,1,1740,1275.0,28,39.0,1,1.0,24,3,10.0,4.0,10.0,19.0
1,19,2,2,690,,NIU,,1,1.0,27,3,23.0,,,
1,19,1,2,781,531.0,19,25.0,1,1.0,27,12,18.0,26.0,7.0,26.0
1,27,1,1,1741,1294.0,24,31.0,4,1.0,30,2,1.0,6.0,8.0,20.0
2,36,1,1,2102,1640.0,32,49.0,1,1.0,5,10,21.0,6.0,9.0,16.0
1,47,1,1,23,20.0,26,47.0,2,1.0,8,8,11.0,18.0,5.0,7.0
1,42,1,1,1274,800.0,35,38.0,1,1.0,20,12,26.0,8.0,4.0,25.0
1,36,1,1,1275,801.0,27,39.0,1,1.0,13,4,1.0,17.0,9.0,19.0
2,42,2,1,862,,NIU,,1,1.0,14,6,7.0,,,
2,43,3,1,290,199.0,22,,3,1.0,20,10,12.0,18.0,5.0,25.0
2,16,2,2,1770,,NIU,,1,1.0,32,9,12.0,,,
1,19,2,2,690,,NIU,,1,1.0,27,3,23.0,,,
2,18,2,2,2075,,NIU,,1,1.0,28,3,21.0,,,
2,18,2,2,289,,NIU,,1,1.0,28,12,9.0,,,
2,22,1,2,548,312.0,16,24.0,1,1.0,23,9,27.0,3.0,1.0,27.0
1,47,3,2,336,213.0,24,,1,1.0,8,6,29.0,24.0,8.0,4.0
1,22,2,2,683,,NIU,,1,1.0,31,4,13.0,,,
2,49,1,1,987,802.0,17,57.0,1,1.0,6,2,13.0,33.0,8.0,11.0
1,34,1,2,663,486.0,31,31.0,1,1.0,15,6,7.0,6.0,9.0,6.0
1,23,3,2,56,417.0,18,,1,1.0,17,3,8.0,3.0,10.0,20.0
1,31,2,2,740,,NIU,,1,1.0,18,4,18.0,,,
2,45,1,1,419,210.0,20,51.0,4,1.0,4,4,25.0,27.0,10.0,30.0
1,47,3,1,915,643.0,23,,1,1.0,8,6,22.0,14.0,5.0,19.0
1,30,2,2,1412,,NIU,,1,1.0,9,10,17.0,,,
1,47,1,1,1104,686.0,18,50.0,1,1.0,8,11,28.0,29.0,7.0,25.0
2,29,1,1,2074,1639.0,21,32.0,1,1.0,34,2,3.0,12.0,1.0,13.0
1,45,1,1,70,33.0,25,53.0,1,1.0,11,2,15.0,2.0,8.0,26.0
1,45,1,1,335,212.0,35,43.0,1,1.0,11,6,22.0,4.0,12.0,21.0
1,48,2,2,229,,NIU,,1,1.0,6,12,23.0,,,
1,39,1,1,226,218.0,18,38.0,1,1.0,24,7,6.0,2.0,4.0,9.0
2,16,2,2,231,,NIU,,1,1.0,33,3,3.0,,,
2,19,2,2,859,,NIU,,1,1.0,28,10,8.0,,,
1,30,3,1,118,46.0,21,,1,1.0,9,7,8.0,12.0,7.0,8.0
2,37,1,1,17,57.0,29,38.0,1,1.0,1,3,6.0,12.0,2.0,7.0
1,42,1,1,192,102.0,18,47.0,1,1.0,14,6,9.0,14.0,11.0,31.0
1,16,2,2,1286,,NIU,,1,1.0,32,2,9.0,,,
1,39,1,1,212,109.0,23,43.0,1,1.0,2,12,17.0,13.0,10.0,30.0
2,15,2,2,1287,,NIU,,1,1.0,35,1,26.0,,,
1,15,2,2,16,,NIU,,1,1.0,35,10,11.0,,,
2,46,2,2,541,,NIU,,1,1.0,4,10,16.0,,,
2,34,1,2,532,260.0,24,34.0,1,1.0,15,10,19.0,4.0,10.0,24.0
1,49,1,1,421,184.0,25,61.0,1,1.0,6,2,1.0,14.0,2.0,28.0
1,33,1,1,1466,764.0,20,36.0,1,1.0,22,6,31.0,5.0,7.0,6.0
2,31,1,2,237,410.0,26,32.0,3,,18,4,20.0,3.0,1.0,13.0
2,40,1,1,3,85.0,19,46.0,1,1.0,2,8,16.0,18.0,10.0,17.0
2,29,1,1,971,699.0,24,31.0,3,,9,12,1.0,3.0,10.0,3.0
1,36,1,1,140,302.0,23,39.0,1,1.0,13,12,3.0,5.0,2.0,6.0
1,40,1,1,208,114.0,23,41.0,1,1.0,12,3,22.0,1.0,11.0,5.0
1,35,2,2,55,,NIU,,1,1.0,5,12,5.0,,,
1,17,2,2,84,,NIU,,1,1.0,33,2,25.0,,,
1,40,1,1,610,358.0,18,54.0,1,1.0,2,1,15.0,18.0,4.0,17.0
1,49,1,1,466,336.0,20,51.0,1,1.0,6,7,6.0,30.0,8.0,12.0
1,35,1,1,176,71.0,17,41.0,1,1.0,7,8,3.0,21.0,6.0,7.0
1,36,1,1,799,1293.0,17,42.0,1,1.0,5,10,6.0,1.0,6.0,12.0
1,40,1,1,393,154.0,22,46.0,1,1.0,2,2,11.0,1.0,1.0,17.0
2,18,2,2,1083,,NIU,,1,1.0,25,8,9.0,,,
2,41,1,1,739,1638.0,18,43.0,1,1.0,12,11,16.0,24.0,3.0,21.0
2,40,1,1,638,276.0,36,35.0,1,1.0,12,12,20.0,11.0,6.0,15.0
2,35,1,1,28,1.0,20,45.0,1,1.0,5,3,27.0,9.0,2.0,1.0
1,32,1,1,1531,1079.0,23,37.0,1,1.0,18,9,25.0,12.0,7.0,4.0
1,36,1,1,933,606.0,18,42.0,1,1.0,5,10,23.0,1.0,5.0,27.0
1,18,2,2,1254,,NIU,,1,1.0,25,5,7.0,,,
2,18,2,2,680,,NIU,,1,1.0,25,5,23.0,,,
2,16,2,2,999,,NIU,,3,,32,8,14.0,,,
2,27,1,1,1258,918.0,22,31.0,1,1.0,30,11,23.0,11.0,6.0,7.0
2,33,1,1,1697,1637.0,25,35.0,1,1.0,22,7,26.0,12.0,11.0,31.0
1,31,2,2,134,,NIU,,1,1.0,10,2,6.0,,,
1,44,1,1,1026,570.0,22,48.0,1,1.0,16,10,16.0,15.0,7.0,24.0
1,20,2,2,1325,,NIU,,4,1.0,27,6,17.0,,,
1,41,1,1,287,188.0,26,46.0,1,1.0,14,12,8.0,9.0,2.0,19.0
1,30,1,2,177,282.0,24,29.0,1,1.0,9,3,7.0,3.0,2.0,9.0
2,30,1,1,1095,378.0,26,42.0,1,1.0,10,3,27.0,11.0,10.0,10.0
1,27,1,2,329,608.0,25,28.0,1,1.0,30,11,28.0,28.0,4.0,22.0
1,45,1,1,1331,844.0,37,51.0,3,,11,4,17.0,8.0,2.0,10.0
2,35,1,1,1799,126.0,18,42.0,5,3.0,7,5,22.0,21.0,2.0,26.0
2,45,2,2,429,,NIU,,1,1.0,4,9,3.0,,,
2,43,1,1,67,78.0,16,43.0,1,1.0,16,3,18.0,23.0,8.0,31.0
2,40,2,2,198,,NIU,,1,1.0,2,6,22.0,,,
2,49,1,1,703,1031.0,20,53.0,1,1.0,6,8,25.0,30.0,7.0,11.0
1,31,1,1,901,694.0,24,33.0,1,1.0,18,12,2.0,8.0,1.0,8.0
1,23,2,2,705,,NIU,,1,1.0,31,11,3.0,,,
2,45,1,1,332,721.0,30,44.0,1,1.0,11,5,17.0,9.0,3.0,30.0
2,47,1,1,210,110.0,28,62.0,1,1.0,3,4,24.0,2.0,12.0,14.0
2,46,1,1,578,23.0,20,51.0,3,,4,6,22.0,19.0,1.0,11.0
1,45,1,1,70,33.0,25,53.0,1,1.0,11,2,15.0,2.0,8.0,26.0
2,47,1,1,991,700.0,18,59.0,1,1.0,3,4,13.0,30.0,1.0,2.0
1,38,1,1,1800,1292.0,20,40.0,1,1.0,1,11,11.0,1.0,3.0,23.0
1,30,3,1,118,46.0,21,,1,1.0,9,7,8.0,12.0,7.0,8.0
1,45,3,1,39,190.0,18,,1,1.0,11,4,9.0,19.0,4.0,29.0
2,24,1,1,479,327.0,18,27.0,1,1.0,17,8,14.0,10.0,3.0,2.0
1,16,2,2,543,,NIU,,1,1.0,33,12,29.0,,,
2,40,1,1,50,292.0,29,44.0,1,1.0,2,2,17.0,20.0,8.0,1.0
2,41,1,1,133,1636.0,36,41.0,1,1.0,12,7,21.0,3.0,8.0,12.0
1,16,2,2,727,,NIU,,1,1.0,33,3,22.0,,,
2,22,2,2,582,,NIU,,1,1.0,23,10,15.0,,,
2,27,2,2,348,,NIU,,1,1.0,19,3,4.0,,,
2,43,3,1,290,199.0,22,,3,1.0,20,10,12.0,18.0,5.0,25.0
1,46,1,1,611,296.0,31,55.0,1,1.0,4,8,28.0,7.0,6.0,4.0
1,41,1,1,287,188.0,26,46.0,1,1.0,14,12,8.0,9.0,2.0,19.0
2,20,2,2,1786,,NIU,,1,1.0,27,5,15.0,,,
1,48,1,1,593,80.0,21,53.0,1,1.0,3,6,11.0,23.0,1.0,1.0
2,48,1,1,2077,1625.0,16,55.0,1,1.0,3,2,29.0,32.0,9.0,8.0
1,20,2,2,1273,,NIU,,1,1.0,27,10,15.0,,,
1,36,1,1,235,384.0,25,38.0,1,1.0,13,3,25.0,20.0,2.0,7.0
1,31,1,1,1455,483.0,25,34.0,1,1.0,10,11,13.0,3.0,5.0,28.0
1,25,2,2,11,,NIU,,1,1.0,26,3,24.0,,,
2,45,1,1,260,125.0,21,46.0,1,1.0,11,10,23.0,14.0,7.0,10.0
1,33,2,2,957,,NIU,,1,1.0,15,12,31.0,,,
2,32,2,2,285,,NIU,,1,1.0,18,6,22.0,,,
2,42,1,1,2076,1624.0,14,35.0,5,,14,2,4.0,29.0,1.0,15.0
2,43,1,1,795,413.0,17,45.0,1,1.0,20,11,15.0,27.0,7.0,13.0
2,47,1,1,186,73.0,18,58.0,1,1.0,8,2,29.0,30.0,11.0,3.0
1,20,2,2,583,,NIU,,2,2.0,27,9,26.0,,,
1,23,2,2,241,,NIU,,3,,17,12,8.0,,,
1,27,2,2,988,,NIU,,1,1.0,30,1,3.0,,,
1,26,2,2,1008,,NIU,,1,1.0,30,3,18.0,,,
1,47,1,1,165,972.0,22,49.0,1,1.0,8,6,4.0,27.0,12.0,20.0
2,40,1,1,182,89.0,21,44.0,1,1.0,2,1,11.0,1.0,6.0,5.0
1,47,1,1,23,20.0,26,47.0,2,1.0,8,8,11.0,18.0,5.0,7.0
2,44,1,1,877,599.0,16,50.0,1,1.0,11,4,11.0,29.0,5.0,12.0
1,47,1,1,748,399.0,25,49.0,1,1.0,3,12,31.0,15.0,7.0,28.0
1,26,1,2,782,532.0,25,27.0,2,2.0,26,7,25.0,28.0,3.0,25.0
2,37,1,1,721,409.0,22,46.0,1,1.0,13,5,12.0,9.0,2.0,27.0
2,47,2,2,1376,,NIU,,1,1.0,8,5,17.0,,,
2,15,2,2,679,,NIU,,1,1.0,35,9,2.0,,,
1,18,2,2,720,,NIU,,1,1.0,28,3,25.0,,,
2,25,1,1,1818,917.0,15,30.0,1,1.0,26,3,14.0,4.0,2.0,2.0
1,33,2,2,1598,,NIU,,1,1.0,22,1,24.0,,,
1,37,1,1,711,467.0,19,43.0,2,2.0,13,8,9.0,1.0,8.0,6.0
1,33,1,1,15,67.0,23,32.0,1,1.0,22,2,24.0,17.0,6.0,25.0
1,44,1,1,624,392.0,22,43.0,1,1.0,16,4,17.0,18.0,10.0,29.0
2,37,1,1,1819,1317.0,18,40.0,4,1.0,13,7,11.0,1.0,4.0,25.0
1,46,1,1,592,239.0,22,51.0,1,1.0,8,12,6.0,14.0,8.0,15.0
2,19,2,2,1041,,NIU,,1,1.0,28,2,2.0,,,
1,23,1,1,299,211.0,23,31.0,1,1.0,17,4,17.0,28.0,12.0,7.0
2,21,2,2,150,,NIU,,1,1.0,21,10,24.0,,,
2,23,3,1,1561,1623.0,22,,5,3.0,31,2,20.0,28.0,2.0,17.0
2,28,1,1,970,505.0,23,34.0,1,1.0,34,12,18.0,3.0,2.0,19.0
1,44,1,2,1788,1316.0,44,48.0,1,1.0,11,3,13.0,26.0,7.0,12.0
1,44,1,1,331,225.0,24,45.0,1,1.0,16,8,19.0,2.0,2.0,20.0
1,21,2,2,617,,NIU,,5,3.0,21,6,28.0,,,
1,38,1,1,945,542.0,28,38.0,1,1.0,1,11,25.0,17.0,1.0,23.0
1,33,2,2,162,,NIU,,1,1.0,22,7,28.0,,,
2,32,3,1,1250,1622.0,10,,1,1.0,18,9,27.0,18.0,4.0,29.0
1,24,1,1,1789,1315.0,20,30.0,1,1.0,29,4,19.0,11.0,9.0,6.0
1,22,2,2,840,,NIU,,3,,23,11,3.0,,,
1,38,1,1,202,1621.0,30,37.0,1,1.0,1,11,7.0,12.0,2.0,6.0
1,18,2,2,1790,,NIU,,4,1.0,25,7,24.0,,,
1,27,2,2,1251,,NIU,,1,1.0,30,10,16.0,,,
1,44,1,1,906,664.0,26,45.0,1,,16,10,10.0,21.0,6.0,18.0
1,26,2,2,1485,,NIU,,1,1.0,26,9,2.0,,,
1,30,3,2,114,34.0,25,,1,1.0,9,7,11.0,3.0,3.0,29.0
1,41,1,1,1791,1314.0,27,46.0,1,1.0,12,8,1.0,7.0,12.0,18.0
2,24,2,2,1004,,NIU,,2,1.0,17,8,26.0,,,
1,49,1,1,129,56.0,27,52.0,1,1.0,6,10,5.0,18.0,6.0,30.0
1,47,3,1,915,643.0,23,,1,1.0,8,6,22.0,14.0,5.0,19.0
1,40,3,1,729,434.0,19,,1,1.0,2,5,19.0,18.0,8.0,19.0
1,40,1,1,333,91.0,29,45.0,1,1.0,2,5,30.0,20.0,1.0,23.0
1,25,2,2,500,,NIU,,1,1.0,29,2,27.0,,,
2,39,1,1,1383,920.0,26,39.0,1,1.0,24,11,26.0,16.0,6.0,4.0
1,32,1,1,1003,341.0,26,35.0,1,1.0,18,6,14.0,10.0,8.0,28.0
2,25,1,1,1818,917.0,15,30.0,1,1.0,26,3,14.0,4.0,2.0,2.0
1,19,2,2,1222,,NIU,,1,1.0,28,2,1.0,,,
2,29,1,1,971,699.0,24,31.0,3,,9,12,1.0,3.0,10.0,3.0
1,37,1,1,570,347.0,22,40.0,1,1.0,13,8,26.0,9.0,8.0,16.0
2,47,1,1,2084,1620.0,23,48.0,1,1.0,8,7,10.0,24.0,4.0,3.0
1,47,3,1,616,539.0,22,,1,1.0,3,3,23.0,27.0,5.0,20.0
2,49,1,1,1002,701.0,23,53.0,1,2.0,36,4,28.0,19.0,2.0,26.0
1,46,1,1,655,386.0,25,50.0,1,2.0,4,8,11.0,18.0,3.0,3.0
2,30,1,1,1792,1313.0,29,28.0,1,1.0,10,4,27.0,25.0,11.0,2.0
1,46,2,2,550,,NIU,,1,1.0,8,3,28.0,,,
1,28,1,1,1793,1312.0,25,34.0,1,1.0,34,12,10.0,6.0,10.0,23.0
2,29,1,1,2058,1619.0,25,36.0,1,1.0,34,8,25.0,11.0,4.0,24.0
1,47,1,1,748,399.0,25,49.0,1,1.0,3,12,31.0,15.0,7.0,28.0
1,41,1,1,652,390.0,21,43.0,4,4.0,12,6,7.0,2.0,4.0,20.0
1,26,2,2,87,,NIU,,1,1.0,26,1,16.0,,,
1,37,1,1,398,235.0,23,44.0,1,1.0,13,1,31.0,5.0,4.0,10.0
2,19,2,2,1834,,NIU,,1,1.0,28,5,17.0,,,
1,39,1,2,677,385.0,35,37.0,1,1.0,24,7,2.0,6.0,9.0,11.0
1,34,1,1,72,14.0,23,39.0,1,1.0,15,2,29.0,4.0,4.0,3.0
1,32,1,1,1835,1311.0,20,32.0,4,1.0,18,2,23.0,16.0,3.0,18.0
2,43,1,1,1264,773.0,23,44.0,1,1.0,20,2,6.0,2.0,3.0,31.0
2,15,2,2,16,,NIU,,1,1.0,35,10,11.0,,,
2,49,1,2,2057,1618.0,29,38.0,1,1.0,6,4,26.0,2.0,12.0,2.0
1,28,2,2,21,,NIU,,2,1.0,19,11,28.0,,,
1,27,2,2,685,,NIU,,1,1.0,30,4,17.0,,,
2,43,1,1,123,41.0,20,44.0,1,1.0,20,10,15.0,15.0,4.0,16.0
2,43,1,1,653,393.0,18,43.0,1,1.0,20,1,1.0,14.0,1.0,31.0
1,31,2,2,343,,NIU,,1,1.0,18,12,29.0,,,
2,46,1,1,2056,1630.0,19,63.0,1,1.0,8,3,22.0,23.0,6.0,29.0
2,38,1,1,1237,778.0,21,48.0,1,1.0,1,11,1.0,21.0,2.0,19.0
2,47,1,1,737,905.0,15,53.0,3,1.0,8,11,22.0,32.0,7.0,10.0
2,47,1,1,184,13.0,16,51.0,1,1.0,8,1,2.0,31.0,9.0,10.0
1,46,2,2,1037,,NIU,,1,1.0,4,6,2.0,,,
2,47,1,2,324,197.0,43,47.0,1,1.0,8,7,19.0,11.0,10.0,4.0
2,40,3,1,1036,719.0,30,,1,1.0,2,1,3.0,17.0,4.0,1.0
2,25,3,1,1804,1318.0,20,,1,1.0,29,7,2.0,3.0,3.0,17.0
1,25,2,2,11,,NIU,,1,1.0,26,3,24.0,,,
2,29,1,2,992,670.0,27,37.0,1,1.0,34,6,9.0,25.0,10.0,9.0
1,43,1,1,591,238.0,32,50.0,1,1.0,20,2,4.0,4.0,4.0,28.0
1,34,1,1,532,1629.0,31,38.0,1,1.0,15,10,19.0,6.0,2.0,17.0
1,26,1,1,1035,395.0,22,34.0,1,1.0,26,2,16.0,11.0,2.0,20.0
1,39,1,1,52,124.0,19,44.0,1,1.0,24,7,21.0,22.0,6.0,27.0
1,36,2,2,1968,,NIU,,1,1.0,5,1,21.0,,,
2,48,1,1,1663,328.0,22,56.0,1,1.0,3,2,30.0,27.0,9.0,4.0
1,42,3,1,18,10.0,23,,1,1.0,14,9,18.0,1.0,9.0,27.0
1,49,3,1,1214,1628.0,17,,1,1.0,6,1,10.0,32.0,7.0,9.0
1,31,1,2,941,591.0,24,40.0,1,1.0,18,4,11.0,8.0,1.0,15.0
1,39,1,1,52,124.0,19,44.0,1,1.0,24,7,21.0,22.0,6.0,27.0
1,40,3,1,1260,107.0,20,,1,1.0,2,3,23.0,22.0,2.0,3.0
1,22,2,2,9,,NIU,,1,1.0,23,5,23.0,,,
2,24,2,2,1238,,NIU,,1,1.0,17,11,21.0,,,
2,37,1,1,1622,1160.0,17,45.0,1,1.0,1,3,22.0,2.0,10.0,28.0
1,26,1,1,2055,1627.0,14,32.0,3,,26,9,24.0,20.0,10.0,1.0
1,32,1,2,237,779.0,25,34.0,1,1.0,18,4,20.0,10.0,4.0,16.0
2,18,2,2,152,,NIU,,1,1.0,28,12,22.0,,,
2,29,1,1,2086,1626.0,22,36.0,1,1.0,34,11,10.0,8.0,11.0,5.0
1,37,1,1,398,235.0,23,44.0,1,1.0,13,1,31.0,5.0,4.0,10.0
1,47,1,2,64,29.0,26,50.0,1,1.0,8,4,6.0,2.0,1.0,27.0
1,28,1,1,1161,1345.0,20,30.0,1,1.0,19,9,23.0,8.0,6.0,23.0
2,42,1,1,179,79.0,18,48.0,1,1.0,14,9,22.0,24.0,9.0,26.0
1,34,1,1,2085,620.0,34,34.0,1,1.0,15,6,16.0,26.0,5.0,24.0
1,45,1,1,382,75.0,19,49.0,1,1.0,11,5,30.0,27.0,6.0,19.0
2,46,1,1,1223,950.0,22,47.0,1,1.0,4,10,9.0,24.0,4.0,11.0
1,45,1,2,450,338.0,27,49.0,1,1.0,11,8,16.0,1.0,7.0,9.0
1,20,1,2,726,443.0,19,25.0,1,1.0,27,10,7.0,26.0,9.0,28.0
2,15,2,2,706,,NIU,,1,1.0,35,9,6.0,,,
2,27,1,1,1803,590.0,22,33.0,1,1.0,30,10,18.0,3.0,7.0,14.0
1,27,2,2,397,,NIU,,1,1.0,30,11,22.0,,,
1,39,1,1,269,1.0,24,41.0,1,1.0,24,7,29.0,9.0,2.0,1.0
2,39,1,1,1310,1344.0,29,49.0,5,1.0,24,8,29.0,4.0,7.0,3.0
1,21,1,2,4,4.0,21,33.0,1,1.0,21,6,14.0,26.0,6.0,13.0
1,32,1,1,730,435.0,16,53.0,1,1.0,18,3,30.0,13.0,11.0,3.0
1,26,1,1,2062,1613.0,25,30.0,1,1.0,26,6,12.0,28.0,10.0,13.0
2,34,1,1,1156,990.0,30,43.0,1,1.0,7,12,25.0,11.0,6.0,13.0
1,34,1,1,2061,1612.0,21,37.0,1,1.0,7,12,28.0,5.0,3.0,9.0
1,42,3,1,18,10.0,23,,1,1.0,14,9,18.0,1.0,9.0,27.0
2,42,1,1,609,370.0,15,48.0,3,1.0,20,3,30.0,23.0,8.0,30.0
2,28,1,1,2060,1195.0,16,37.0,1,1.0,19,11,27.0,20.0,5.0,6.0
2,49,3,1,340,720.0,15,,1,1.0,6,6,3.0,35.0,5.0,26.0
2,39,1,1,78,284.0,27,42.0,1,1.0,2,12,15.0,16.0,7.0,17.0
1,49,1,1,421,184.0,25,61.0,1,1.0,6,2,1.0,14.0,2.0,28.0
1,19,2,2,326,,NIU,,1,1.0,28,10,2.0,,,
2,26,2,2,892,,NIU,,1,1.0,30,12,12.0,,,
1,36,3,1,1228,1611.0,27,,1,1.0,5,1,30.0,17.0,3.0,24.0
2,30,1,1,1830,1339.0,15,43.0,1,1.0,10,12,5.0,9.0,5.0,25.0
1,18,2,2,463,,NIU,,1,1.0,25,6,18.0,,,
2,25,1,1,2059,1263.0,21,25.0,1,1.0,29,1,10.0,6.0,9.0,19.0
1,36,1,1,1080,646.0,14,42.0,4,1.0,5,6,19.0,15.0,3.0,9.0
1,36,1,1,1275,801.0,27,39.0,1,1.0,13,4,1.0,17.0,9.0,19.0
1,38,2,2,1,,NIU,,1,1.0,1,1,25.0,,,
1,34,1,2,800,64.0,31,37.0,1,1.0,15,4,16.0,25.0,4.0,12.0
2,47,1,1,173,96.0,21,53.0,1,1.0,8,10,26.0,19.0,2.0,30.0
1,49,3,1,13,8.0,27,,1,1.0,36,3,9.0,15.0,1.0,28.0
2,39,3,2,639,404.0,29,,1,1.0,24,5,13.0,4.0,11.0,17.0
1,42,2,2,10,,NIU,,1,1.0,14,7,7.0,,,
2,21,2,2,1806,,NIU,,4,1.0,21,5,11.0,,,
1,30,2,2,278,,NIU,,1,1.0,9,5,11.0,,,
1,34,3,1,68,230.0,25,,1,1.0,15,8,3.0,17.0,2.0,1.0
1,49,1,1,1831,1337.0,25,59.0,1,1.0,36,12,2.0,14.0,12.0,9.0
1,32,1,1,22,298.0,28,40.0,1,1.0,18,7,19.0,6.0,4.0,28.0
1,29,3,2,119,234.0,21,,1,1.0,34,1,10.0,12.0,12.0,20.0
1,43,1,1,1234,31.0,20,45.0,1,1.0,20,2,7.0,15.0,4.0,1.0
1,21,2,2,164,,NIU,,1,1.0,21,9,28.0,,,
1,22,2,2,171,,NIU,,1,1.0,31,12,8.0,,,
1,24,2,2,1235,,NIU,,1,1.0,17,7,26.0,,,
1,49,1,1,1034,180.0,20,52.0,1,1.0,6,5,18.0,30.0,3.0,3.0
1,44,1,1,770,51.0,19,47.0,5,3.0,16,6,22.0,27.0,9.0,16.0
2,32,1,1,1105,170.0,25,31.0,1,1.0,22,4,16.0,12.0,12.0,12.0
1,39,1,1,269,1.0,24,41.0,1,1.0,24,7,29.0,9.0,2.0,1.0
1,25,2,2,1471,,NIU,,1,1.0,29,1,20.0,,,
2,35,2,2,569,,NIU,,1,1.0,7,6,29.0,,,
1,46,1,1,816,331.0,33,51.0,1,1.0,4,9,28.0,16.0,5.0,17.0
1,22,2,2,571,,NIU,,1,1.0,23,1,6.0,,,
2,36,2,2,1832,,NIU,,1,1.0,5,8,16.0,,,
2,47,3,1,688,379.0,21,,3,1.0,8,5,16.0,19.0,4.0,26.0
1,49,3,1,13,8.0,27,,1,1.0,36,3,9.0,15.0,1.0,28.0
1,43,1,1,1236,1034.0,23,48.0,1,1.0,16,4,19.0,2.0,7.0,12.0
1,32,1,1,1833,1336.0,15,37.0,1,1.0,18,11,14.0,21.0,11.0,15.0
1,38,1,1,687,740.0,19,55.0,2,1.0,1,10,17.0,22.0,2.0,14.0
1,48,3,2,580,268.0,28,,1,1.0,3,1,14.0,2.0,2.0,5.0
2,23,2,2,111,,NIU,,1,1.0,17,9,14.0,,,
1,25,2,2,686,,NIU,,1,1.0,26,4,3.0,,,
1,42,3,1,8,6.0,20,,2,1.0,14,10,30.0,15.0,2.0,28.0
1,38,1,1,856,447.0,25,37.0,1,1.0,1,9,13.0,16.0,8.0,1.0
1,41,1,1,652,390.0,21,43.0,4,4.0,12,6,7.0,2.0,4.0,20.0
1,20,2,2,1207,,NIU,,1,1.0,27,10,17.0,,,
2,15,2,2,2067,,NIU,,1,1.0,35,7,24.0,,,
2,15,2,2,16,,NIU,,5,3.0,35,10,11.0,,,
2,25,2,2,813,,NIU,,1,1.0,29,8,3.0,,,
1,34,2,2,225,,NIU,,1,1.0,15,2,5.0,,,
2,23,1,1,1860,741.0,18,35.0,5,3.0,31,1,24.0,3.0,10.0,29.0
2,46,3,1,989,623.0,21,,1,1.0,4,2,28.0,27.0,8.0,17.0
2,32,1,1,22,584.0,20,33.0,1,1.0,18,7,19.0,20.0,1.0,3.0
1,39,1,1,26,202.0,24,45.0,3,1.0,2,3,24.0,9.0,1.0,24.0
2,27,3,1,1142,1026.0,17,,1,1.0,19,12,27.0,4.0,12.0,6.0
2,49,1,1,1208,1035.0,19,59.0,1,1.0,36,12,27.0,31.0,3.0,2.0
1,40,1,1,50,253.0,20,41.0,1,1.0,2,2,17.0,2.0,8.0,7.0
1,41,1,1,1209,1036.0,28,38.0,1,1.0,12,7,3.0,5.0,2.0,10.0
1,40,1,1,446,256.0,19,45.0,1,1.0,2,9,8.0,2.0,8.0,8.0
2,32,1,1,1210,784.0,17,38.0,1,1.0,18,1,4.0,9.0,8.0,10.0
1,46,1,1,120,23.0,20,47.0,1,1.0,4,10,13.0,19.0,1.0,11.0
1,44,1,1,308,787.0,21,46.0,3,,16,2,10.0,24.0,2.0,3.0
1,29,1,1,1061,587.0,23,34.0,4,4.0,34,4,12.0,3.0,8.0,2.0
1,19,2,2,298,,NIU,,1,1.0,28,4,27.0,,,
1,48,1,1,89,332.0,19,43.0,1,1.0,3,6,8.0,30.0,6.0,8.0
2,23,1,1,1081,645.0,20,31.0,1,1.0,31,5,17.0,6.0,5.0,22.0
1,22,2,2,9,,NIU,,1,1.0,23,5,23.0,,,
1,44,1,1,1399,840.0,28,44.0,1,1.0,16,2,14.0,13.0,11.0,12.0
2,35,3,1,2066,1358.0,20,,2,1.0,5,3,13.0,9.0,2.0,14.0
1,47,1,1,1431,966.0,23,48.0,1,1.0,8,11,27.0,14.0,2.0,21.0
2,19,2,2,42,,NIU,,1,1.0,28,10,1.0,,,
2,34,1,1,442,365.0,24,43.0,1,1.0,15,11,29.0,17.0,6.0,19.0
1,18,2,2,300,,NIU,,1,1.0,25,3,9.0,,,
1,20,2,2,404,,NIU,,1,1.0,27,4,29.0,,,
1,38,1,1,325,233.0,31,46.0,1,1.0,1,7,26.0,8.0,2.0,28.0
2,39,2,1,647,,NIU,,3,1.0,24,5,16.0,,,
2,23,1,1,2065,1593.0,17,26.0,1,1.0,31,9,23.0,3.0,10.0,16.0
2,30,1,1,671,372.0,20,29.0,3,,9,7,17.0,4.0,10.0,25.0
1,49,1,1,533,1357.0,19,53.0,1,1.0,36,4,2.0,31.0,6.0,1.0
1,28,2,2,21,,NIU,,2,1.0,19,11,28.0,,,
2,27,3,2,1103,281.0,22,,1,1.0,19,12,30.0,3.0,1.0,24.0
1,44,3,1,809,400.0,23,,1,1.0,16,6,31.0,18.0,8.0,29.0
2,42,1,1,1211,785.0,19,44.0,1,1.0,20,3,25.0,24.0,4.0,19.0
1,32,1,1,1012,651.0,21,36.0,1,1.0,18,11,29.0,4.0,4.0,8.0
2,16,2,2,1764,,NIU,,1,1.0,32,2,7.0,,,
2,20,1,1,424,736.0,16,24.0,1,1.0,27,1,7.0,11.0,11.0,13.0
2,43,1,1,389,429.0,34,45.0,1,1.0,20,2,28.0,17.0,1.0,29.0
2,37,1,1,746,661.0,23,38.0,1,1.0,1,12,7.0,7.0,1.0,13.0
1,32,1,2,237,779.0,25,34.0,1,1.0,18,4,20.0,10.0,4.0,16.0
2,48,3,1,89,681.0,17,,3,,3,6,8.0,32.0,12.0,28.0
1,37,1,1,1212,1592.0,25,49.0,1,1.0,1,3,30.0,16.0,2.0,7.0
1,41,1,1,488,335.0,26,41.0,1,1.0,12,2,7.0,7.0,4.0,3.0
2,45,1,1,1856,1234.0,19,56.0,1,1.0,11,1,17.0,19.0,2.0,9.0
1,19,2,2,1317,,NIU,,1,1.0,28,5,12.0,,,
1,25,2,2,108,,NIU,,1,1.0,29,2,4.0,,,
1,35,1,1,1861,1356.0,22,34.0,1,1.0,7,6,19.0,5.0,3.0,25.0
2,46,2,2,541,,NIU,,1,1.0,4,10,16.0,,,
2,35,1,1,1862,1591.0,22,41.0,1,1.0,5,3,10.0,5.0,6.0,28.0
1,41,1,1,314,162.0,26,46.0,3,1.0,12,2,13.0,9.0,8.0,31.0
1,33,1,2,1290,938.0,30,36.0,1,1.0,22,1,3.0,6.0,8.0,19.0
1,18,2,2,597,,NIU,,1,1.0,25,2,21.0,,,
1,16,2,2,102,,NIU,,1,1.0,32,10,9.0,,,
1,47,1,1,207,116.0,28,51.0,1,1.0,8,7,12.0,1.0,4.0,4.0
2,16,2,2,209,,NIU,,3,,32,11,9.0,,,
2,30,1,1,670,383.0,19,34.0,1,1.0,9,4,27.0,4.0,2.0,5.0
1,29,1,1,1183,1590.0,28,29.0,1,1.0,9,4,1.0,25.0,12.0,18.0
2,30,1,1,671,372.0,20,29.0,3,,9,7,17.0,4.0,10.0,25.0
1,16,2,2,339,,NIU,,1,1.0,32,5,28.0,,,
2,17,2,2,588,,NIU,,1,1.0,33,2,29.0,,,
2,44,1,1,178,228.0,22,45.0,1,1.0,16,8,26.0,15.0,8.0,30.0
1,49,3,1,1051,28.0,36,,1,1.0,6,5,7.0,5.0,5.0,18.0
1,32,3,1,1878,1355.0,29,,1,1.0,18,2,18.0,6.0,8.0,9.0
1,45,1,1,719,522.0,24,47.0,1,1.0,4,12,7.0,18.0,9.0,6.0
1,33,2,2,1389,,NIU,,1,1.0,22,11,10.0,,,
1,38,2,2,980,,NIU,,1,1.0,1,11,27.0,,,
2,35,1,1,321,521.0,15,39.0,2,1.0,7,10,22.0,2.0,8.0,5.0
1,35,1,1,117,50.0,21,34.0,3,1.0,7,2,18.0,7.0,11.0,12.0
2,49,1,1,1969,1069.0,16,56.0,1,1.0,36,12,22.0,34.0,5.0,19.0
2,48,1,1,902,693.0,24,47.0,1,1.0,3,1,31.0,14.0,12.0,30.0
1,18,2,2,1865,,NIU,,1,1.0,25,9,3.0,,,
1,44,1,1,144,135.0,25,48.0,1,1.0,16,6,17.0,22.0,5.0,10.0
2,39,1,1,1365,1010.0,25,40.0,1,1.0,2,12,7.0,7.0,3.0,6.0
1,36,1,1,1196,786.0,25,46.0,1,1.0,13,3,19.0,20.0,2.0,16.0
2,43,1,1,389,429.0,34,45.0,1,1.0,20,2,28.0,17.0,1.0,29.0
1,18,2,2,1790,,NIU,,4,1.0,25,7,24.0,,,
2,15,2,2,864,,NIU,,1,1.0,32,4,3.0,,,
1,49,3,1,648,440.0,18,,1,1.0,36,4,17.0,33.0,3.0,23.0
2,34,1,1,32,1094.0,28,32.0,1,1.0,15,1,24.0,3.0,5.0,13.0
1,48,1,1,36,196.0,20,62.0,1,1.0,6,4,10.0,29.0,1.0,20.0
1,18,2,2,514,,NIU,,1,1.0,25,1,27.0,,,
2,27,1,2,213,112.0,24,24.0,1,1.0,30,7,21.0,25.0,4.0,11.0
1,37,1,1,1197,1027.0,23,44.0,1,1.0,13,9,7.0,7.0,12.0,5.0
2,27,3,1,2040,1589.0,21,,1,1.0,30,10,7.0,10.0,7.0,1.0
2,49,1,1,2039,1580.0,21,51.0,1,1.0,6,2,12.0,23.0,9.0,9.0
1,46,1,1,1456,863.0,22,45.0,1,1.0,4,2,3.0,14.0,3.0,28.0
1,44,1,1,624,392.0,22,43.0,1,1.0,16,4,17.0,18.0,10.0,29.0
1,23,2,2,297,,NIU,,1,1.0,17,3,20.0,,,
1,29,3,1,385,193.0,20,,1,1.0,9,12,31.0,17.0,4.0,14.0
1,34,1,1,2070,1579.0,23,34.0,1,1.0,15,2,31.0,4.0,4.0,15.0
1,42,3,1,151,164.0,23,,1,1.0,14,1,15.0,1.0,6.0,28.0
1,36,1,2,1101,283.0,23,43.0,1,1.0,5,1,15.0,16.0,6.0,1.0
1,31,1,1,1879,1378.0,23,35.0,1,1.0,10,5,18.0,12.0,3.0,27.0
2,39,1,1,1935,1319.0,25,46.0,1,2.0,2,12,3.0,7.0,1.0,11.0
2,19,2,2,404,,NIU,,1,1.0,27,4,29.0,,,
2,44,1,1,437,369.0,19,47.0,1,1.0,16,3,8.0,27.0,11.0,30.0
2,47,1,1,1118,691.0,17,53.0,1,1.0,8,9,17.0,31.0,3.0,9.0
1,31,1,2,125,492.0,28,32.0,1,1.0,10,9,23.0,25.0,7.0,24.0
1,34,1,1,414,206.0,28,35.0,1,1.0,15,6,13.0,10.0,3.0,26.0
1,16,2,2,672,,NIU,,2,1.0,32,5,14.0,,,
1,47,1,1,1774,1191.0,36,46.0,1,1.0,8,5,23.0,20.0,8.0,22.0
1,39,1,2,677,385.0,35,37.0,1,1.0,24,7,2.0,6.0,9.0,11.0
2,40,1,1,312,171.0,23,43.0,1,1.0,2,7,28.0,21.0,2.0,20.0
1,45,1,1,43,25.0,19,50.0,1,1.0,11,8,2.0,19.0,9.0,13.0
1,41,1,1,1149,83.0,22,48.0,1,1.0,12,7,29.0,22.0,3.0,1.0
2,17,2,2,815,,NIU,,1,1.0,33,6,18.0,,,
1,47,1,1,23,20.0,26,47.0,2,1.0,8,8,11.0,18.0,5.0,7.0
1,38,1,1,1880,613.0,25,39.0,1,1.0,1,6,25.0,5.0,11.0,4.0
2,28,3,1,1881,1377.0,24,,1,1.0,19,2,11.0,6.0,6.0,21.0
1,35,1,1,1858,1376.0,20,39.0,4,1.0,7,11,22.0,9.0,11.0,16.0
1,23,1,1,1859,1375.0,19,34.0,1,1.0,17,3,11.0,3.0,12.0,13.0
1,36,1,1,1080,646.0,14,42.0,4,1.0,5,6,19.0,15.0,3.0,9.0
1,48,1,1,36,196.0,20,62.0,1,1.0,6,4,10.0,29.0,1.0,20.0
1,48,3,1,756,421.0,25,,1,1.0,3,2,25.0,15.0,6.0,25.0
2,46,1,1,691,503.0,18,47.0,1,1.0,4,11,16.0,23.0,10.0,19.0
2,42,1,1,565,349.0,24,53.0,1,1.0,14,10,20.0,1.0,2.0,13.0
2,39,1,1,2069,1578.0,18,45.0,1,1.0,2,3,13.0,15.0,11.0,31.0
1,35,1,1,1590,1415.0,23,37.0,1,1.0,7,5,10.0,20.0,9.0,11.0
2,32,3,1,53,88.0,14,,1,1.0,18,10,30.0,1.0,7.0,23.0
1,43,3,1,573,278.0,18,,1,1.0,20,5,31.0,14.0,9.0,28.0
2,19,2,2,42,,NIU,,1,1.0,28,10,1.0,,,
2,27,1,2,213,112.0,24,24.0,1,1.0,30,7,21.0,25.0,4.0,11.0
1,44,3,1,2068,1577.0,30,,1,1.0,16,6,5.0,7.0,7.0,19.0
1,36,1,1,235,384.0,25,38.0,1,1.0,13,3,25.0,20.0,2.0,7.0
2,43,1,1,1249,1025.0,19,51.0,4,1.0,20,9,9.0,14.0,12.0,7.0
1,38,2,2,1,,NIU,,1,1.0,1,1,25.0,,,
1,33,1,1,1967,1070.0,28,33.0,4,4.0,15,4,15.0,3.0,1.0,1.0
2,45,1,1,166,95.0,14,52.0,1,1.0,4,3,10.0,32.0,2.0,6.0
2,40,1,1,1206,1028.0,15,35.0,1,1.0,2,11,9.0,27.0,12.0,15.0
2,47,1,1,184,13.0,16,51.0,1,1.0,8,1,2.0,31.0,9.0,10.0
1,29,1,2,607,362.0,25,31.0,1,1.0,34,2,2.0,11.0,5.0,11.0
2,22,3,1,113,48.0,13,,5,3.0,23,10,1.0,12.0,6.0,24.0
1,41,1,1,83,316.0,22,42.0,1,2.0,12,7,15.0,22.0,5.0,5.0
1,27,1,1,2045,1576.0,19,34.0,1,1.0,30,6,15.0,12.0,5.0,6.0
1,35,1,1,29,231.0,21,37.0,1,1.0,7,8,18.0,7.0,1.0,7.0
1,46,3,1,847,446.0,30,,1,1.0,4,9,26.0,9.0,10.0,22.0
2,38,1,1,1567,533.0,18,48.0,1,1.0,1,8,25.0,2.0,2.0,22.0
2,43,3,1,290,199.0,22,,3,1.0,20,10,12.0,18.0,5.0,25.0
1,45,1,1,70,33.0,25,53.0,1,1.0,11,2,15.0,2.0,8.0,26.0
2,49,1,1,1871,1374.0,17,63.0,1,1.0,36,12,13.0,33.0,6.0,13.0
1,29,1,1,1191,1029.0,20,38.0,1,1.0,34,9,7.0,12.0,9.0,22.0
1,23,1,2,2044,1575.0,13,31.0,5,1.0,31,2,15.0,17.0,7.0,15.0
1,31,1,1,7,5.0,27,41.0,1,1.0,10,1,6.0,6.0,4.0,8.0
1,38,1,1,1192,1030.0,20,47.0,1,1.0,1,2,18.0,1.0,1.0,11.0
2,43,1,1,1872,1373.0,21,47.0,1,1.0,16,3,11.0,15.0,9.0,25.0
2,33,1,1,1390,1014.0,23,43.0,1,1.0,22,8,14.0,4.0,7.0,9.0
1,21,2,2,950,,NIU,,1,1.0,21,9,6.0,,,
2,48,1,1,806,523.0,17,51.0,1,1.0,3,4,16.0,31.0,4.0,1.0
1,32,3,1,138,81.0,24,,1,1.0,18,8,23.0,12.0,7.0,11.0
1,30,3,1,1136,1038.0,20,,1,1.0,9,11,15.0,4.0,12.0,28.0
1,46,1,1,1014,156.0,29,43.0,1,1.0,4,8,8.0,21.0,4.0,19.0
1,33,3,1,1054,737.0,17,,3,,22,4,12.0,9.0,6.0,4.0
1,20,1,2,622,453.0,18,41.0,1,1.0,27,7,18.0,28.0,9.0,4.0
2,45,1,1,1292,942.0,17,50.0,1,1.0,11,5,6.0,29.0,4.0,7.0
2,34,1,1,221,394.0,25,41.0,1,1.0,15,9,5.0,12.0,8.0,7.0
1,19,2,2,298,,NIU,,1,1.0,28,4,27.0,,,
2,49,3,1,169,940.0,18,,2,2.0,36,3,13.0,32.0,5.0,2.0
1,44,1,1,1669,1102.0,35,41.0,1,1.0,11,3,23.0,17.0,1.0,26.0
2,43,1,1,122,189.0,26,45.0,3,,16,3,19.0,21.0,6.0,3.0
1,31,1,1,7,5.0,27,41.0,1,1.0,10,1,6.0,6.0,4.0,8.0
1,35,1,1,1052,40.0,15,39.0,4,1.0,5,3,2.0,2.0,4.0,8.0
1,49,1,1,1053,738.0,21,57.0,1,1.0,36,3,8.0,29.0,8.0,26.0
1,26,2,2,87,,NIU,,1,1.0,26,1,16.0,,,
2,20,2,2,579,,NIU,,1,1.0,21,12,27.0,,,
1,35,1,1,1326,1391.0,29,37.0,1,1.0,7,7,10.0,10.0,8.0,21.0
1,38,1,1,1873,1390.0,28,39.0,1,1.0,24,12,4.0,4.0,4.0,25.0
2,44,1,1,437,369.0,19,47.0,1,1.0,16,3,8.0,27.0,11.0,30.0
1,35,1,1,503,692.0,21,45.0,3,,7,8,17.0,7.0,2.0,23.0
1,37,1,1,1194,788.0,27,40.0,1,1.0,13,10,1.0,4.0,1.0,11.0
2,36,1,1,1195,789.0,21,34.0,4,1.0,5,5,30.0,9.0,7.0,9.0
1,40,1,1,2043,1558.0,24,35.0,1,1.0,2,7,8.0,9.0,1.0,27.0
2,24,2,2,2042,,NIU,,1,1.0,17,5,29.0,,,
2,25,2,2,1425,,NIU,,1,1.0,29,1,8.0,,,
1,38,1,1,801,514.0,23,57.0,1,1.0,1,11,8.0,9.0,3.0,15.0
1,34,1,1,431,375.0,21,38.0,1,1.0,7,12,17.0,5.0,1.0,28.0
1,25,2,2,764,,NIU,,1,1.0,29,10,17.0,,,
1,27,1,1,802,1370.0,26,37.0,1,1.0,19,12,24.0,28.0,6.0,2.0
1,22,2,2,154,,NIU,,1,1.0,23,4,13.0,,,
1,47,1,1,207,116.0,28,51.0,1,1.0,8,7,12.0,1.0,4.0,4.0
1,39,1,1,2041,1557.0,33,35.0,1,1.0,24,8,21.0,10.0,3.0,7.0
1,44,3,1,809,400.0,23,,1,1.0,16,6,31.0,18.0,8.0,29.0
1,20,2,2,469,,NIU,,1,1.0,27,10,29.0,,,
1,30,3,1,118,46.0,21,,1,1.0,9,7,8.0,12.0,7.0,8.0
2,43,1,1,123,41.0,20,44.0,1,1.0,20,10,15.0,15.0,4.0,16.0
1,22,1,2,180,58.0,20,27.0,1,1.0,23,5,11.0,25.0,1.0,16.0
1,24,2,2,751,,NIU,,1,1.0,17,1,24.0,,,
1,25,2,2,434,,NIU,,1,1.0,29,1,27.0,,,
1,49,1,1,427,790.0,19,44.0,1,1.0,6,1,23.0,30.0,4.0,25.0
1,24,2,2,983,,NIU,,1,1.0,17,10,5.0,,,
1,25,2,2,640,,NIU,,1,1.0,29,2,9.0,,,
1,25,2,2,406,,NIU,,1,1.0,29,9,22.0,,,
1,34,1,1,1877,1389.0,23,35.0,1,1.0,15,6,28.0,20.0,3.0,20.0
1,49,1,1,606,363.0,30,54.0,1,1.0,6,5,6.0,22.0,3.0,28.0
2,46,1,1,555,354.0,25,54.0,1,1.0,4,5,5.0,18.0,3.0,25.0
2,43,1,1,574,263.0,18,46.0,1,1.0,20,5,1.0,27.0,4.0,19.0
1,46,1,1,816,331.0,33,51.0,1,1.0,4,9,28.0,16.0,5.0,17.0
1,45,1,1,1176,791.0,28,45.0,1,1.0,11,5,13.0,13.0,9.0,22.0
1,44,1,1,2025,1556.0,24,45.0,1,1.0,16,11,31.0,22.0,1.0,31.0
1,44,2,2,769,,NIU,,1,1.0,16,5,25.0,,,
1,38,1,1,1284,919.0,21,46.0,1,1.0,24,4,25.0,21.0,1.0,1.0
2,31,1,1,650,454.0,17,39.0,1,1.0,18,4,17.0,7.0,2.0,3.0
1,42,1,1,903,573.0,21,45.0,1,1.0,20,3,16.0,15.0,12.0,14.0
1,34,2,2,2024,,NIU,,1,1.0,15,2,16.0,,,
1,27,1,2,828,480.0,25,27.0,1,1.0,30,8,20.0,28.0,6.0,6.0
1,31,1,1,25,11.0,25,36.0,1,1.0,10,2,3.0,3.0,4.0,10.0
2,40,3,1,1036,719.0,30,,1,1.0,2,1,3.0,17.0,4.0,1.0
2,28,1,1,1938,1342.0,23,30.0,2,1.0,19,8,28.0,3.0,9.0,23.0
2,38,1,1,1884,1388.0,23,43.0,1,1.0,24,3,2.0,9.0,4.0,20.0
2,24,1,1,461,320.0,20,24.0,3,,29,4,2.0,3.0,3.0,28.0
1,49,1,1,204,117.0,21,54.0,1,1.0,6,11,10.0,29.0,3.0,14.0
1,40,1,1,1177,1537.0,28,38.0,1,1.0,2,8,1.0,16.0,3.0,16.0
2,25,2,2,664,,NIU,,2,2.0,29,1,9.0,,,
1,48,1,1,1178,792.0,19,49.0,1,1.0,3,8,16.0,30.0,5.0,1.0
2,39,1,1,2023,1536.0,24,46.0,1,1.0,2,4,28.0,9.0,4.0,6.0
1,30,1,1,1895,1405.0,22,28.0,1,1.0,9,7,7.0,8.0,7.0,29.0
1,41,3,1,271,99.0,30,,1,1.0,12,7,28.0,4.0,1.0,4.0
2,30,1,2,1185,793.0,30,20.0,1,1.0,9,5,1.0,26.0,8.0,13.0
1,41,3,1,391,16.0,18,,1,1.0,12,2,16.0,15.0,4.0,8.0
1,40,1,1,291,217.0,19,44.0,1,1.0,2,2,16.0,18.0,3.0,23.0
2,36,1,1,1713,1116.0,27,38.0,1,1.0,5,6,27.0,17.0,11.0,30.0
1,22,2,2,171,,NIU,,1,1.0,31,12,8.0,,,
1,39,1,1,52,124.0,19,44.0,1,1.0,24,7,21.0,22.0,6.0,27.0
2,24,2,1,716,,NIU,,2,2.0,29,3,10.0,,,
1,44,1,1,1186,794.0,21,47.0,1,1.0,16,1,12.0,15.0,4.0,11.0
2,23,1,1,2054,1209.0,16,35.0,1,1.0,31,1,4.0,8.0,3.0,7.0
1,29,1,2,420,153.0,21,34.0,1,1.0,34,5,23.0,12.0,7.0,29.0
1,35,1,1,176,71.0,17,41.0,1,1.0,7,8,3.0,21.0,6.0,7.0
1,28,1,2,1896,1404.0,27,28.0,1,1.0,19,11,29.0,26.0,10.0,30.0
2,46,1,1,1897,1403.0,23,45.0,1,1.0,8,12,28.0,24.0,2.0,14.0
1,44,1,1,2053,1567.0,15,47.0,5,3.0,16,5,16.0,30.0,5.0,22.0
1,39,1,1,212,109.0,23,43.0,1,1.0,2,12,17.0,13.0,10.0,30.0
1,24,1,2,1062,586.0,21,23.0,1,1.0,17,8,25.0,6.0,12.0,29.0
1,20,2,2,973,,NIU,,1,1.0,21,3,20.0,,,
1,45,1,1,335,212.0,35,43.0,1,1.0,11,6,22.0,4.0,12.0,21.0
1,30,1,2,2052,1566.0,26,43.0,1,1.0,9,4,8.0,6.0,6.0,27.0
2,18,2,2,441,,NIU,,1,1.0,25,3,18.0,,,
1,45,1,1,85,9.0,29,43.0,1,1.0,4,3,23.0,13.0,1.0,23.0
1,39,1,1,226,218.0,18,38.0,1,1.0,24,7,6.0,2.0,4.0,9.0
2,48,1,1,2030,1565.0,20,52.0,2,2.0,3,5,16.0,29.0,8.0,22.0
1,38,2,2,1,,NIU,,1,1.0,1,1,25.0,,,
1,40,1,1,2029,1564.0,24,43.0,1,1.0,2,11,23.0,9.0,5.0,4.0
1,19,2,2,326,,NIU,,1,1.0,28,10,2.0,,,
1,48,1,1,656,419.0,17,48.0,1,1.0,6,12,17.0,32.0,4.0,20.0
1,19,2,2,188,,NIU,,1,1.0,28,1,1.0,,,
1,43,2,2,518,,NIU,,1,1.0,20,7,5.0,,,
1,38,1,2,103,45.0,25,37.0,1,1.0,1,8,5.0,5.0,10.0,9.0
2,17,2,2,1914,,NIU,,1,1.0,33,8,25.0,,,
1,34,1,1,238,1359.0,18,41.0,4,1.0,15,7,25.0,13.0,10.0,12.0
1,48,1,1,183,87.0,17,59.0,1,1.0,3,4,28.0,31.0,5.0,20.0
2,24,1,1,2028,170.0,16,25.0,4,1.0,17,2,29.0,12.0,12.0,12.0
1,38,2,2,1,,NIU,,1,1.0,1,1,25.0,,,
2,35,1,1,673,380.0,19,38.0,1,1.0,7,7,11.0,9.0,6.0,18.0
1,40,1,1,33,528.0,26,43.0,1,1.0,2,8,6.0,7.0,3.0,15.0
1,46,1,1,20,122.0,27,46.0,1,1.0,4,11,3.0,22.0,3.0,7.0
1,20,2,2,604,,NIU,,1,1.0,21,12,7.0,,,
2,16,2,2,386,,NIU,,1,1.0,32,1,20.0,,,
2,48,3,2,49,19.0,34,,1,1.0,3,5,22.0,5.0,9.0,26.0
2,49,1,1,2027,1563.0,24,49.0,1,1.0,6,10,10.0,27.0,5.0,23.0
1,27,1,2,44,44.0,21,28.0,1,1.0,30,6,1.0,10.0,1.0,11.0
2,36,1,1,1337,1248.0,23,44.0,1,1.0,5,9,10.0,16.0,6.0,11.0
1,27,1,1,1175,795.0,24,29.0,1,1.0,30,9,16.0,25.0,5.0,28.0
1,40,1,1,605,364.0,29,39.0,1,1.0,2,5,5.0,4.0,6.0,20.0
1,38,3,1,1005,730.0,33,,1,1.0,1,5,22.0,3.0,2.0,16.0
2,36,2,2,676,,NIU,,1,1.0,5,6,20.0,,,
2,42,1,1,2026,1562.0,23,44.0,3,,14,4,27.0,1.0,6.0,31.0
2,36,1,2,628,40.0,16,49.0,1,1.0,13,3,30.0,2.0,4.0,8.0
1,29,2,2,777,,NIU,,1,1.0,34,11,3.0,,,
1,35,1,1,80,203.0,27,35.0,1,1.0,7,11,12.0,8.0,10.0,14.0
2,38,1,1,1915,1402.0,27,39.0,4,1.0,1,2,15.0,4.0,4.0,5.0
1,27,1,1,802,796.0,24,32.0,1,1.0,19,12,24.0,6.0,8.0,16.0
1,26,1,1,1035,395.0,22,34.0,1,1.0,26,2,16.0,11.0,2.0,20.0
1,46,1,1,1073,595.0,20,45.0,1,1.0,4,2,1.0,27.0,7.0,28.0
2,49,1,1,594,678.0,18,54.0,1,1.0,36,3,19.0,33.0,12.0,11.0
1,28,2,2,675,,NIU,,1,1.0,34,3,14.0,,,
1,23,2,2,879,,NIU,,1,1.0,31,2,12.0,,,
1,27,1,1,802,796.0,24,32.0,1,1.0,19,12,24.0,6.0,8.0,16.0
2,39,1,1,47,194.0,22,49.0,1,1.0,24,4,18.0,21.0,11.0,1.0
2,39,1,1,1151,94.0,22,42.0,3,,24,9,26.0,13.0,9.0,24.0
1,35,3,2,1066,709.0,28,,2,2.0,7,6,25.0,8.0,8.0,9.0
2,42,1,1,1233,895.0,18,42.0,4,1.0,14,2,29.0,14.0,1.0,20.0
2,40,2,2,713,,NIU,,1,1.0,2,5,25.0,,,
2,43,1,1,1391,766.0,19,41.0,1,1.0,20,1,18.0,24.0,5.0,5.0
2,34,1,1,238,160.0,30,33.0,2,1.0,15,7,25.0,6.0,1.0,9.0
2,24,2,2,462,,NIU,,1,1.0,17,10,9.0,,,
2,38,1,1,375,183.0,23,39.0,1,1.0,1,2,14.0,7.0,4.0,9.0
1,27,2,2,891,,NIU,,1,1.0,30,8,5.0,,,
1,45,3,1,246,133.0,22,,1,1.0,4,3,25.0,24.0,2.0,20.0
1,46,2,2,195,,NIU,,1,1.0,4,9,20.0,,,
2,34,1,1,1943,1401.0,15,39.0,1,1.0,15,1,13.0,22.0,10.0,19.0
2,19,2,2,423,,NIU,,1,1.0,28,6,23.0,,,
2,45,1,1,411,176.0,18,54.0,1,1.0,11,6,10.0,23.0,5.0,5.0
2,46,1,1,954,1400.0,21,49.0,1,1.0,4,11,7.0,14.0,7.0,24.0
1,40,1,2,881,626.0,33,46.0,1,1.0,2,8,25.0,8.0,10.0,28.0
2,29,3,1,1944,1033.0,25,,1,1.0,34,10,29.0,11.0,1.0,13.0
1,25,2,2,82,,NIU,,1,1.0,26,4,22.0,,,
1,37,1,1,570,347.0,22,40.0,1,1.0,13,8,26.0,9.0,8.0,16.0
1,37,3,1,51,535.0,22,,5,3.0,1,3,21.0,13.0,12.0,10.0
1,36,1,1,354,219.0,24,39.0,1,1.0,5,2,30.0,20.0,9.0,7.0
1,31,3,1,1392,767.0,16,,1,1.0,10,11,5.0,7.0,4.0,6.0
2,27,1,2,821,471.0,27,28.0,1,1.0,30,11,18.0,26.0,2.0,16.0
1,27,2,2,2,,NIU,,1,1.0,19,3,15.0,,,
2,26,2,2,1946,,NIU,,1,1.0,26,10,3.0,,,
1,19,2,2,104,,NIU,,1,1.0,27,4,22.0,,,
1,34,2,2,225,,NIU,,1,1.0,15,2,5.0,,,
1,40,1,1,930,712.0,30,40.0,1,1.0,2,1,12.0,17.0,7.0,16.0
2,44,1,1,1126,1040.0,16,45.0,1,1.0,16,8,20.0,29.0,2.0,24.0
1,22,2,2,905,,NIU,,2,2.0,23,4,2.0,,,
2,28,1,1,785,526.0,19,35.0,1,1.0,19,2,9.0,17.0,10.0,31.0
2,36,1,1,779,572.0,17,36.0,5,2.0,5,11,13.0,1.0,5.0,25.0
2,38,1,1,81,55.0,22,38.0,1,1.0,1,2,19.0,9.0,9.0,26.0
2,46,1,1,128,357.0,22,52.0,1,1.0,8,3,19.0,14.0,4.0,2.0
1,30,1,1,1947,1399.0,20,36.0,1,1.0,9,1,24.0,17.0,9.0,21.0
1,38,1,1,1916,1398.0,16,37.0,1,1.0,1,4,16.0,18.0,1.0,20.0
2,43,2,2,1917,,NIU,,1,1.0,20,8,13.0,,,
2,37,1,1,1732,1165.0,16,42.0,1,1.0,13,11,1.0,2.0,4.0,30.0
2,22,2,2,1591,,NIU,,1,1.0,31,3,15.0,,,
1,47,3,1,454,305.0,19,,1,1.0,8,11,13.0,23.0,7.0,18.0
1,17,2,2,1106,,NIU,,1,1.0,33,6,23.0,,,
2,17,1,1,1918,1422.0,14,20.0,5,3.0,25,9,23.0,6.0,10.0,8.0
1,26,2,2,1153,,NIU,,1,1.0,26,8,1.0,,,
2,18,1,2,1919,1421.0,16,24.0,1,1.0,25,11,3.0,25.0,3.0,29.0
2,46,1,1,99,1420.0,17,54.0,1,1.0,4,5,28.0,30.0,5.0,9.0
1,49,1,1,490,359.0,22,54.0,1,1.0,6,5,9.0,23.0,10.0,8.0
2,43,1,1,122,189.0,26,45.0,3,,16,3,19.0,21.0,6.0,3.0
1,38,1,2,103,45.0,25,37.0,1,1.0,1,8,5.0,5.0,10.0,9.0
1,45,1,1,1199,780.0,20,52.0,1,1.0,11,5,20.0,14.0,9.0,1.0
1,36,1,1,1088,530.0,21,41.0,1,1.0,5,10,26.0,9.0,3.0,7.0
1,24,2,2,390,,NIU,,1,1.0,17,7,21.0,,,
1,48,1,1,1087,1530.0,19,53.0,1,1.0,3,4,18.0,29.0,1.0,17.0
2,15,2,2,2035,,NIU,,1,1.0,35,4,13.0,,,
1,27,1,2,1162,807.0,24,27.0,1,1.0,30,6,23.0,6.0,6.0,19.0
1,40,3,1,961,673.0,24,,4,1.0,2,1,29.0,13.0,12.0,9.0
2,43,1,1,1264,773.0,23,44.0,1,1.0,20,2,6.0,2.0,3.0,31.0
2,35,1,1,206,145.0,24,34.0,1,1.0,5,12,15.0,16.0,11.0,22.0
2,29,1,1,1923,1419.0,25,29.0,1,1.0,9,3,18.0,11.0,10.0,13.0
2,31,1,1,775,458.0,29,42.0,2,1.0,10,6,29.0,25.0,6.0,11.0
2,37,1,1,14,2.0,18,43.0,1,1.0,13,10,14.0,1.0,9.0,5.0
1,35,2,2,603,,NIU,,1,1.0,7,5,4.0,,,
2,34,1,1,221,1418.0,27,30.0,2,1.0,15,9,5.0,10.0,5.0,29.0
1,38,2,2,1,,NIU,,1,1.0,1,1,25.0,,,
1,45,2,2,163,,NIU,,1,1.0,11,8,10.0,,,
1,40,1,1,2034,1529.0,24,41.0,1,1.0,2,5,29.0,13.0,11.0,29.0
2,30,1,1,409,224.0,18,33.0,1,1.0,10,12,18.0,16.0,4.0,17.0
2,48,1,1,855,1528.0,15,52.0,1,1.0,3,6,1.0,34.0,12.0,21.0
2,28,1,1,302,1087.0,19,33.0,1,1.0,19,4,11.0,12.0,7.0,14.0
1,40,1,1,333,91.0,29,45.0,1,1.0,2,5,30.0,20.0,1.0,23.0
1,31,1,2,440,129.0,30,32.0,1,1.0,18,4,19.0,28.0,1.0,28.0
1,38,1,1,1192,1030.0,20,47.0,1,1.0,1,2,18.0,1.0,1.0,11.0
1,17,2,2,84,,NIU,,1,1.0,33,2,25.0,,,
2,23,2,2,111,,NIU,,1,1.0,17,9,14.0,,,
1,47,1,2,697,468.0,30,47.0,1,1.0,8,10,20.0,21.0,1.0,16.0
2,43,1,1,123,41.0,20,44.0,1,1.0,20,10,15.0,15.0,4.0,16.0
1,23,2,2,1047,,NIU,,1,1.0,31,10,6.0,,,
2,47,1,1,186,73.0,18,58.0,1,1.0,8,2,29.0,30.0,11.0,3.0
1,22,2,2,205,,NIU,,4,4.0,23,5,15.0,,,
2,31,1,1,2007,1527.0,18,39.0,1,1.0,10,2,23.0,5.0,8.0,10.0
1,31,1,1,249,136.0,24,34.0,1,1.0,10,7,18.0,8.0,11.0,22.0
1,47,2,2,342,,NIU,,1,1.0,8,6,24.0,,,
2,47,3,1,688,379.0,21,,3,1.0,8,5,16.0,19.0,4.0,26.0
1,36,1,1,219,113.0,16,41.0,1,1.0,5,8,28.0,2.0,7.0,1.0
1,41,1,1,314,162.0,26,46.0,3,1.0,12,2,13.0,9.0,8.0,31.0
1,42,3,1,18,10.0,23,,1,1.0,14,9,18.0,1.0,9.0,27.0
1,16,2,2,1102,,NIU,,1,1.0,32,7,28.0,,,
1,32,1,1,136,427.0,26,36.0,1,1.0,18,10,7.0,10.0,10.0,19.0
2,47,1,1,531,1526.0,19,49.0,1,1.0,8,2,11.0,29.0,8.0,11.0
1,42,2,2,10,,NIU,,1,1.0,14,7,7.0,,,
1,47,3,1,498,255.0,19,,1,1.0,8,2,19.0,23.0,7.0,29.0
1,37,1,1,570,347.0,22,40.0,1,1.0,13,8,26.0,9.0,8.0,16.0
1,40,1,1,1512,1442.0,19,41.0,1,1.0,12,12,30.0,18.0,7.0,11.0
2,23,1,1,1081,645.0,20,31.0,1,1.0,31,5,17.0,6.0,5.0,22.0
2,16,2,2,401,,NIU,,1,1.0,32,10,21.0,,,
1,30,1,1,1145,1516.0,25,33.0,1,1.0,9,10,19.0,11.0,6.0,29.0
1,39,1,1,1513,1441.0,28,39.0,1,1.0,2,4,12.0,20.0,8.0,25.0
2,38,1,1,81,185.0,15,45.0,1,1.0,1,2,19.0,24.0,10.0,1.0
1,42,2,2,10,,NIU,,1,1.0,14,7,7.0,,,
2,39,1,1,232,100.0,23,42.0,1,1.0,2,3,7.0,13.0,7.0,7.0
1,31,1,2,130,43.0,26,36.0,1,1.0,10,4,30.0,11.0,1.0,10.0
2,40,1,1,303,209.0,14,43.0,2,2.0,2,8,27.0,19.0,9.0,19.0
1,28,2,2,633,,NIU,,1,1.0,19,2,10.0,,,
2,38,1,1,81,185.0,15,45.0,1,1.0,1,2,19.0,24.0,10.0,1.0
1,41,1,1,74,168.0,20,46.0,1,1.0,12,8,22.0,18.0,1.0,13.0
2,20,2,2,309,,NIU,,1,1.0,27,11,27.0,,,
2,39,1,1,1146,808.0,22,44.0,2,2.0,24,1,20.0,21.0,2.0,22.0
1,43,1,1,556,355.0,29,48.0,1,1.0,16,4,29.0,7.0,4.0,16.0
2,17,1,2,1514,1440.0,16,22.0,1,1.0,25,3,15.0,28.0,3.0,9.0
1,42,1,1,1279,904.0,32,38.0,1,1.0,14,5,6.0,4.0,3.0,29.0
1,37,3,1,746,1515.0,32,,1,1.0,1,12,7.0,3.0,2.0,24.0
2,49,3,1,590,351.0,21,,2,1.0,6,7,13.0,23.0,6.0,16.0
1,33,1,1,2038,248.0,23,33.0,1,1.0,22,6,23.0,4.0,2.0,7.0
1,41,1,1,276,204.0,15,44.0,1,1.0,12,5,19.0,19.0,12.0,12.0
2,46,1,1,1515,1439.0,18,48.0,1,1.0,4,8,22.0,23.0,6.0,15.0
1,20,2,2,604,,NIU,,1,1.0,21,12,7.0,,,
2,21,2,2,920,,NIU,,1,1.0,21,9,15.0,,,
1,41,1,1,133,649.0,28,40.0,1,1.0,12,7,21.0,16.0,1.0,29.0
2,16,2,2,1098,,NIU,,1,1.0,32,10,12.0,,,
2,15,2,2,864,,NIU,,1,1.0,32,4,3.0,,,
1,42,1,1,244,142.0,23,44.0,1,1.0,14,1,7.0,1.0,9.0,28.0
2,19,2,2,423,,NIU,,1,1.0,28,6,23.0,,,
1,45,1,1,2037,1514.0,19,50.0,1,1.0,11,10,9.0,19.0,3.0,8.0
1,38,3,1,110,49.0,21,,1,1.0,1,6,22.0,21.0,3.0,6.0
1,26,1,1,534,264.0,20,26.0,1,1.0,26,10,2.0,3.0,4.0,5.0
2,49,1,1,1867,1212.0,18,57.0,1,1.0,6,1,16.0,32.0,8.0,16.0
1,21,2,2,1094,,NIU,,1,1.0,23,12,22.0,,,
1,41,1,1,1363,910.0,22,60.0,4,1.0,12,10,16.0,22.0,8.0,20.0
1,23,1,1,299,211.0,23,31.0,1,1.0,17,4,17.0,28.0,12.0,7.0
2,37,3,1,632,426.0,21,,1,1.0,13,7,2.0,9.0,9.0,20.0
1,45,3,1,39,190.0,18,,1,1.0,11,4,9.0,19.0,4.0,29.0
2,31,1,1,2036,1513.0,21,38.0,1,1.0,10,7,24.0,4.0,12.0,24.0
1,16,2,2,445,,NIU,,1,1.0,33,9,2.0,,,
2,30,1,1,267,1438.0,20,32.0,1,1.0,10,4,15.0,4.0,4.0,26.0
1,22,2,2,1932,,NIU,,1,1.0,23,1,25.0,,,
2,18,2,2,92,,NIU,,1,1.0,25,5,15.0,,,
1,45,1,1,382,75.0,19,49.0,1,1.0,11,5,30.0,27.0,6.0,19.0
2,22,2,2,582,,NIU,,1,1.0,23,10,15.0,,,
1,49,1,1,542,251.0,22,57.0,1,1.0,36,4,13.0,29.0,12.0,17.0
1,32,1,1,1955,1437.0,25,31.0,1,1.0,18,9,12.0,10.0,1.0,2.0
1,40,1,1,1956,1436.0,24,44.0,1,1.0,12,12,22.0,13.0,3.0,6.0
1,42,1,1,1957,1435.0,21,45.0,1,1.0,14,8,12.0,18.0,7.0,12.0
2,41,2,2,464,,NIU,,1,1.0,12,5,3.0,,,
1,38,1,2,1718,1372.0,30,38.0,1,1.0,1,10,15.0,12.0,7.0,13.0
2,16,2,2,872,,NIU,,1,1.0,32,9,15.0,,,
1,44,1,1,2010,1512.0,25,51.0,1,1.0,16,8,24.0,22.0,5.0,6.0
1,48,1,1,589,353.0,19,58.0,1,1.0,6,3,12.0,30.0,4.0,2.0
1,17,2,2,767,,NIU,,1,1.0,33,1,23.0,,,
2,41,1,1,845,425.0,19,42.0,1,1.0,12,11,25.0,18.0,7.0,6.0
2,19,2,2,1958,,NIU,,4,1.0,28,8,22.0,,,
2,32,2,2,394,,NIU,,1,1.0,18,10,10.0,,,
1,45,1,1,70,33.0,25,53.0,1,1.0,11,2,15.0,2.0,8.0,26.0
2,33,1,2,157,42.0,26,33.0,1,1.0,22,4,30.0,10.0,1.0,5.0
1,37,1,1,153,74.0,21,36.0,1,1.0,13,4,7.0,9.0,10.0,25.0
2,26,3,2,1132,809.0,25,,1,1.0,30,12,14.0,28.0,9.0,1.0
1,21,2,2,857,,NIU,,1,1.0,21,6,17.0,,,
2,45,1,1,577,688.0,19,52.0,1,1.0,4,4,5.0,23.0,11.0,9.0
2,31,1,2,237,410.0,26,32.0,3,,18,4,20.0,3.0,1.0,13.0
1,25,2,2,1113,,NIU,,1,1.0,29,11,11.0,,,
1,19,2,2,104,,NIU,,1,1.0,27,4,22.0,,,
2,41,1,1,1133,810.0,29,51.0,2,1.0,12,6,13.0,16.0,4.0,4.0
2,38,1,1,1959,1434.0,24,42.0,1,1.0,1,7,17.0,7.0,12.0,2.0
2,39,1,1,1960,1433.0,14,49.0,1,1.0,2,12,2.0,27.0,8.0,1.0
1,36,1,1,270,261.0,25,40.0,1,1.0,13,4,4.0,20.0,8.0,4.0
1,48,1,1,433,377.0,31,28.0,1,1.0,3,10,16.0,21.0,1.0,21.0
1,27,1,1,1815,1198.0,22,30.0,1,1.0,19,4,27.0,3.0,2.0,15.0
1,34,1,1,2009,1495.0,25,36.0,1,1.0,7,4,11.0,17.0,1.0,31.0
1,47,3,1,1065,725.0,28,,1,1.0,8,8,22.0,22.0,7.0,16.0
1,37,1,1,844,451.0,18,41.0,1,1.0,1,4,5.0,22.0,5.0,11.0
1,30,2,2,278,,NIU,,1,1.0,9,5,11.0,,,
2,39,1,1,47,194.0,22,49.0,1,1.0,24,4,18.0,21.0,11.0,1.0
2,35,1,1,206,145.0,24,34.0,1,1.0,5,12,15.0,16.0,11.0,22.0
1,49,3,1,13,8.0,27,,1,1.0,36,3,9.0,15.0,1.0,28.0
2,26,1,1,1015,559.0,22,32.0,1,1.0,30,4,4.0,3.0,11.0,17.0
2,45,2,2,429,,NIU,,1,1.0,4,9,3.0,,,
2,16,2,2,386,,NIU,,1,1.0,32,1,20.0,,,
2,36,1,1,1714,1114.0,19,41.0,1,1.0,5,2,26.0,13.0,9.0,28.0
2,42,1,1,422,51.0,16,46.0,1,1.0,14,10,5.0,27.0,9.0,16.0
2,26,2,2,634,,NIU,,3,1.0,26,7,8.0,,,
1,41,1,1,1402,833.0,19,53.0,1,1.0,12,10,29.0,15.0,2.0,13.0
1,45,1,2,234,306.0,40,36.0,1,1.0,11,5,2.0,11.0,9.0,17.0
2,36,1,2,628,40.0,16,49.0,1,1.0,13,3,30.0,2.0,4.0,8.0
1,31,1,1,350,487.0,24,40.0,1,1.0,10,9,26.0,10.0,7.0,30.0
1,27,2,2,891,,NIU,,1,1.0,30,8,5.0,,,
2,25,2,2,686,,NIU,,1,1.0,26,4,3.0,,,
1,35,1,1,5,7.0,22,40.0,1,1.0,7,1,2.0,5.0,10.0,22.0
1,44,1,1,144,135.0,25,48.0,1,1.0,16,6,17.0,22.0,5.0,10.0
1,35,1,1,117,50.0,21,34.0,3,1.0,7,2,18.0,7.0,11.0,12.0
1,21,2,2,1937,,NIU,,1,1.0,23,12,26.0,,,
1,17,2,2,1106,,NIU,,1,1.0,33,6,23.0,,,
2,27,3,2,1103,281.0,22,,1,1.0,19,12,30.0,3.0,1.0,24.0
2,31,1,1,718,485.0,30,58.0,1,1.0,10,2,17.0,28.0,8.0,26.0
2,47,1,1,210,110.0,28,62.0,1,1.0,3,4,24.0,2.0,12.0,14.0
1,41,1,1,484,323.0,27,42.0,1,1.0,12,5,4.0,5.0,6.0,19.0
2,49,1,1,349,174.0,17,52.0,1,1.0,6,1,27.0,32.0,7.0,26.0
1,38,3,1,483,621.0,21,,1,1.0,24,12,2.0,21.0,4.0,2.0
1,32,2,2,136,,NIU,,1,1.0,18,10,7.0,,,
1,43,1,1,318,614.0,31,42.0,1,1.0,20,10,14.0,16.0,7.0,9.0
1,44,1,1,331,225.0,24,45.0,1,1.0,16,8,19.0,2.0,2.0,20.0
1,48,1,1,880,663.0,17,52.0,1,1.0,6,3,15.0,32.0,4.0,5.0
2,48,1,1,1143,820.0,18,58.0,1,1.0,6,12,26.0,32.0,11.0,20.0
2,24,2,2,361,,NIU,,1,1.0,17,1,19.0,,,
1,39,1,1,1513,1441.0,28,39.0,1,1.0,2,4,12.0,20.0,8.0,25.0
1,47,1,1,96,53.0,29,50.0,1,1.0,3,12,6.0,1.0,7.0,25.0
1,45,3,1,246,133.0,22,,1,1.0,4,3,25.0,24.0,2.0,20.0
2,33,1,1,15,949.0,20,35.0,1,1.0,22,2,24.0,5.0,11.0,14.0
1,33,1,1,63,36.0,21,39.0,1,1.0,22,4,29.0,20.0,8.0,10.0
1,28,2,2,1144,,NIU,,1,1.0,19,9,24.0,,,
1,25,2,2,11,,NIU,,1,1.0,26,3,24.0,,,
2,43,1,1,185,208.0,23,47.0,1,1.0,20,6,17.0,2.0,8.0,22.0
1,22,2,2,9,,NIU,,1,1.0,23,5,23.0,,,
1,22,2,2,359,,NIU,,1,1.0,31,9,7.0,,,
2,38,1,1,499,257.0,28,41.0,1,1.0,1,7,7.0,4.0,5.0,7.0
1,20,2,2,254,,NIU,,1,1.0,21,12,31.0,,,
2,31,1,2,34,128.0,29,24.0,1,1.0,10,9,7.0,28.0,4.0,3.0
1,46,1,1,894,579.0,13,48.0,5,1.0,4,2,27.0,34.0,1.0,19.0
1,34,1,1,2008,1494.0,22,34.0,1,1.0,7,3,26.0,16.0,4.0,29.0
1,47,1,1,1378,1005.0,30,46.0,1,1.0,8,2,6.0,13.0,6.0,28.0
1,35,2,1,724,,NIU,,1,1.0,7,2,30.0,,,
2,35,1,1,2015,1298.0,21,44.0,1,1.0,7,8,11.0,7.0,1.0,18.0
2,49,1,1,380,227.0,29,52.0,1,1.0,36,3,6.0,2.0,6.0,31.0
2,19,2,2,528,,NIU,,2,1.0,28,8,9.0,,,
1,21,2,2,372,,NIU,,1,1.0,21,11,20.0,,,
1,20,2,2,254,,NIU,,1,1.0,21,12,31.0,,,
1,36,1,1,1107,640.0,27,36.0,1,1.0,5,2,21.0,12.0,7.0,20.0
1,28,1,1,2014,1493.0,21,31.0,1,1.0,34,12,22.0,8.0,1.0,10.0
1,31,1,2,440,129.0,30,32.0,1,1.0,18,4,19.0,28.0,1.0,28.0
1,29,3,2,119,234.0,21,,1,1.0,34,1,10.0,12.0,12.0,20.0
1,32,1,2,170,66.0,29,33.0,1,1.0,18,9,2.0,25.0,4.0,25.0
1,37,1,1,1978,1449.0,27,42.0,1,1.0,1,4,3.0,4.0,10.0,29.0
1,30,1,1,191,205.0,20,32.0,1,1.0,9,11,28.0,17.0,5.0,1.0
2,41,1,1,1476,821.0,20,40.0,1,1.0,12,1,15.0,2.0,9.0,19.0
1,45,1,1,30,17.0,21,52.0,2,2.0,4,3,17.0,14.0,3.0,12.0
1,19,2,2,1317,,NIU,,1,1.0,28,5,12.0,,,
1,39,1,1,763,482.0,19,46.0,1,1.0,24,6,18.0,2.0,5.0,13.0
1,27,2,2,1388,,NIU,,1,1.0,19,3,9.0,,,
1,40,1,1,33,134.0,25,46.0,1,1.0,2,8,6.0,9.0,11.0,15.0
2,35,3,2,196,65.0,25,,1,1.0,5,3,1.0,4.0,6.0,4.0
2,31,2,2,693,,NIU,,1,1.0,10,2,10.0,,,
2,22,2,2,839,,NIU,,3,,31,12,13.0,,,
2,21,2,2,920,,NIU,,1,1.0,21,9,15.0,,,
1,40,1,1,1477,822.0,19,46.0,3,,12,4,4.0,18.0,10.0,19.0
1,41,1,1,283,14.0,30,42.0,1,1.0,12,4,21.0,4.0,4.0,3.0
2,26,2,2,841,,NIU,,1,1.0,26,6,24.0,,,
2,26,1,1,849,632.0,22,35.0,1,1.0,26,6,21.0,11.0,12.0,3.0
1,28,1,1,515,318.0,18,33.0,5,3.0,19,10,5.0,4.0,1.0,1.0
1,30,1,1,511,322.0,17,32.0,1,1.0,9,2,1.0,16.0,4.0,26.0
1,28,1,1,172,534.0,20,38.0,1,1.0,19,11,30.0,8.0,10.0,7.0
1,29,3,1,385,193.0,20,,1,1.0,9,12,31.0,17.0,4.0,14.0
2,27,2,2,2013,,NIU,,1,1.0,30,10,15.0,,,
2,43,1,1,123,41.0,20,44.0,1,1.0,20,10,15.0,15.0,4.0,16.0
2,27,2,2,329,,NIU,,1,1.0,30,11,28.0,,,
1,45,2,2,163,,NIU,,1,1.0,11,8,10.0,,,
2,49,1,1,1129,835.0,18,56.0,1,1.0,36,4,29.0,32.0,9.0,9.0
1,34,1,2,742,509.0,32,35.0,1,1.0,15,2,3.0,25.0,2.0,7.0
1,31,1,2,125,492.0,28,32.0,1,1.0,10,9,23.0,25.0,7.0,24.0
1,49,1,1,1953,1447.0,21,53.0,1,1.0,6,1,26.0,29.0,11.0,27.0
2,37,1,1,1817,1096.0,19,30.0,1,1.0,13,6,26.0,1.0,8.0,5.0
2,43,1,1,67,78.0,16,43.0,1,1.0,16,3,18.0,23.0,8.0,31.0
2,40,1,1,519,340.0,22,39.0,1,1.0,2,2,1.0,21.0,4.0,15.0
1,48,1,1,1130,836.0,36,43.0,1,1.0,3,5,27.0,20.0,9.0,21.0
1,20,2,2,1954,,NIU,,1,1.0,27,10,19.0,,,
1,41,1,1,1131,837.0,33,42.0,1,1.0,12,11,30.0,8.0,4.0,9.0
1,33,2,2,162,,NIU,,1,1.0,22,7,28.0,,,
2,42,1,1,1335,533.0,22,45.0,1,1.0,14,11,14.0,2.0,2.0,22.0
1,31,1,2,130,43.0,26,36.0,1,1.0,10,4,30.0,11.0,1.0,10.0
1,36,1,1,1088,530.0,21,41.0,1,1.0,5,10,26.0,9.0,3.0,7.0
2,19,2,2,273,,NIU,,2,1.0,28,5,23.0,,,
1,38,1,2,103,45.0,25,37.0,1,1.0,1,8,5.0,5.0,10.0,9.0
1,46,2,2,195,,NIU,,1,1.0,4,9,20.0,,,
1,24,2,2,337,,NIU,,1,1.0,17,1,8.0,,,
2,43,1,1,975,724.0,21,43.0,1,1.0,20,11,30.0,18.0,1.0,11.0
2,40,1,2,581,672.0,31,45.0,1,1.0,2,10,30.0,17.0,12.0,27.0
1,46,1,1,392,433.0,25,45.0,3,,4,9,25.0,2.0,10.0,3.0
1,38,1,1,1119,633.0,36,37.0,1,1.0,24,12,3.0,6.0,11.0,18.0
1,34,1,1,2012,1489.0,18,40.0,3,,7,3,25.0,13.0,2.0,20.0
1,30,1,2,447,254.0,28,28.0,1,1.0,9,6,3.0,25.0,6.0,9.0
1,29,1,1,2011,1446.0,25,34.0,1,1.0,34,8,21.0,11.0,9.0,25.0
1,35,1,1,265,838.0,26,32.0,1,1.0,7,7,16.0,12.0,4.0,31.0
1,27,1,1,220,104.0,20,36.0,1,1.0,30,5,22.0,8.0,8.0,18.0
1,26,2,2,87,,NIU,,1,1.0,26,1,16.0,,,
1,38,1,1,369,1488.0,34,28.0,1,1.0,1,1,5.0,6.0,1.0,13.0
1,40,1,1,605,364.0,29,39.0,1,1.0,2,5,5.0,4.0,6.0,20.0
1,30,1,1,2606,1519.0,22,48.0,4,1.0,9,10,11.0,8.0,6.0,18.0
2,30,2,2,1020,,NIU,,1,1.0,9,6,23.0,,,
1,29,1,2,928,578.0,26,31.0,1,1.0,34,7,14.0,6.0,3.0,15.0
2,35,1,1,1891,1518.0,22,37.0,1,1.0,7,7,15.0,16.0,6.0,20.0
2,38,3,1,627,396.0,19,,1,1.0,1,10,2.0,22.0,1.0,12.0
1,29,1,2,420,153.0,21,34.0,1,1.0,34,5,23.0,12.0,7.0,29.0
2,35,1,1,1288,1277.0,20,39.0,1,1.0,7,9,29.0,9.0,3.0,27.0
1,47,1,1,2605,1517.0,30,45.0,1,1.0,8,1,6.0,21.0,10.0,21.0
1,32,1,1,1481,839.0,29,38.0,1,1.0,22,3,11.0,11.0,12.0,12.0
1,33,1,1,194,1445.0,26,35.0,1,1.0,22,11,19.0,8.0,3.0,19.0
2,33,1,1,822,472.0,16,41.0,1,1.0,15,12,18.0,21.0,12.0,18.0
1,39,1,1,52,124.0,19,44.0,1,1.0,24,7,21.0,22.0,6.0,27.0
1,42,1,1,1490,1444.0,26,50.0,1,1.0,20,3,11.0,13.0,2.0,25.0
2,42,1,1,1526,1448.0,18,48.0,5,3.0,20,12,2.0,14.0,6.0,30.0
1,49,3,1,262,130.0,22,,1,1.0,6,5,14.0,23.0,10.0,15.0
2,42,1,1,422,51.0,16,46.0,1,1.0,14,10,5.0,27.0,9.0,16.0
1,38,1,1,837,475.0,34,39.0,1,1.0,1,8,8.0,11.0,7.0,18.0
1,44,1,1,141,120.0,24,47.0,1,1.0,16,5,28.0,2.0,2.0,8.0
1,47,1,1,165,972.0,22,49.0,1,1.0,8,6,4.0,27.0,12.0,20.0
2,47,1,1,1581,1147.0,20,55.0,4,1.0,8,6,7.0,23.0,3.0,27.0
1,40,3,1,428,249.0,19,,1,1.0,2,7,29.0,2.0,9.0,12.0
1,43,1,1,402,175.0,34,41.0,1,2.0,20,1,26.0,12.0,7.0,27.0
2,39,1,1,1365,1010.0,25,40.0,1,1.0,2,12,7.0,7.0,3.0,6.0
2,42,3,1,836,474.0,27,,1,1.0,14,4,5.0,7.0,4.0,29.0
2,43,3,1,290,199.0,22,,3,1.0,20,10,12.0,18.0,5.0,25.0
1,23,2,2,753,,NIU,,1,1.0,31,11,28.0,,,
1,45,3,1,789,402.0,25,,1,1.0,11,1,26.0,2.0,12.0,8.0
1,29,1,2,928,578.0,26,31.0,1,1.0,34,7,14.0,6.0,3.0,15.0
2,23,2,2,261,,NIU,,4,1.0,17,9,20.0,,,
1,45,3,1,577,1428.0,21,,2,1.0,4,4,5.0,14.0,5.0,3.0
1,34,1,1,1839,1230.0,28,35.0,1,1.0,15,5,22.0,10.0,11.0,4.0
1,33,1,1,1076,629.0,29,34.0,1,1.0,22,2,18.0,11.0,8.0,22.0
1,27,1,1,681,512.0,23,34.0,1,1.0,30,6,7.0,11.0,10.0,3.0
1,28,2,2,21,,NIU,,2,1.0,19,11,28.0,,,
2,40,1,1,1660,1368.0,21,44.0,1,1.0,12,3,16.0,2.0,12.0,22.0
1,16,2,2,672,,NIU,,2,1.0,32,5,14.0,,,
2,17,2,2,247,,NIU,,1,1.0,33,5,13.0,,,
2,36,1,1,1416,956.0,18,41.0,1,1.0,13,12,17.0,1.0,10.0,8.0
1,15,2,2,995,,NIU,,3,1.0,35,5,24.0,,,
1,28,2,2,21,,NIU,,2,1.0,19,11,28.0,,,
2,32,1,1,1611,1144.0,20,37.0,1,1.0,18,5,18.0,16.0,4.0,18.0
1,15,2,2,444,,NIU,,1,1.0,35,2,1.0,,,
1,16,2,2,1339,,NIU,,1,1.0,32,11,21.0,,,
1,41,2,2,264,,NIU,,1,1.0,12,10,22.0,,,
2,42,1,1,1459,83.0,23,48.0,1,1.0,14,11,10.0,22.0,3.0,1.0
1,31,2,2,134,,NIU,,1,1.0,10,2,6.0,,,
1,26,1,2,425,59.0,22,26.0,1,1.0,26,4,16.0,6.0,5.0,24.0
2,27,1,1,1258,918.0,22,31.0,1,1.0,30,11,23.0,11.0,6.0,7.0
2,29,1,1,1446,985.0,19,34.0,1,1.0,34,7,10.0,4.0,3.0,1.0
1,31,1,1,350,487.0,24,40.0,1,1.0,10,9,26.0,10.0,7.0,30.0
1,36,1,1,219,113.0,16,41.0,1,1.0,5,8,28.0,2.0,7.0,1.0
1,35,1,1,1301,656.0,25,42.0,1,1.0,7,9,9.0,4.0,3.0,16.0
1,32,2,2,735,,NIU,,1,1.0,22,3,30.0,,,
1,47,1,1,31,92.0,34,42.0,1,1.0,8,5,21.0,5.0,1.0,3.0
2,17,2,2,588,,NIU,,1,1.0,33,2,29.0,,,
1,28,2,2,21,,NIU,,2,1.0,19,11,28.0,,,
1,43,1,1,1566,1089.0,25,54.0,1,1.0,20,6,8.0,1.0,2.0,8.0
1,41,1,1,484,323.0,27,42.0,1,1.0,12,5,4.0,5.0,6.0,19.0
1,40,2,2,387,,NIU,,1,1.0,2,1,10.0,,,
2,49,1,1,380,227.0,29,52.0,1,1.0,36,3,6.0,2.0,6.0,31.0
1,46,1,1,611,296.0,31,55.0,1,1.0,4,8,28.0,7.0,6.0,4.0
2,17,2,2,247,,NIU,,1,1.0,33,5,13.0,,,
1,23,2,2,211,,NIU,,1,1.0,17,4,24.0,,,
1,38,2,2,451,,NIU,,1,1.0,1,5,8.0,,,
1,18,2,2,12,,NIU,,1,1.0,25,10,27.0,,,
1,34,1,1,2604,344.0,28,42.0,1,1.0,7,12,14.0,10.0,3.0,5.0
2,47,2,2,1202,,NIU,,1,1.0,8,7,28.0,,,
1,47,3,2,336,213.0,24,,1,1.0,8,6,29.0,24.0,8.0,4.0
1,25,2,2,640,,NIU,,1,1.0,29,2,9.0,,,
1,25,2,2,1482,,NIU,,2,1.0,26,12,8.0,,,
1,25,2,2,11,,NIU,,1,1.0,26,3,24.0,,,
1,35,1,1,2603,1507.0,27,35.0,1,1.0,7,1,15.0,8.0,6.0,7.0
1,45,1,1,1773,1257.0,25,49.0,1,1.0,11,10,10.0,22.0,9.0,27.0
1,37,1,1,153,74.0,21,36.0,1,1.0,13,4,7.0,9.0,10.0,25.0
2,18,2,2,289,,NIU,,1,1.0,28,12,9.0,,,
1,32,1,2,170,66.0,29,33.0,1,1.0,18,9,2.0,25.0,4.0,25.0
1,40,1,1,1956,1436.0,24,44.0,1,1.0,12,12,22.0,13.0,3.0,6.0
1,26,2,2,823,,NIU,,1,1.0,30,4,16.0,,,
1,42,3,1,2602,1506.0,40,,1,1.0,20,12,21.0,6.0,11.0,4.0
1,31,1,1,45,26.0,26,33.0,1,1.0,10,1,14.0,11.0,5.0,5.0
2,41,1,1,739,617.0,23,44.0,1,1.0,12,11,16.0,1.0,3.0,3.0
1,18,2,2,40,,NIU,,1,1.0,25,11,17.0,,,
1,42,3,1,765,527.0,24,,1,1.0,14,6,14.0,1.0,11.0,4.0
1,16,2,2,339,,NIU,,1,1.0,32,5,28.0,,,
1,38,1,1,369,55.0,22,41.0,1,1.0,1,1,5.0,9.0,9.0,26.0
1,35,2,1,724,,NIU,,1,1.0,7,2,30.0,,,
1,43,1,1,1234,31.0,20,45.0,1,1.0,20,2,7.0,15.0,4.0,1.0
1,49,1,1,97,270.0,25,49.0,1,1.0,6,1,28.0,24.0,1.0,9.0
2,30,1,1,670,383.0,19,34.0,1,1.0,9,4,27.0,4.0,2.0,5.0
2,16,2,2,209,,NIU,,3,,32,11,9.0,,,
1,34,1,1,72,14.0,23,39.0,1,1.0,15,2,29.0,4.0,4.0,3.0
1,28,1,1,1974,1427.0,20,33.0,1,1.0,19,8,22.0,12.0,5.0,2.0
2,26,1,1,1056,726.0,20,32.0,3,,26,10,24.0,10.0,12.0,16.0
1,41,1,1,314,162.0,26,46.0,3,1.0,12,2,13.0,9.0,8.0,31.0
2,37,1,1,715,411.0,20,44.0,3,,1,12,19.0,21.0,6.0,14.0
1,15,2,2,266,,NIU,,1,1.0,35,7,25.0,,,
2,42,2,1,862,,NIU,,1,1.0,14,6,7.0,,,
1,49,3,1,48,842.0,20,,1,1.0,6,2,4.0,30.0,8.0,21.0
2,33,1,1,1215,613.0,20,35.0,1,1.0,22,11,4.0,5.0,11.0,4.0
2,28,3,1,302,242.0,20,,1,1.0,19,4,11.0,8.0,5.0,8.0
1,22,2,2,171,,NIU,,1,1.0,31,12,8.0,,,
1,19,2,2,1384,,NIU,,1,1.0,28,8,8.0,,,
1,24,2,2,214,,NIU,,1,1.0,29,3,13.0,,,
1,31,1,1,25,11.0,25,36.0,1,1.0,10,2,3.0,3.0,4.0,10.0
1,35,1,1,29,231.0,21,37.0,1,1.0,7,8,18.0,7.0,1.0,7.0
1,24,2,2,443,,NIU,,1,1.0,17,8,7.0,,,
2,48,1,1,1975,1426.0,19,59.0,3,,3,2,24.0,29.0,4.0,20.0
2,40,3,1,1414,954.0,16,,5,1.0,12,3,17.0,14.0,7.0,28.0
1,45,3,1,867,630.0,25,,1,1.0,11,10,8.0,2.0,7.0,27.0
1,26,1,2,425,59.0,22,26.0,1,1.0,26,4,16.0,6.0,5.0,24.0
2,46,1,1,37,675.0,27,53.0,2,1.0,4,11,21.0,1.0,4.0,22.0
1,19,2,2,104,,NIU,,1,1.0,27,4,22.0,,,
1,15,2,2,1475,,NIU,,1,1.0,35,6,8.0,,,
1,49,1,1,97,270.0,25,49.0,1,1.0,6,1,28.0,24.0,1.0,9.0
2,34,1,1,32,72.0,14,41.0,1,1.0,15,1,24.0,22.0,5.0,22.0
1,19,2,2,298,,NIU,,1,1.0,28,4,27.0,,,
1,30,2,2,1374,,NIU,,1,1.0,9,7,28.0,,,
1,42,3,1,18,10.0,23,,1,1.0,14,9,18.0,1.0,9.0,27.0
2,25,2,2,931,,NIU,,1,1.0,29,10,25.0,,,
1,22,2,2,1769,,NIU,,1,1.0,23,5,7.0,,,
1,48,1,1,27,18.0,27,52.0,1,1.0,3,1,21.0,2.0,5.0,9.0
1,42,1,1,1490,1444.0,26,50.0,1,1.0,20,3,11.0,13.0,2.0,25.0
2,46,1,1,38,77.0,23,50.0,1,1.0,4,6,6.0,24.0,6.0,24.0
2,26,1,1,1358,281.0,20,28.0,1,1.0,26,9,5.0,3.0,1.0,24.0
2,16,2,2,209,,NIU,,3,,32,11,9.0,,,
1,49,1,1,701,470.0,23,50.0,1,1.0,36,4,26.0,23.0,11.0,17.0
2,41,1,1,2601,1505.0,19,43.0,1,1.0,12,11,8.0,15.0,2.0,22.0
2,30,1,1,1488,1425.0,22,30.0,1,1.0,10,4,6.0,17.0,11.0,31.0
2,31,1,1,1484,771.0,20,36.0,4,1.0,10,5,17.0,20.0,5.0,21.0
1,32,1,1,2609,1504.0,21,39.0,1,1.0,18,6,26.0,20.0,7.0,26.0
1,47,1,1,1246,922.0,21,52.0,1,1.0,8,6,14.0,19.0,12.0,26.0
1,48,1,1,203,229.0,22,49.0,1,1.0,3,10,26.0,19.0,8.0,29.0
1,19,2,2,1093,,NIU,,5,3.0,28,2,9.0,,,
1,28,1,1,505,241.0,22,37.0,1,1.0,19,11,3.0,10.0,8.0,6.0
1,29,2,2,1419,,NIU,,1,1.0,34,6,4.0,,,
2,38,1,1,81,55.0,22,38.0,1,1.0,1,2,19.0,9.0,9.0,26.0
1,48,1,1,183,87.0,17,59.0,1,1.0,3,4,28.0,31.0,5.0,20.0
2,22,2,2,839,,NIU,,3,,31,12,13.0,,,
1,31,2,2,520,,NIU,,1,1.0,10,7,12.0,,,
2,36,1,1,1333,846.0,22,35.0,1,1.0,5,2,16.0,7.0,3.0,1.0
2,41,1,1,435,24.0,20,42.0,1,1.0,12,2,23.0,2.0,9.0,20.0
1,40,1,1,1477,822.0,19,46.0,3,,12,4,4.0,18.0,10.0,19.0
2,29,2,2,702,,NIU,,1,1.0,9,3,11.0,,,
1,35,1,2,1469,1042.0,25,38.0,1,1.0,5,12,28.0,4.0,7.0,30.0
2,45,1,1,234,851.0,22,52.0,1,1.0,11,5,2.0,24.0,1.0,31.0
1,23,2,2,934,,NIU,,1,1.0,31,1,9.0,,,
1,39,1,1,78,463.0,20,39.0,4,1.0,2,12,15.0,22.0,1.0,15.0
2,29,2,2,702,,NIU,,1,1.0,9,3,11.0,,,
1,18,2,2,1487,,NIU,,4,1.0,28,4,26.0,,,
1,40,1,1,851,624.0,23,39.0,1,1.0,2,7,24.0,13.0,4.0,19.0
1,26,2,2,87,,NIU,,1,1.0,26,1,16.0,,,
1,32,1,1,470,12.0,27,30.0,3,1.0,22,3,19.0,3.0,1.0,7.0
2,40,1,1,54,300.0,33,45.0,1,1.0,2,8,5.0,8.0,5.0,24.0
1,33,1,1,15,852.0,21,38.0,1,1.0,22,2,24.0,16.0,5.0,23.0
1,18,2,2,300,,NIU,,1,1.0,25,3,9.0,,,
2,26,2,2,1493,,NIU,,1,1.0,26,5,19.0,,,
1,32,1,1,470,12.0,27,30.0,3,1.0,22,3,19.0,3.0,1.0,7.0
1,38,1,1,1119,633.0,36,37.0,1,1.0,24,12,3.0,6.0,11.0,18.0
1,40,3,1,3,21.0,27,,1,1.0,2,8,16.0,5.0,3.0,16.0
2,31,1,2,34,128.0,29,24.0,1,1.0,10,9,7.0,28.0,4.0,3.0
1,42,1,1,399,236.0,21,45.0,1,1.0,20,3,21.0,15.0,12.0,10.0
2,48,1,1,250,127.0,29,48.0,1,1.0,3,8,25.0,1.0,6.0,14.0
2,31,1,1,200,119.0,25,32.0,1,1.0,18,12,5.0,10.0,10.0,16.0
1,19,2,2,481,,NIU,,1,1.0,27,3,10.0,,,
2,46,1,1,555,354.0,25,54.0,1,1.0,4,5,5.0,18.0,3.0,25.0
2,41,1,1,1476,821.0,20,40.0,1,1.0,12,1,15.0,2.0,9.0,19.0
1,28,1,1,505,241.0,22,37.0,1,1.0,19,11,3.0,10.0,8.0,6.0
1,44,2,2,1324,,NIU,,1,1.0,16,1,10.0,,,
2,19,2,2,904,,NIU,,1,1.0,28,7,20.0,,,
1,33,1,1,15,67.0,23,32.0,1,1.0,22,2,24.0,17.0,6.0,25.0
2,20,2,2,1109,,NIU,,1,1.0,27,8,15.0,,,
1,37,1,1,717,445.0,27,52.0,1,1.0,13,10,25.0,4.0,7.0,6.0
1,16,2,2,838,,NIU,,1,1.0,32,7,12.0,,,
2,17,2,2,76,,NIU,,1,1.0,25,4,13.0,,,
1,17,2,2,62,,NIU,,1,1.0,25,3,29.0,,,
1,20,2,2,57,,NIU,,1,1.0,27,8,28.0,,,
2,46,1,1,1515,1439.0,18,48.0,1,1.0,4,8,22.0,23.0,6.0,15.0
2,15,2,2,1287,,NIU,,1,1.0,35,1,26.0,,,
1,47,3,1,616,539.0,22,,1,1.0,3,3,23.0,27.0,5.0,20.0
2,31,1,1,775,458.0,29,42.0,2,1.0,10,6,29.0,25.0,6.0,11.0
1,44,1,1,624,392.0,22,43.0,1,1.0,16,4,17.0,18.0,10.0,29.0
1,36,1,1,147,32.0,23,38.0,1,1.0,5,1,31.0,16.0,7.0,2.0
1,27,2,2,900,,NIU,,1,1.0,30,7,30.0,,,
1,38,1,1,666,389.0,22,45.0,1,1.0,1,10,18.0,13.0,12.0,4.0
1,45,1,1,193,22.0,28,45.0,1,1.0,11,7,30.0,13.0,9.0,21.0
1,21,2,2,1479,,NIU,,1,1.0,21,9,9.0,,,
1,48,1,1,709,520.0,17,46.0,1,1.0,3,10,10.0,32.0,5.0,29.0
1,34,1,1,149,1535.0,26,45.0,1,1.0,15,7,10.0,8.0,6.0,17.0
2,42,1,1,35,676.0,18,45.0,1,1.0,14,8,2.0,14.0,5.0,29.0
1,36,1,1,371,226.0,29,37.0,1,1.0,13,12,16.0,8.0,12.0,6.0
1,28,2,2,675,,NIU,,1,1.0,34,3,14.0,,,
2,16,2,2,1350,,NIU,,1,1.0,33,12,13.0,,,
1,31,1,2,440,129.0,30,32.0,1,1.0,18,4,19.0,28.0,1.0,28.0
1,24,1,2,1062,586.0,21,23.0,1,1.0,17,8,25.0,6.0,12.0,29.0
2,49,5,1,1492,,NIU,,1,1.0,36,12,29.0,,,
1,47,3,1,498,255.0,19,,1,1.0,8,2,19.0,23.0,7.0,29.0
1,20,2,2,408,,NIU,,1,1.0,21,12,8.0,,,
1,41,1,1,1424,832.0,33,48.0,1,1.0,14,12,13.0,12.0,5.0,19.0
2,47,1,1,173,96.0,21,53.0,1,1.0,8,10,26.0,19.0,2.0,30.0
1,31,2,2,740,,NIU,,1,1.0,18,4,18.0,,,
1,36,1,1,799,980.0,25,37.0,1,1.0,5,10,6.0,4.0,9.0,25.0
1,44,1,1,251,115.0,26,45.0,1,1.0,16,9,16.0,1.0,12.0,24.0
2,39,1,1,26,869.0,36,30.0,1,1.0,2,3,24.0,6.0,7.0,11.0
1,27,1,2,44,44.0,21,28.0,1,1.0,30,6,1.0,10.0,1.0,11.0
1,38,1,1,325,233.0,31,46.0,1,1.0,1,7,26.0,8.0,2.0,28.0
2,48,3,2,49,19.0,34,,1,1.0,3,5,22.0,5.0,9.0,26.0
2,15,2,2,1939,,NIU,,1,1.0,35,2,24.0,,,
1,49,1,1,426,146.0,18,63.0,1,1.0,6,11,22.0,31.0,6.0,18.0
1,16,2,2,148,,NIU,,1,1.0,32,1,21.0,,,
1,49,3,2,1480,870.0,26,,1,1.0,6,6,17.0,24.0,2.0,24.0
2,44,1,1,370,83.0,25,56.0,1,1.0,16,9,19.0,22.0,3.0,1.0
1,35,1,1,1248,1024.0,22,39.0,1,1.0,7,9,18.0,5.0,3.0,18.0
1,29,1,2,119,871.0,25,28.0,1,1.0,34,1,10.0,11.0,10.0,24.0
1,28,1,1,1491,1413.0,20,32.0,1,1.0,19,4,8.0,8.0,4.0,6.0
1,39,2,2,643,,NIU,,1,1.0,2,12,10.0,,,
1,39,1,1,1508,647.0,27,41.0,1,1.0,24,6,17.0,16.0,4.0,20.0
1,30,3,2,114,34.0,25,,1,1.0,9,7,11.0,3.0,3.0,29.0
2,43,1,1,1255,915.0,31,41.0,1,1.0,20,7,13.0,20.0,1.0,1.0
2,33,1,1,2608,1551.0,16,24.0,1,1.0,15,4,1.0,21.0,5.0,21.0
1,41,1,1,808,414.0,23,45.0,1,1.0,12,11,21.0,21.0,1.0,24.0
1,35,1,1,699,497.0,25,36.0,1,1.0,7,11,24.0,4.0,2.0,23.0
2,42,1,1,538,330.0,40,43.0,1,1.0,20,4,22.0,6.0,3.0,30.0
1,38,1,2,6,3.0,31,37.0,1,1.0,1,11,10.0,10.0,5.0,30.0
1,25,2,2,507,,NIU,,1,1.0,29,5,26.0,,,
1,47,1,2,64,29.0,26,50.0,1,1.0,8,4,6.0,2.0,1.0,27.0
1,35,1,1,2607,423.0,21,39.0,1,1.0,7,11,3.0,7.0,3.0,28.0
2,23,2,2,438,,NIU,,1,1.0,31,2,14.0,,,
1,48,3,1,965,667.0,19,,1,1.0,3,11,12.0,29.0,4.0,23.0
1,17,2,2,1976,,NIU,,1,1.0,33,6,3.0,,,
1,25,2,2,539,,NIU,,1,1.0,29,7,1.0,,,
1,27,2,2,449,,NIU,,1,1.0,30,9,21.0,,,
2,40,1,1,283,925.0,21,54.0,4,1.0,12,4,21.0,2.0,11.0,31.0
2,29,2,2,2600,,NIU,,1,1.0,34,7,27.0,,,
1,25,2,2,82,,NIU,,1,1.0,26,4,22.0,,,
1,35,2,2,602,,NIU,,1,1.0,7,4,27.0,,,
1,42,3,1,8,6.0,20,,2,1.0,14,10,30.0,15.0,2.0,28.0
1,24,2,2,90,,NIU,,1,1.0,17,1,29.0,,,
1,29,1,1,2599,1550.0,20,29.0,2,1.0,9,12,17.0,17.0,1.0,22.0
1,44,1,1,494,310.0,21,46.0,1,1.0,16,6,10.0,24.0,9.0,8.0
1,29,1,2,521,27.0,26,31.0,1,1.0,34,7,18.0,6.0,8.0,4.0
1,39,1,1,58,35.0,21,48.0,1,1.0,24,11,23.0,1.0,3.0,31.0
1,40,3,1,3,21.0,27,,1,1.0,2,8,16.0,5.0,3.0,16.0
1,48,1,1,589,353.0,19,58.0,1,1.0,6,3,12.0,30.0,4.0,2.0
1,46,1,1,2022,1549.0,18,50.0,1,1.0,4,11,26.0,29.0,2.0,11.0
1,36,1,1,1275,801.0,27,39.0,1,1.0,13,4,1.0,17.0,9.0,19.0
2,49,1,1,317,148.0,25,51.0,1,1.0,6,1,12.0,24.0,9.0,18.0
1,31,2,2,343,,NIU,,1,1.0,18,12,29.0,,,
1,45,2,2,412,,NIU,,1,1.0,4,12,1.0,,,
1,31,1,2,130,43.0,26,36.0,1,1.0,10,4,30.0,11.0,1.0,10.0
1,38,1,1,837,475.0,34,39.0,1,1.0,1,8,8.0,11.0,7.0,18.0
1,44,3,1,736,504.0,36,,1,1.0,11,4,21.0,12.0,2.0,11.0
1,43,2,2,873,,NIU,,1,1.0,20,10,10.0,,,
1,46,1,1,99,388.0,27,47.0,3,,4,5,28.0,22.0,1.0,14.0
2,48,1,1,902,693.0,24,47.0,1,1.0,3,1,31.0,14.0,12.0,30.0
1,16,2,2,672,,NIU,,2,1.0,32,5,14.0,,,
2,36,1,1,2021,1548.0,27,39.0,1,1.0,5,6,16.0,17.0,11.0,4.0
1,46,1,1,1398,968.0,16,54.0,1,,4,2,21.0,31.0,12.0,10.0
1,46,1,1,128,745.0,22,48.0,3,,8,3,19.0,14.0,2.0,17.0
2,17,2,2,601,,NIU,,1,1.0,33,10,9.0,,,
1,30,3,1,2020,872.0,24,,1,1.0,9,6,14.0,10.0,7.0,17.0
1,41,1,1,1424,832.0,33,48.0,1,1.0,14,12,13.0,12.0,5.0,19.0
1,39,1,1,26,28.0,26,38.0,1,,2,3,24.0,5.0,5.0,18.0
1,25,1,2,362,152.0,24,25.0,1,1.0,29,9,17.0,26.0,7.0,5.0
1,43,1,1,944,543.0,23,46.0,1,1.0,20,7,12.0,2.0,5.0,5.0
1,33,1,1,1977,1412.0,21,36.0,1,1.0,22,5,12.0,16.0,5.0,9.0
1,35,1,1,1270,1338.0,25,38.0,1,1.0,5,3,17.0,4.0,1.0,23.0
1,46,2,2,195,,NIU,,1,1.0,4,9,20.0,,,
2,49,3,1,340,720.0,15,,1,1.0,6,6,3.0,35.0,5.0,26.0
1,43,1,1,233,123.0,28,46.0,1,1.0,20,10,4.0,7.0,4.0,18.0
2,33,1,1,1449,970.0,19,35.0,1,1.0,15,3,23.0,7.0,8.0,4.0
1,47,3,2,336,213.0,24,,1,1.0,8,6,29.0,24.0,8.0,4.0
2,47,1,1,531,488.0,26,48.0,1,1.0,8,2,11.0,2.0,6.0,5.0
2,41,1,1,83,484.0,25,57.0,1,1.0,12,7,15.0,13.0,11.0,28.0
1,40,3,1,729,434.0,19,,1,1.0,2,5,19.0,18.0,8.0,19.0
1,26,2,2,439,,NIU,,1,1.0,30,4,13.0,,,
1,31,1,2,798,449.0,31,31.0,1,1.0,10,10,20.0,26.0,8.0,16.0
1,29,3,2,119,234.0,21,,1,1.0,34,1,10.0,12.0,12.0,20.0
1,30,1,1,2019,1547.0,23,31.0,1,2.0,10,9,8.0,8.0,8.0,12.0
1,23,2,2,418,,NIU,,1,1.0,31,7,16.0,,,
1,20,2,2,1247,,NIU,,1,1.0,21,12,30.0,,,
2,36,1,1,279,76.0,27,37.0,1,1.0,5,11,7.0,12.0,6.0,21.0
1,19,2,2,468,,NIU,,1,1.0,28,9,17.0,,,
1,45,1,1,850,873.0,28,45.0,1,1.0,11,9,3.0,13.0,10.0,7.0
2,36,1,1,2018,1546.0,33,29.0,1,1.0,5,1,18.0,25.0,9.0,3.0
1,41,1,1,784,412.0,18,44.0,1,1.0,12,7,19.0,24.0,10.0,25.0
2,45,1,1,1092,293.0,18,49.0,1,1.0,11,2,6.0,23.0,12.0,18.0
1,39,1,1,26,28.0,26,38.0,1,,2,3,24.0,5.0,5.0,18.0
2,42,1,1,496,329.0,20,48.0,1,1.0,14,6,8.0,15.0,6.0,12.0
1,49,1,1,714,437.0,20,54.0,1,1.0,6,7,27.0,30.0,11.0,22.0
2,27,2,2,116,,NIU,,1,1.0,30,2,30.0,,,
1,27,2,2,2,,NIU,,1,1.0,19,3,15.0,,,
2,30,1,1,817,498.0,20,30.0,1,1.0,9,2,13.0,17.0,4.0,18.0
1,49,3,1,169,301.0,20,,1,1.0,36,3,13.0,31.0,11.0,18.0
1,47,1,2,697,468.0,30,47.0,1,1.0,8,10,20.0,21.0,1.0,16.0
1,47,1,1,710,466.0,28,44.0,1,1.0,8,8,21.0,22.0,11.0,31.0
2,44,1,1,437,369.0,19,47.0,1,1.0,16,3,8.0,27.0,11.0,30.0
1,43,1,1,307,1.0,28,50.0,1,1.0,20,9,25.0,9.0,2.0,1.0
1,49,3,2,1480,870.0,26,,1,1.0,6,6,17.0,24.0,2.0,24.0
1,36,1,1,2017,1545.0,29,35.0,1,1.0,5,9,14.0,10.0,6.0,17.0
2,36,1,1,2016,1544.0,34,36.0,1,1.0,5,5,15.0,25.0,2.0,25.0
2,40,1,1,1024,182.0,17,46.0,2,1.0,12,12,14.0,24.0,1.0,16.0
1,23,2,2,1924,,NIU,,1,1.0,31,2,13.0,,,
1,42,1,1,2033,1542.0,34,42.0,1,1.0,14,4,22.0,12.0,3.0,18.0
1,29,1,2,243,141.0,26,34.0,1,1.0,34,2,25.0,6.0,5.0,16.0
1,43,1,1,1068,581.0,20,48.0,1,1.0,20,6,9.0,24.0,2.0,1.0
2,21,2,2,159,,NIU,,1,1.0,21,7,16.0,,,
2,37,1,1,659,490.0,24,38.0,4,1.0,13,9,30.0,16.0,5.0,10.0
1,19,2,2,1127,,NIU,,2,1.0,28,6,29.0,,,
1,48,1,1,1925,1409.0,18,54.0,1,1.0,6,12,18.0,31.0,4.0,21.0
1,32,2,2,22,,NIU,,1,1.0,18,7,19.0,,,
1,47,1,1,257,108.0,26,48.0,1,1.0,8,9,6.0,18.0,12.0,27.0
2,40,1,1,638,276.0,36,35.0,1,1.0,12,12,20.0,11.0,6.0,15.0
2,43,3,1,1474,819.0,17,,2,2.0,20,1,30.0,19.0,3.0,29.0
2,34,1,1,1163,886.0,18,35.0,1,1.0,15,1,25.0,9.0,6.0,6.0
2,32,1,2,860,215.0,16,37.0,1,1.0,18,10,2.0,13.0,5.0,30.0
1,46,3,1,847,446.0,30,,1,1.0,4,9,26.0,9.0,10.0,22.0
2,25,1,1,1245,1408.0,22,43.0,1,1.0,29,7,19.0,6.0,12.0,14.0
2,30,1,1,658,489.0,22,29.0,1,1.0,10,12,8.0,12.0,6.0,19.0
1,17,2,2,301,,NIU,,1,1.0,33,1,18.0,,,
2,24,2,2,810,,NIU,,1,1.0,17,11,14.0,,,
1,49,1,1,1921,1205.0,17,55.0,1,1.0,6,8,24.0,33.0,12.0,21.0
2,29,2,2,702,,NIU,,1,1.0,9,3,11.0,,,
1,41,1,1,255,139.0,16,46.0,1,1.0,14,3,16.0,27.0,8.0,13.0
2,45,1,1,166,95.0,14,52.0,1,1.0,4,3,10.0,32.0,2.0,6.0
1,16,2,2,445,,NIU,,1,1.0,33,9,2.0,,,
1,35,1,2,1469,1042.0,25,38.0,1,1.0,5,12,28.0,4.0,7.0,30.0
1,36,1,1,933,606.0,18,42.0,1,1.0,5,10,23.0,1.0,5.0,27.0
1,31,1,2,798,449.0,31,31.0,1,1.0,10,10,20.0,26.0,8.0,16.0
2,34,1,1,2032,1256.0,29,39.0,4,1.0,15,5,10.0,3.0,2.0,1.0
2,34,1,1,623,391.0,17,39.0,1,1.0,15,7,22.0,21.0,12.0,13.0
2,40,1,1,303,209.0,14,43.0,2,2.0,2,8,27.0,19.0,9.0,19.0
1,16,2,2,401,,NIU,,1,1.0,32,10,21.0,,,
2,42,1,1,422,51.0,16,46.0,1,1.0,14,10,5.0,27.0,9.0,16.0
1,31,1,1,1242,483.0,26,26.0,1,1.0,18,12,27.0,3.0,5.0,28.0
1,33,1,1,15,1414.0,26,33.0,1,1.0,22,2,24.0,8.0,3.0,23.0
1,44,3,1,830,192.0,24,,1,1.0,16,6,28.0,2.0,1.0,5.0
2,41,1,1,845,425.0,19,42.0,1,1.0,12,11,25.0,18.0,7.0,6.0
1,36,1,1,626,1407.0,26,39.0,1,1.0,5,9,23.0,17.0,4.0,13.0
1,38,1,1,1164,202.0,23,41.0,2,1.0,1,5,12.0,9.0,1.0,24.0
2,34,1,1,1163,886.0,18,35.0,1,1.0,15,1,25.0,9.0,6.0,6.0
1,41,1,1,255,139.0,16,46.0,1,1.0,14,3,16.0,27.0,8.0,13.0
2,28,1,1,771,516.0,16,34.0,3,,19,9,19.0,16.0,2.0,9.0
1,32,1,1,1483,1541.0,29,30.0,1,1.0,18,1,24.0,6.0,12.0,18.0
1,33,1,1,15,67.0,23,32.0,1,1.0,22,2,24.0,17.0,6.0,25.0
1,18,2,2,463,,NIU,,1,1.0,25,6,18.0,,,
1,24,2,2,143,,NIU,,1,1.0,17,2,25.0,,,
1,20,2,2,1165,,NIU,,1,1.0,27,10,22.0,,,
2,15,2,2,1067,,NIU,,1,1.0,32,9,21.0,,,
2,47,1,1,165,265.0,29,46.0,1,1.0,8,6,4.0,1.0,10.0,30.0
2,31,1,1,619,538.0,26,63.0,2,2.0,10,11,7.0,3.0,12.0,24.0
1,26,2,2,87,,NIU,,1,1.0,26,1,16.0,,,
1,38,1,2,6,3.0,31,37.0,1,1.0,1,11,10.0,10.0,5.0,30.0
1,30,3,2,1670,1540.0,21,,1,1.0,10,9,2.0,4.0,2.0,17.0
1,17,2,2,657,,NIU,,3,,33,7,17.0,,,
2,25,2,2,306,,NIU,,2,1.0,29,5,28.0,,,
1,30,1,1,863,860.0,24,32.0,1,1.0,9,1,31.0,3.0,4.0,28.0
1,47,1,1,1378,1005.0,30,46.0,1,1.0,8,2,6.0,13.0,6.0,28.0
2,35,1,1,1926,1406.0,21,36.0,1,1.0,7,6,15.0,7.0,12.0,15.0
1,47,1,1,710,466.0,28,44.0,1,1.0,8,8,21.0,22.0,11.0,31.0
1,39,1,1,58,35.0,21,48.0,1,1.0,24,11,23.0,1.0,3.0,31.0
1,19,2,2,1838,,NIU,,1,1.0,27,4,30.0,,,
1,48,1,1,433,377.0,31,28.0,1,1.0,3,10,16.0,21.0,1.0,21.0
2,46,1,1,925,583.0,25,52.0,4,1.0,4,4,21.0,2.0,10.0,27.0
1,45,1,1,43,25.0,19,50.0,1,1.0,11,8,2.0,19.0,9.0,13.0
2,31,1,1,1166,1539.0,19,40.0,1,1.0,10,6,19.0,16.0,8.0,18.0
1,39,1,1,26,202.0,24,45.0,3,1.0,2,3,24.0,9.0,1.0,24.0
1,29,1,1,1183,1244.0,19,31.0,5,3.0,9,4,1.0,4.0,8.0,4.0
2,47,1,1,991,700.0,18,59.0,1,1.0,3,4,13.0,30.0,1.0,2.0
2,43,3,1,1474,819.0,17,,2,2.0,20,1,30.0,19.0,3.0,29.0
2,37,1,1,2031,1538.0,28,35.0,1,1.0,1,3,1.0,17.0,1.0,30.0
1,36,1,1,793,166.0,23,41.0,1,1.0,13,3,11.0,5.0,8.0,6.0
1,40,3,1,3,21.0,27,,1,1.0,2,8,16.0,5.0,3.0,16.0
1,36,1,1,554,346.0,26,44.0,1,,5,7,3.0,4.0,11.0,6.0
1,27,2,2,330,,NIU,,1,1.0,19,3,13.0,,,
2,17,2,2,1927,,NIU,,1,1.0,33,9,27.0,,,
2,19,2,2,904,,NIU,,1,1.0,28,7,20.0,,,
1,28,1,1,1137,814.0,28,31.0,1,1.0,19,11,6.0,26.0,2.0,30.0
1,48,1,1,433,377.0,31,28.0,1,1.0,3,10,16.0,21.0,1.0,21.0
2,39,1,1,1898,1387.0,26,38.0,1,1.0,24,11,9.0,5.0,8.0,4.0
2,36,1,1,2051,642.0,26,41.0,1,1.0,5,9,2.0,4.0,12.0,26.0
1,19,2,2,364,,NIU,,1,1.0,27,12,15.0,,,
1,43,1,1,1028,556.0,25,49.0,1,1.0,20,10,25.0,1.0,7.0,16.0
2,19,2,2,1041,,NIU,,1,1.0,28,2,2.0,,,
1,43,1,1,1734,1278.0,25,44.0,1,1.0,16,12,7.0,1.0,2.0,24.0
1,45,1,1,30,17.0,21,52.0,2,2.0,4,3,17.0,14.0,3.0,12.0
2,36,1,1,1048,685.0,32,29.0,4,1.0,5,10,1.0,11.0,8.0,27.0
1,27,1,1,417,200.0,19,31.0,1,1.0,19,12,9.0,12.0,1.0,5.0
1,43,1,1,1068,581.0,20,48.0,1,1.0,20,6,9.0,24.0,2.0,1.0
1,16,2,2,543,,NIU,,1,1.0,33,12,29.0,,,
1,31,1,1,1457,865.0,19,32.0,1,1.0,10,2,31.0,20.0,4.0,30.0
2,38,1,1,202,167.0,18,38.0,1,1.0,1,11,7.0,2.0,2.0,28.0
1,45,1,1,193,22.0,28,45.0,1,1.0,11,7,30.0,13.0,9.0,21.0
1,25,2,2,11,,NIU,,1,1.0,26,3,24.0,,,
1,42,1,1,399,236.0,21,45.0,1,1.0,20,3,21.0,15.0,12.0,10.0
2,30,1,1,409,224.0,18,33.0,1,1.0,10,12,18.0,16.0,4.0,17.0
2,28,1,1,1725,1394.0,25,28.0,1,1.0,19,8,21.0,25.0,6.0,6.0
1,15,2,2,1055,,NIU,,3,,35,4,12.0,,,
1,36,1,1,1899,1386.0,15,37.0,5,3.0,5,2,20.0,2.0,7.0,4.0
1,48,1,1,1868,1385.0,35,40.0,1,1.0,3,5,6.0,5.0,11.0,24.0
1,22,2,2,205,,NIU,,4,4.0,23,5,15.0,,,
2,22,2,2,288,,NIU,,2,1.0,23,9,25.0,,,
1,25,1,2,362,152.0,24,25.0,1,1.0,29,9,17.0,26.0,7.0,5.0
2,23,1,1,1216,896.0,16,25.0,1,1.0,31,11,22.0,10.0,5.0,8.0
2,39,1,1,1945,1450.0,26,39.0,1,1.0,24,6,2.0,5.0,2.0,18.0
1,40,3,1,3,21.0,27,,1,1.0,2,8,16.0,5.0,3.0,16.0
1,22,2,2,86,,NIU,,1,1.0,23,7,16.0,,,
1,16,2,2,102,,NIU,,1,1.0,32,10,9.0,,,
1,27,2,2,2050,,NIU,,1,1.0,30,11,6.0,,,
2,48,1,1,595,288.0,18,56.0,1,1.0,3,8,4.0,31.0,12.0,14.0
1,37,1,1,1894,609.0,27,37.0,1,1.0,13,7,3.0,4.0,8.0,8.0
1,42,1,1,35,60.0,21,42.0,1,1.0,14,8,2.0,18.0,2.0,19.0
2,41,2,2,966,,NIU,,3,,12,11,10.0,,,
1,34,1,1,2049,1555.0,24,36.0,1,1.0,7,12,27.0,4.0,5.0,14.0
1,40,1,1,33,528.0,26,43.0,1,1.0,2,8,6.0,7.0,3.0,15.0
1,39,1,1,1511,731.0,32,40.0,1,1.0,24,7,26.0,8.0,5.0,26.0
2,35,3,2,196,65.0,25,,1,1.0,5,3,1.0,4.0,6.0,4.0
1,22,2,2,205,,NIU,,4,4.0,23,5,15.0,,,
2,18,2,2,1345,,NIU,,1,1.0,28,12,10.0,,,
1,29,1,2,521,27.0,26,31.0,1,1.0,34,7,18.0,6.0,8.0,4.0
2,44,1,1,437,369.0,19,47.0,1,1.0,16,3,8.0,27.0,11.0,30.0
2,39,1,1,2048,1554.0,20,45.0,2,1.0,2,12,31.0,22.0,8.0,15.0
1,28,2,2,377,,NIU,,1,1.0,19,6,4.0,,,
1,21,1,2,4,4.0,21,33.0,1,1.0,21,6,14.0,26.0,6.0,13.0
2,28,2,2,1869,,NIU,,1,1.0,19,5,19.0,,,
1,23,1,2,1033,267.0,19,26.0,1,1.0,31,10,28.0,11.0,3.0,29.0
1,30,2,2,158,,NIU,,1,1.0,9,1,28.0,,,
1,43,2,2,67,,NIU,,1,1.0,16,3,18.0,,,
1,25,2,2,783,,NIU,,2,1.0,26,12,15.0,,,
1,37,1,1,717,445.0,27,52.0,1,1.0,13,10,25.0,4.0,7.0,6.0
1,41,1,1,1791,1314.0,27,46.0,1,1.0,12,8,1.0,7.0,12.0,18.0
1,33,1,1,2047,885.0,28,34.0,1,1.0,22,2,10.0,3.0,1.0,21.0
1,25,2,2,686,,NIU,,1,1.0,26,4,3.0,,,
1,36,1,1,799,980.0,25,37.0,1,1.0,5,10,6.0,4.0,9.0,25.0
2,30,1,1,863,1553.0,23,28.0,1,1.0,9,1,31.0,8.0,11.0,10.0
1,30,1,2,1870,1384.0,26,32.0,1,1.0,9,10,23.0,11.0,1.0,26.0
1,28,1,1,77,39.0,27,26.0,5,1.0,19,1,21.0,26.0,7.0,6.0
1,39,1,1,1187,887.0,28,37.0,1,1.0,24,9,7.0,20.0,12.0,22.0
2,30,1,1,658,489.0,22,29.0,1,1.0,10,12,8.0,12.0,6.0,19.0
1,19,2,2,188,,NIU,,1,1.0,28,1,1.0,,,
2,46,1,1,555,354.0,25,54.0,1,1.0,4,5,5.0,18.0,3.0,25.0
1,24,2,2,390,,NIU,,1,1.0,17,7,21.0,,,
1,39,1,1,1031,723.0,25,40.0,1,1.0,24,6,25.0,7.0,8.0,28.0
1,45,1,1,363,781.0,18,48.0,1,1.0,11,10,28.0,19.0,6.0,25.0
1,35,1,1,1307,805.0,26,38.0,1,1.0,7,4,29.0,12.0,9.0,9.0
1,42,1,1,812,464.0,31,43.0,3,,14,5,16.0,20.0,4.0,22.0
2,45,1,1,1188,888.0,15,51.0,5,1.0,11,6,28.0,31.0,11.0,17.0
1,46,1,1,2046,1276.0,36,47.0,1,1.0,4,2,10.0,4.0,5.0,9.0
1,35,1,1,569,889.0,26,36.0,1,1.0,7,6,29.0,17.0,1.0,3.0
1,38,1,1,351,158.0,28,36.0,1,1.0,1,8,13.0,4.0,8.0,6.0
1,18,2,2,300,,NIU,,1,1.0,25,3,9.0,,,
1,43,1,1,1189,890.0,29,45.0,1,1.0,20,4,13.0,7.0,11.0,20.0
2,31,1,1,718,485.0,30,58.0,1,1.0,10,2,17.0,28.0,8.0,26.0
1,15,2,2,559,,NIU,,1,1.0,35,6,24.0,,,
1,40,1,1,605,364.0,29,39.0,1,1.0,2,5,5.0,4.0,6.0,20.0
1,45,1,1,1190,156.0,27,50.0,1,1.0,11,9,26.0,21.0,4.0,19.0
1,36,1,1,147,32.0,23,38.0,1,1.0,5,1,31.0,16.0,7.0,2.0
2,35,1,1,1863,1383.0,21,40.0,1,1.0,7,7,12.0,5.0,9.0,3.0
1,35,1,1,1226,1382.0,26,36.0,1,1.0,5,4,29.0,17.0,6.0,5.0
1,44,1,1,790,52.0,22,51.0,1,1.0,16,1,11.0,18.0,1.0,1.0
2,24,2,2,731,,NIU,,1,1.0,17,1,17.0,,,
2,24,1,1,2064,1552.0,22,27.0,1,1.0,29,3,21.0,25.0,7.0,6.0
2,37,1,1,715,411.0,20,44.0,3,,1,12,19.0,21.0,6.0,14.0
2,31,1,1,1227,891.0,19,40.0,1,1.0,10,5,13.0,16.0,1.0,24.0
2,49,1,1,1871,1374.0,17,63.0,1,1.0,36,12,13.0,33.0,6.0,13.0
2,34,1,1,60,178.0,23,35.0,1,1.0,15,2,26.0,20.0,8.0,23.0
2,46,1,1,738,420.0,19,57.0,1,1.0,4,5,20.0,23.0,5.0,19.0
1,27,1,2,44,44.0,21,28.0,1,1.0,30,6,1.0,10.0,1.0,11.0
1,47,1,1,1844,1381.0,17,52.0,1,1.0,8,9,8.0,30.0,9.0,25.0
2,34,1,1,32,72.0,14,41.0,1,1.0,15,1,24.0,22.0,5.0,22.0
1,45,1,2,234,306.0,40,36.0,1,1.0,11,5,2.0,11.0,9.0,17.0
1,38,1,1,41,742.0,23,41.0,1,1.0,1,9,16.0,7.0,5.0,20.0
2,38,1,1,375,183.0,23,39.0,1,1.0,1,2,14.0,7.0,4.0,9.0
1,21,2,2,1040,,NIU,,4,1.0,21,1,6.0,,,
1,38,2,2,1,,NIU,,1,1.0,1,1,25.0,,,
1,17,2,2,62,,NIU,,1,1.0,25,3,29.0,,,
1,22,2,2,1845,,NIU,,1,1.0,23,2,15.0,,,
1,23,2,2,568,,NIU,,1,1.0,17,9,22.0,,,
1,39,1,1,226,218.0,18,38.0,1,1.0,24,7,6.0,2.0,4.0,9.0
1,48,3,1,1125,1013.0,24,,1,1.0,3,1,28.0,14.0,3.0,19.0
2,46,1,1,2063,1583.0,19,49.0,1,1.0,8,3,4.0,29.0,12.0,10.0
2,23,2,2,261,,NIU,,4,1.0,17,9,20.0,,,
2,36,1,1,1110,722.0,19,36.0,1,1.0,5,9,24.0,13.0,5.0,23.0
1,22,2,2,1846,,NIU,,1,1.0,23,10,9.0,,,
1,39,1,1,761,59.0,36,42.0,1,1.0,24,10,13.0,6.0,5.0,24.0
1,33,3,1,1054,737.0,17,,3,,22,4,12.0,9.0,6.0,4.0
2,24,2,2,1238,,NIU,,1,1.0,17,11,21.0,,,
1,25,2,2,11,,NIU,,1,1.0,26,3,24.0,,,
1,36,1,1,1847,1380.0,28,36.0,1,1.0,5,1,7.0,8.0,4.0,22.0
1,31,1,1,1380,812.0,26,34.0,2,1.0,18,4,5.0,3.0,1.0,26.0
1,31,1,2,1754,1350.0,28,33.0,1,1.0,18,9,10.0,6.0,1.0,17.0
1,19,2,2,104,,NIU,,1,1.0,27,4,22.0,,,
1,46,2,2,1039,,NIU,,1,1.0,4,1,20.0,,,
2,44,3,1,1848,1379.0,16,,1,1.0,16,7,19.0,23.0,9.0,21.0
2,24,2,2,1038,,NIU,,2,2.0,17,9,11.0,,,
1,27,2,2,544,,NIU,,1,1.0,30,1,15.0,,,
2,34,2,2,1849,,NIU,,1,1.0,15,11,22.0,,,
1,21,2,2,744,,NIU,,1,1.0,23,12,3.0,,,
2,43,1,1,1046,897.0,17,49.0,2,1.0,16,3,15.0,19.0,4.0,28.0
2,17,2,2,456,,NIU,,4,1.0,33,1,21.0,,,
1,28,2,2,675,,NIU,,1,1.0,34,3,14.0,,,
1,43,1,1,1218,893.0,17,52.0,4,1.0,20,6,25.0,19.0,7.0,12.0
1,46,1,1,37,86.0,21,46.0,1,1.0,4,11,21.0,14.0,6.0,8.0
2,20,2,2,1942,,NIU,,1,1.0,27,9,22.0,,,
1,39,1,1,79,98.0,18,43.0,5,1.0,24,6,7.0,18.0,2.0,4.0
2,38,3,1,627,396.0,19,,1,1.0,1,10,2.0,22.0,1.0,12.0
2,40,1,1,182,89.0,21,44.0,1,1.0,2,1,11.0,1.0,6.0,5.0
1,38,1,1,1916,1398.0,16,37.0,1,1.0,1,4,16.0,18.0,1.0,20.0
1,29,1,2,243,141.0,26,34.0,1,1.0,34,2,25.0,6.0,5.0,16.0
1,46,1,1,592,239.0,22,51.0,1,1.0,8,12,6.0,14.0,8.0,15.0
1,17,2,2,587,,NIU,,1,1.0,33,1,2.0,,,
2,47,1,1,991,700.0,18,59.0,1,1.0,3,4,13.0,30.0,1.0,2.0
1,49,2,2,126,,NIU,,1,1.0,6,4,24.0,,,
2,20,2,2,1109,,NIU,,1,1.0,27,8,15.0,,,
2,33,1,1,1850,1367.0,29,38.0,1,1.0,15,4,25.0,11.0,1.0,15.0
1,35,2,1,724,,NIU,,1,1.0,7,2,30.0,,,
2,31,1,1,650,454.0,17,39.0,1,1.0,18,4,17.0,7.0,2.0,3.0
2,19,2,2,19,,NIU,,1,1.0,27,9,14.0,,,
2,22,1,1,1794,1366.0,18,22.0,1,1.0,23,9,19.0,6.0,7.0,7.0
2,30,1,1,319,161.0,27,31.0,1,1.0,9,8,10.0,6.0,1.0,6.0
1,28,2,2,1144,,NIU,,1,1.0,19,9,24.0,,,
1,15,2,2,1055,,NIU,,3,,35,4,12.0,,,
1,32,2,2,136,,NIU,,1,1.0,18,10,7.0,,,
2,19,2,2,1795,,NIU,,1,1.0,27,3,17.0,,,
2,37,1,1,240,131.0,22,40.0,1,1.0,1,4,21.0,13.0,11.0,25.0
1,46,1,1,99,911.0,17,47.0,1,1.0,4,5,28.0,29.0,9.0,3.0
1,39,1,1,1900,659.0,20,42.0,2,1.0,24,2,6.0,22.0,10.0,31.0
1,41,2,1,1796,,NIU,,3,,14,12,15.0,,,
1,37,1,1,1001,32.0,25,46.0,2,1.0,13,10,24.0,16.0,7.0,2.0
1,35,1,1,1052,40.0,15,39.0,4,1.0,5,3,2.0,2.0,4.0,8.0
2,31,2,2,1166,,NIU,,1,1.0,10,6,19.0,,,
2,21,1,1,2083,1569.0,16,36.0,1,1.0,23,12,8.0,3.0,5.0,24.0
2,31,1,1,1115,272.0,24,31.0,1,1.0,10,7,15.0,10.0,9.0,24.0
2,47,1,1,210,110.0,28,62.0,1,1.0,3,4,24.0,2.0,12.0,14.0
1,47,1,1,31,92.0,34,42.0,1,1.0,8,5,21.0,5.0,1.0,3.0
1,16,2,2,1293,,NIU,,1,1.0,32,10,2.0,,,
1,21,2,2,293,,NIU,,1,1.0,21,11,14.0,,,
1,47,1,1,1797,1365.0,23,48.0,1,1.0,3,4,11.0,14.0,6.0,13.0
2,32,1,1,1063,641.0,24,37.0,1,1.0,22,3,16.0,17.0,11.0,9.0
1,30,1,2,459,304.0,23,36.0,1,1.0,9,6,20.0,8.0,11.0,18.0
1,20,2,2,408,,NIU,,1,1.0,21,12,8.0,,,
2,29,3,1,1944,1033.0,25,,1,1.0,34,10,29.0,11.0,1.0,13.0
1,18,2,2,1254,,NIU,,1,1.0,25,5,7.0,,,
2,28,1,1,956,658.0,23,37.0,3,1.0,19,8,24.0,3.0,2.0,28.0
1,17,2,2,1418,,NIU,,1,1.0,33,10,15.0,,,
1,43,1,1,122,1006.0,29,45.0,1,1.0,16,3,19.0,7.0,2.0,22.0
2,17,2,2,2082,,NIU,,1,1.0,33,5,9.0,,,
1,41,1,1,2081,1568.0,30,42.0,1,1.0,12,5,18.0,20.0,1.0,12.0
1,24,1,1,1941,1258.0,23,25.0,1,1.0,29,3,19.0,25.0,12.0,15.0
2,33,1,1,100,1599.0,27,41.0,1,1.0,22,5,23.0,10.0,1.0,18.0
1,35,2,2,55,,NIU,,1,1.0,5,12,5.0,,,
2,49,1,1,349,174.0,17,52.0,1,1.0,6,1,27.0,32.0,7.0,26.0
1,30,2,2,158,,NIU,,1,1.0,9,1,28.0,,,
1,33,1,1,275,186.0,20,37.0,1,1.0,22,10,26.0,5.0,8.0,3.0
1,24,1,2,1000,576.0,24,27.0,4,1.0,17,11,28.0,26.0,8.0,18.0
1,41,1,1,1131,837.0,33,42.0,1,1.0,12,11,30.0,8.0,4.0,9.0
1,44,3,2,529,250.0,20,,1,1.0,11,3,24.0,14.0,4.0,28.0
2,35,1,1,28,912.0,29,39.0,1,1.0,5,3,27.0,10.0,5.0,26.0
2,19,2,2,258,,NIU,,1,1.0,28,2,26.0,,,
2,31,1,1,718,485.0,30,58.0,1,1.0,10,2,17.0,28.0,8.0,26.0
2,26,2,2,841,,NIU,,1,1.0,26,6,24.0,,,
1,31,1,1,2080,1598.0,21,36.0,1,1.0,10,9,20.0,17.0,4.0,16.0
2,33,1,2,1767,817.0,31,32.0,1,1.0,22,6,15.0,25.0,8.0,6.0
2,34,1,1,1114,423.0,20,41.0,1,1.0,15,11,21.0,7.0,3.0,28.0
2,48,1,1,549,94.0,32,56.0,3,1.0,6,3,4.0,13.0,9.0,24.0
1,34,1,1,1252,913.0,18,36.0,1,1.0,15,2,25.0,9.0,6.0,13.0
1,31,1,1,1524,1431.0,24,47.0,1,1.0,18,3,10.0,8.0,5.0,16.0
1,18,2,2,69,,NIU,,1,1.0,25,10,2.0,,,
1,44,1,1,331,225.0,24,45.0,1,1.0,16,8,19.0,2.0,2.0,20.0
2,17,1,1,1918,1422.0,14,20.0,5,3.0,25,9,23.0,6.0,10.0,8.0
2,45,1,1,166,95.0,14,52.0,1,1.0,4,3,10.0,32.0,2.0,6.0
2,36,1,1,279,76.0,27,37.0,1,1.0,5,11,7.0,12.0,6.0,21.0
1,36,3,1,2079,1597.0,24,,1,1.0,13,4,29.0,5.0,12.0,7.0
1,38,3,1,458,303.0,18,,5,1.0,1,2,4.0,2.0,8.0,12.0
1,36,1,1,354,219.0,24,39.0,1,1.0,5,2,30.0,20.0,9.0,7.0
1,33,2,2,1389,,NIU,,1,1.0,22,11,10.0,,,
1,27,1,2,44,44.0,21,28.0,1,1.0,30,6,1.0,10.0,1.0,11.0
1,42,3,1,151,164.0,23,,1,1.0,14,1,15.0,1.0,6.0,28.0
2,25,2,2,1311,,NIU,,1,1.0,26,12,13.0,,,
1,19,2,2,986,,NIU,,3,1.0,28,10,21.0,,,
2,34,2,2,786,,NIU,,1,1.0,15,8,4.0,,,
1,27,1,1,681,512.0,23,34.0,1,1.0,30,6,7.0,11.0,10.0,3.0
1,30,1,2,504,326.0,25,33.0,1,1.0,9,7,22.0,11.0,7.0,23.0
2,46,1,1,38,77.0,23,50.0,1,1.0,4,6,6.0,24.0,6.0,24.0
1,17,2,2,62,,NIU,,1,1.0,25,3,29.0,,,
2,40,1,1,696,289.0,21,40.0,1,1.0,2,9,10.0,1.0,6.0,23.0
1,37,1,1,398,235.0,23,44.0,1,1.0,13,1,31.0,5.0,4.0,10.0
1,27,2,2,449,,NIU,,1,1.0,30,9,21.0,,,
1,15,2,2,1055,,NIU,,3,,35,4,12.0,,,
2,34,1,1,1716,1134.0,26,48.0,1,5.0,15,5,9.0,12.0,7.0,17.0
1,38,1,2,6,3.0,31,37.0,1,1.0,1,11,10.0,10.0,5.0,30.0
1,44,1,1,1253,914.0,38,46.0,1,1.0,16,8,25.0,10.0,4.0,30.0
1,38,1,1,1164,202.0,23,41.0,2,1.0,1,5,12.0,9.0,1.0,24.0
2,22,1,1,1577,1131.0,20,26.0,1,1.0,31,4,14.0,25.0,1.0,27.0
1,42,3,1,18,10.0,23,,1,1.0,14,9,18.0,1.0,9.0,27.0
1,28,2,2,633,,NIU,,1,1.0,19,2,10.0,,,
2,49,1,1,2078,1596.0,22,57.0,1,1.0,6,11,6.0,19.0,4.0,6.0
1,25,1,2,405,30.0,25,26.0,1,1.0,29,5,15.0,26.0,1.0,6.0
1,30,2,2,384,,NIU,,1,1.0,9,7,13.0,,,
1,23,2,2,381,,NIU,,1,1.0,17,3,24.0,,,
1,41,3,1,1798,1364.0,25,,1,1.0,12,5,24.0,13.0,4.0,12.0
1,39,1,1,1461,882.0,21,49.0,1,1.0,24,4,12.0,21.0,5.0,14.0
1,40,1,1,333,91.0,29,45.0,1,1.0,2,5,30.0,20.0,1.0,23.0
1,38,1,2,6,3.0,31,37.0,1,1.0,1,11,10.0,10.0,5.0,30.0
1,29,2,2,1419,,NIU,,1,1.0,34,6,4.0,,,
1,30,1,1,511,322.0,17,32.0,1,1.0,9,2,1.0,16.0,4.0,26.0
1,48,1,1,168,90.0,21,50.0,1,1.0,3,1,19.0,19.0,5.0,28.0
2,24,2,2,75,,NIU,,1,1.0,17,10,1.0,,,
2,31,1,1,200,119.0,25,32.0,1,1.0,18,12,5.0,10.0,10.0,16.0
1,49,3,1,262,130.0,22,,1,1.0,6,5,14.0,23.0,10.0,15.0
1,18,2,2,92,,NIU,,1,1.0,25,5,15.0,,,
2,34,1,1,442,365.0,24,43.0,1,1.0,15,11,29.0,17.0,6.0,19.0
2,37,1,1,14,2.0,18,43.0,1,1.0,13,10,14.0,1.0,9.0,5.0
2,26,2,2,841,,NIU,,1,1.0,26,6,24.0,,,
2,30,1,1,1213,1095.0,27,31.0,1,1.0,9,5,18.0,25.0,9.0,5.0
1,40,1,1,446,256.0,19,45.0,1,1.0,2,9,8.0,2.0,8.0,8.0
1,47,1,2,64,29.0,26,50.0,1,1.0,8,4,6.0,2.0,1.0,27.0
1,22,2,2,217,,NIU,,1,1.0,23,9,30.0,,,
2,46,1,2,843,448.0,19,47.0,1,1.0,4,2,26.0,23.0,10.0,7.0
1,16,2,2,334,,NIU,,1,1.0,32,2,15.0,,,
2,41,1,1,1318,883.0,19,49.0,2,2.0,12,8,28.0,15.0,8.0,31.0
1,45,1,1,850,873.0,28,45.0,1,1.0,11,9,3.0,13.0,10.0,7.0
1,44,3,2,529,250.0,20,,1,1.0,11,3,24.0,14.0,4.0,28.0
2,26,2,2,841,,NIU,,1,1.0,26,6,24.0,,,
2,26,1,1,2099,1586.0,19,26.0,1,1.0,26,1,11.0,8.0,8.0,20.0
1,47,1,1,71,143.0,23,51.0,1,1.0,3,3,8.0,14.0,8.0,23.0
1,49,3,1,1086,597.0,21,,1,1.0,6,6,28.0,29.0,10.0,28.0
2,23,1,1,1216,896.0,16,25.0,1,1.0,31,11,22.0,10.0,5.0,8.0
2,27,2,2,366,,NIU,,1,1.0,30,1,4.0,,,
1,49,1,1,204,117.0,21,54.0,1,1.0,6,11,10.0,29.0,3.0,14.0
1,24,1,1,436,1585.0,22,30.0,1,1.0,29,4,20.0,6.0,3.0,21.0
1,21,2,2,1094,,NIU,,1,1.0,23,12,22.0,,,
1,31,1,1,175,70.0,22,35.0,1,1.0,18,12,28.0,17.0,7.0,12.0
1,31,1,1,415,1584.0,18,36.0,1,1.0,10,6,27.0,5.0,2.0,1.0
1,40,1,1,930,712.0,30,40.0,1,1.0,2,1,12.0,17.0,7.0,16.0
1,18,2,2,460,,NIU,,1,1.0,28,9,7.0,,,
1,36,1,1,523,27.0,32,32.0,1,1.0,5,9,8.0,6.0,8.0,4.0
2,27,1,1,2098,1615.0,18,33.0,1,1.0,30,7,24.0,12.0,4.0,11.0
1,37,1,1,153,74.0,21,36.0,1,1.0,13,4,7.0,9.0,10.0,25.0
2,26,2,2,634,,NIU,,3,1.0,26,7,8.0,,,
1,35,1,1,699,497.0,25,36.0,1,1.0,7,11,24.0,4.0,2.0,23.0
1,43,2,2,873,,NIU,,1,1.0,20,10,10.0,,,
1,48,1,1,1319,928.0,11,53.0,5,3.0,3,7,4.0,38.0,11.0,8.0
1,31,1,1,1735,456.0,27,37.0,1,1.0,10,8,23.0,11.0,5.0,12.0
1,27,2,2,949,,NIU,,1,1.0,30,4,10.0,,,
1,24,1,2,1000,576.0,24,27.0,4,1.0,17,11,28.0,26.0,8.0,18.0
1,39,1,1,1760,91.0,27,47.0,1,1.0,24,11,30.0,20.0,1.0,23.0
1,34,1,1,378,220.0,27,36.0,1,1.0,15,8,14.0,8.0,8.0,8.0
2,49,1,1,465,259.0,20,49.0,1,1.0,6,11,13.0,29.0,9.0,25.0
2,49,3,1,590,351.0,21,,2,1.0,6,7,13.0,23.0,6.0,16.0
1,37,1,1,223,1430.0,26,37.0,1,1.0,13,10,4.0,20.0,3.0,18.0
1,36,1,1,1890,771.0,25,38.0,1,1.0,13,4,31.0,20.0,5.0,21.0
1,27,1,1,1175,795.0,24,29.0,1,1.0,30,9,16.0,25.0,5.0,28.0
1,18,2,2,69,,NIU,,4,1.0,25,10,2.0,,,
2,48,1,1,1883,1343.0,15,51.0,5,3.0,3,7,14.0,33.0,7.0,3.0
1,48,2,2,388,,NIU,,1,1.0,6,12,1.0,,,
2,26,2,2,634,,NIU,,3,1.0,26,7,8.0,,,
1,27,1,2,44,44.0,21,28.0,1,1.0,30,6,1.0,10.0,1.0,11.0
2,40,1,1,2097,289.0,21,48.0,1,1.0,2,10,21.0,1.0,6.0,23.0
2,47,1,1,165,265.0,29,46.0,1,1.0,8,6,4.0,1.0,10.0,30.0
1,27,1,2,896,575.0,22,35.0,1,,19,12,5.0,3.0,2.0,17.0
1,43,2,2,518,,NIU,,1,1.0,20,7,5.0,,,
1,44,1,1,1736,462.0,20,50.0,1,1.0,11,12,12.0,14.0,2.0,3.0
2,24,1,1,479,327.0,18,27.0,1,1.0,17,8,14.0,10.0,3.0,2.0
1,40,3,1,3,21.0,27,,1,1.0,2,8,16.0,5.0,3.0,16.0
1,48,1,1,388,1614.0,18,54.0,1,1.0,6,12,1.0,31.0,7.0,23.0
1,46,2,2,252,,NIU,,1,1.0,4,9,22.0,,,
1,38,1,1,856,447.0,25,37.0,1,1.0,1,9,13.0,16.0,8.0,1.0
2,37,1,1,1409,853.0,20,38.0,1,2.0,13,6,5.0,21.0,1.0,29.0
1,34,3,1,68,230.0,25,,1,1.0,15,8,3.0,17.0,2.0,1.0
1,37,1,1,1618,1066.0,22,42.0,1,1.0,13,11,18.0,7.0,6.0,9.0
2,17,2,2,1737,,NIU,,1,1.0,33,2,20.0,,,
2,21,2,2,145,,NIU,,2,1.0,21,8,24.0,,,
2,47,1,1,210,110.0,28,62.0,1,1.0,3,4,24.0,2.0,12.0,14.0
2,46,1,1,38,77.0,23,50.0,1,1.0,4,6,6.0,24.0,6.0,24.0
2,15,2,2,1067,,NIU,,1,1.0,32,9,21.0,,,
1,47,1,1,614,428.0,23,51.0,1,1.0,8,4,27.0,24.0,6.0,20.0
2,49,1,1,410,221.0,14,57.0,1,1.0,36,4,4.0,36.0,7.0,19.0
1,40,1,1,851,624.0,23,39.0,1,1.0,2,7,24.0,13.0,4.0,19.0
1,20,2,2,228,,NIU,,2,1.0,27,10,4.0,,,
1,30,2,2,158,,NIU,,1,1.0,9,1,28.0,,,
1,49,1,1,1320,929.0,19,58.0,3,,6,7,20.0,31.0,10.0,25.0
1,23,2,2,297,,NIU,,1,1.0,17,3,20.0,,,
2,37,1,1,17,57.0,29,38.0,1,1.0,1,3,6.0,12.0,2.0,7.0
1,32,1,2,170,66.0,29,33.0,1,1.0,18,9,2.0,25.0,4.0,25.0
1,24,2,2,390,,NIU,,1,1.0,17,7,21.0,,,
2,30,2,2,1738,,NIU,,1,1.0,9,5,30.0,,,
1,26,2,2,256,,NIU,,1,1.0,26,8,6.0,,,
1,49,1,1,65,159.0,34,53.0,1,1.0,6,4,18.0,7.0,7.0,30.0
1,18,2,2,491,,NIU,,1,1.0,25,11,11.0,,,
1,22,1,1,1739,1347.0,19,33.0,1,1.0,23,11,24.0,6.0,8.0,15.0
1,42,1,1,1695,1346.0,32,44.0,1,1.0,14,1,5.0,17.0,1.0,18.0
1,23,2,2,1257,,NIU,,5,3.0,31,10,18.0,,,
1,20,2,2,1696,,NIU,,1,1.0,27,11,13.0,,,
2,28,1,1,826,615.0,22,30.0,4,1.0,19,5,16.0,10.0,10.0,4.0
1,22,2,2,359,,NIU,,1,1.0,31,9,7.0,,,
2,28,1,1,2096,1608.0,20,58.0,1,1.0,19,7,8.0,12.0,8.0,23.0
1,22,1,2,253,214.0,20,24.0,1,1.0,23,10,27.0,28.0,4.0,20.0
1,44,3,2,1329,930.0,26,,1,2.0,16,8,22.0,1.0,11.0,16.0
1,42,1,1,903,573.0,21,45.0,1,1.0,20,3,16.0,15.0,12.0,14.0
1,23,2,2,418,,NIU,,1,1.0,31,7,16.0,,,
2,23,2,2,974,,NIU,,1,1.0,31,1,10.0,,,
1,45,1,1,70,33.0,25,53.0,1,1.0,11,2,15.0,2.0,8.0,26.0
1,47,1,1,1844,1381.0,17,52.0,1,1.0,8,9,8.0,30.0,9.0,25.0
2,33,1,1,615,537.0,18,36.0,1,1.0,22,11,24.0,7.0,1.0,31.0
2,44,3,1,1701,1334.0,16,,1,1.0,16,2,13.0,23.0,7.0,25.0
1,21,2,2,766,,NIU,,1,1.0,21,1,28.0,,,
2,43,1,1,389,429.0,34,45.0,1,1.0,20,2,28.0,17.0,1.0,29.0
2,47,1,2,324,197.0,43,47.0,1,1.0,8,7,19.0,11.0,10.0,4.0
2,27,1,1,1700,1226.0,17,34.0,1,1.0,19,4,19.0,20.0,3.0,3.0
1,31,2,2,1484,,NIU,,4,1.0,10,5,17.0,,,
2,32,2,2,285,,NIU,,1,1.0,18,6,22.0,,,
1,25,1,2,893,30.0,25,30.0,1,1.0,26,3,5.0,26.0,1.0,6.0
1,25,2,2,829,,NIU,,1,1.0,26,12,2.0,,,
2,34,1,1,517,557.0,16,36.0,1,1.0,15,9,3.0,1.0,2.0,19.0
1,31,1,1,1359,1607.0,24,42.0,1,1.0,18,12,1.0,8.0,2.0,13.0
1,16,2,2,401,,NIU,,1,1.0,32,10,21.0,,,
1,17,2,2,657,,NIU,,3,,33,7,17.0,,,
1,18,2,2,1487,,NIU,,4,1.0,28,4,26.0,,,
2,32,2,2,948,,NIU,,2,1.0,22,3,20.0,,,
2,36,1,1,2087,1606.0,35,37.0,2,1.0,5,5,31.0,28.0,12.0,4.0
1,26,1,2,425,59.0,22,26.0,1,1.0,26,4,16.0,6.0,5.0,24.0
1,31,1,2,130,43.0,26,36.0,1,1.0,10,4,30.0,11.0,1.0,10.0
1,30,2,2,379,,NIU,,1,1.0,9,5,27.0,,,
2,35,1,1,28,912.0,29,39.0,1,1.0,5,3,27.0,10.0,5.0,26.0
2,15,2,2,2118,,NIU,,1,1.0,35,1,5.0,,,
1,28,2,2,21,,NIU,,2,1.0,19,11,28.0,,,
1,43,1,1,1702,1333.0,20,41.0,1,1.0,20,11,13.0,24.0,12.0,8.0
1,28,2,2,2117,,NIU,,1,1.0,19,2,28.0,,,
2,16,2,2,448,,NIU,,1,1.0,32,8,11.0,,,
2,25,2,2,306,,NIU,,2,1.0,29,5,28.0,,,
2,35,1,1,2116,1605.0,18,40.0,1,1.0,7,1,16.0,13.0,6.0,21.0
2,36,1,1,814,479.0,33,33.0,1,1.0,5,1,27.0,6.0,8.0,10.0
1,24,2,2,1023,,NIU,,1,1.0,17,1,27.0,,,
1,26,2,1,376,,NIU,,1,1.0,26,6,23.0,,,
1,30,1,1,1947,1399.0,20,36.0,1,1.0,9,1,24.0,17.0,9.0,21.0
2,19,1,1,1703,1332.0,15,21.0,5,1.0,28,1,20.0,6.0,4.0,20.0
1,23,1,2,700,502.0,19,25.0,1,1.0,31,5,4.0,11.0,3.0,12.0
2,37,3,1,632,426.0,21,,1,1.0,13,7,2.0,9.0,9.0,20.0
2,24,1,1,2115,1604.0,16,25.0,5,1.0,17,11,4.0,8.0,9.0,12.0
1,26,2,2,820,,NIU,,1,1.0,26,7,10.0,,,
1,31,1,1,1340,899.0,21,36.0,1,1.0,10,10,24.0,4.0,3.0,9.0
1,47,1,1,2114,1603.0,30,60.0,1,1.0,3,3,10.0,1.0,11.0,15.0
1,45,1,1,193,22.0,28,45.0,1,1.0,11,7,30.0,13.0,9.0,21.0
1,33,1,1,517,1012.0,29,31.0,1,1.0,15,9,3.0,11.0,8.0,10.0
2,36,1,1,121,111.0,18,48.0,1,1.0,5,9,25.0,21.0,10.0,25.0
1,16,2,2,598,,NIU,,2,1.0,32,6,11.0,,,
1,23,2,2,1224,,NIU,,1,1.0,31,7,1.0,,,
2,49,1,1,465,259.0,20,49.0,1,1.0,6,11,13.0,29.0,9.0,25.0
1,43,1,1,307,1.0,28,50.0,1,1.0,20,9,25.0,9.0,2.0,1.0
2,40,1,1,46,277.0,17,45.0,1,1.0,2,8,12.0,24.0,3.0,15.0
2,33,1,2,157,42.0,26,33.0,1,1.0,22,4,30.0,10.0,1.0,5.0
1,39,1,1,79,98.0,18,43.0,5,1.0,24,6,7.0,18.0,2.0,4.0
2,16,2,2,1704,,NIU,,4,1.0,32,7,16.0,,,
1,27,1,2,828,480.0,25,27.0,1,1.0,30,8,20.0,28.0,6.0,6.0
1,35,1,1,117,50.0,21,34.0,3,1.0,7,2,18.0,7.0,11.0,12.0
1,18,2,2,720,,NIU,,1,1.0,28,3,25.0,,,
2,38,1,1,2113,1602.0,18,48.0,1,1.0,1,6,4.0,2.0,5.0,14.0
2,39,1,1,960,545.0,20,44.0,1,1.0,24,8,23.0,22.0,5.0,18.0
1,16,2,2,334,,NIU,,1,1.0,32,2,15.0,,,
1,39,1,2,47,510.0,25,39.0,1,1.0,24,4,18.0,5.0,7.0,28.0
2,26,2,2,892,,NIU,,1,1.0,30,12,12.0,,,
2,43,1,1,123,41.0,20,44.0,1,1.0,20,10,15.0,15.0,4.0,16.0
1,30,1,1,977,1331.0,23,31.0,1,1.0,9,1,21.0,8.0,11.0,25.0
2,25,2,2,1160,,NIU,,1,1.0,29,5,24.0,,,
2,43,1,1,373,855.0,19,48.0,1,1.0,20,8,19.0,14.0,1.0,3.0
1,24,2,2,390,,NIU,,1,1.0,17,7,21.0,,,
1,44,3,1,178,1065.0,33,,1,1.0,16,8,26.0,20.0,11.0,8.0
2,30,2,2,1705,,NIU,,1,1.0,9,5,24.0,,,
2,41,1,1,83,484.0,25,57.0,1,1.0,12,7,15.0,13.0,11.0,28.0
2,29,2,2,702,,NIU,,1,1.0,9,3,11.0,,,
1,38,1,1,369,55.0,22,41.0,1,1.0,1,1,5.0,9.0,9.0,26.0
1,30,2,2,278,,NIU,,1,1.0,9,5,11.0,,,
1,25,2,2,764,,NIU,,1,1.0,29,10,17.0,,,
1,47,3,1,915,643.0,23,,1,1.0,8,6,22.0,14.0,5.0,19.0
1,28,1,1,596,279.0,21,28.0,1,1.0,19,7,9.0,8.0,2.0,29.0
1,42,3,1,8,6.0,20,,2,1.0,14,10,30.0,15.0,2.0,28.0
1,44,1,1,906,664.0,26,45.0,1,,16,10,10.0,21.0,6.0,18.0
2,46,2,2,541,,NIU,,1,1.0,4,10,16.0,,,
1,36,2,2,792,,NIU,,2,1.0,5,5,23.0,,,
1,45,1,1,1190,156.0,27,50.0,1,1.0,11,9,26.0,21.0,4.0,19.0
1,31,1,1,2112,1049.0,19,31.0,1,1.0,10,1,15.0,20.0,7.0,19.0
1,23,2,2,274,,NIU,,1,1.0,31,10,17.0,,,
2,16,2,2,758,,NIU,,1,1.0,32,11,28.0,,,
1,23,2,2,705,,NIU,,1,1.0,31,11,3.0,,,
1,37,1,1,2111,760.0,21,38.0,1,1.0,13,1,24.0,13.0,10.0,16.0
1,27,1,1,802,796.0,24,32.0,1,1.0,19,12,24.0,6.0,8.0,16.0
1,45,2,2,412,,NIU,,1,1.0,4,12,1.0,,,
1,34,1,1,1586,1067.0,24,40.0,4,1.0,15,10,6.0,4.0,11.0,20.0
2,41,1,1,272,207.0,19,43.0,1,1.0,12,6,14.0,15.0,7.0,14.0
1,30,1,2,447,254.0,28,28.0,1,1.0,9,6,3.0,25.0,6.0,9.0
1,27,2,2,2,,NIU,,1,1.0,19,3,15.0,,,
1,38,1,1,325,233.0,31,46.0,1,1.0,1,7,26.0,8.0,2.0,28.0
2,39,1,1,232,100.0,23,42.0,1,1.0,2,3,7.0,13.0,7.0,7.0
1,41,1,1,808,414.0,23,45.0,1,1.0,12,11,21.0,21.0,1.0,24.0
2,38,1,1,1674,337.0,31,38.0,1,1.0,1,6,17.0,8.0,1.0,14.0
2,24,1,1,461,320.0,20,24.0,3,,29,4,2.0,3.0,3.0,28.0
2,15,2,2,1170,,NIU,,4,1.0,35,10,20.0,,,
2,37,1,1,344,191.0,22,50.0,4,1.0,13,11,28.0,9.0,2.0,16.0
1,26,1,1,2134,1601.0,24,31.0,1,1.0,26,9,6.0,25.0,11.0,15.0
1,22,2,2,222,,NIU,,1,1.0,23,8,8.0,,,
1,49,3,1,648,440.0,18,,1,1.0,36,4,17.0,33.0,3.0,23.0
1,29,1,1,1675,1330.0,24,32.0,1,1.0,34,1,18.0,3.0,11.0,13.0
1,31,1,1,175,70.0,22,35.0,1,1.0,18,12,28.0,17.0,7.0,12.0
1,15,2,2,266,,NIU,,1,1.0,35,7,25.0,,,
1,46,3,1,908,562.0,30,,1,1.0,4,5,21.0,13.0,2.0,12.0
2,48,1,1,268,137.0,27,48.0,1,1.0,3,10,21.0,18.0,3.0,11.0
1,30,1,1,2133,3.0,23,33.0,1,1.0,9,11,18.0,10.0,5.0,30.0
2,37,1,1,951,680.0,19,45.0,1,1.0,13,7,16.0,21.0,7.0,3.0
2,46,1,1,99,1420.0,17,54.0,1,1.0,4,5,28.0,30.0,5.0,9.0
1,33,1,2,100,93.0,26,39.0,1,1.0,22,5,23.0,8.0,4.0,15.0
1,31,2,2,415,,NIU,,1,1.0,10,6,27.0,,,
1,24,2,2,214,,NIU,,1,1.0,29,3,13.0,,,
2,35,3,2,196,65.0,25,,1,1.0,5,3,1.0,4.0,6.0,4.0
2,49,3,1,169,940.0,18,,2,2.0,36,3,13.0,32.0,5.0,2.0
1,47,1,1,59,478.0,25,51.0,1,1.0,8,1,29.0,15.0,3.0,23.0
1,48,1,1,199,118.0,22,48.0,1,1.0,3,4,4.0,27.0,5.0,17.0
1,23,1,1,299,211.0,23,31.0,1,1.0,17,4,17.0,28.0,12.0,7.0
1,47,1,2,64,29.0,26,50.0,1,1.0,8,4,6.0,2.0,1.0,27.0
1,46,1,1,37,86.0,21,46.0,1,1.0,4,11,21.0,14.0,6.0,8.0
1,21,2,2,313,,NIU,,1,1.0,21,11,22.0,,,
1,41,1,1,127,31.0,18,43.0,1,1.0,12,2,8.0,15.0,4.0,1.0
2,18,2,2,918,,NIU,,2,2.0,25,5,2.0,,,
2,49,1,1,380,227.0,29,52.0,1,1.0,36,3,6.0,2.0,6.0,31.0
1,19,2,2,248,,NIU,,1,1.0,27,12,27.0,,,
1,30,1,1,511,322.0,17,32.0,1,1.0,9,2,1.0,16.0,4.0,26.0
2,24,2,2,1285,,NIU,,1,1.0,29,12,29.0,,,
1,39,1,1,1205,777.0,33,40.0,2,2.0,24,9,22.0,3.0,8.0,13.0
1,31,1,1,45,26.0,26,33.0,1,1.0,10,1,14.0,11.0,5.0,5.0
1,39,1,1,912,1329.0,33,37.0,1,1.0,24,8,22.0,10.0,8.0,29.0
1,18,2,2,40,,NIU,,1,1.0,25,11,17.0,,,
2,28,1,1,826,615.0,22,30.0,4,1.0,19,5,16.0,10.0,10.0,4.0
1,16,2,2,727,,NIU,,1,1.0,33,3,22.0,,,
1,37,1,1,153,74.0,21,36.0,1,1.0,13,4,7.0,9.0,10.0,25.0
2,35,1,1,1071,847.0,22,38.0,1,1.0,7,1,19.0,16.0,1.0,20.0
2,42,1,1,2132,1600.0,19,42.0,2,1.0,14,10,9.0,24.0,7.0,22.0
2,41,1,1,280,2.0,23,42.0,1,1.0,12,6,11.0,1.0,9.0,5.0
1,38,1,1,1436,1004.0,29,41.0,1,1.0,1,2,13.0,17.0,3.0,30.0
2,27,1,1,44,1328.0,16,33.0,1,1.0,30,6,1.0,20.0,2.0,27.0
1,21,2,2,164,,NIU,,1,1.0,21,9,28.0,,,
1,21,1,2,4,4.0,21,33.0,1,1.0,21,6,14.0,26.0,6.0,13.0
2,26,2,2,2131,,NIU,,1,1.0,30,4,28.0,,,
2,36,1,1,1644,1309.0,30,38.0,1,1.0,5,9,12.0,10.0,11.0,18.0
1,34,1,1,2130,1360.0,27,39.0,2,1.0,15,11,27.0,10.0,1.0,15.0
1,46,1,1,816,331.0,33,51.0,1,1.0,4,9,28.0,16.0,5.0,17.0
2,40,1,1,1645,1308.0,23,45.0,1,1.0,2,11,5.0,21.0,2.0,12.0
2,45,1,1,332,721.0,30,44.0,1,1.0,11,5,17.0,9.0,3.0,30.0
1,23,2,2,879,,NIU,,1,1.0,31,2,12.0,,,
1,32,2,2,1651,,NIU,,1,1.0,18,2,6.0,,,
2,24,1,1,1369,900.0,14,26.0,1,1.0,29,4,3.0,4.0,2.0,25.0
2,27,1,2,213,112.0,24,24.0,1,1.0,30,7,21.0,25.0,4.0,11.0
1,26,1,1,1372,908.0,24,28.0,1,1.0,30,12,7.0,25.0,1.0,21.0
1,30,1,1,1084,695.0,29,28.0,1,1.0,9,8,23.0,28.0,7.0,29.0
2,19,2,2,42,,NIU,,1,1.0,28,10,1.0,,,
2,24,2,2,436,,NIU,,1,1.0,29,4,20.0,,,
1,20,3,1,1652,1301.0,16,,1,1.0,27,5,8.0,11.0,11.0,21.0
1,29,3,2,1653,1300.0,26,,1,1.0,34,1,11.0,6.0,2.0,10.0
1,29,1,1,2129,1646.0,18,31.0,1,1.0,34,7,12.0,20.0,5.0,30.0
1,41,1,1,1623,1299.0,38,48.0,1,1.0,14,3,19.0,11.0,11.0,17.0
1,38,1,1,351,158.0,28,36.0,1,1.0,1,8,13.0,4.0,8.0,6.0
1,30,1,1,88,47.0,27,30.0,1,1.0,9,2,21.0,6.0,2.0,27.0
1,35,1,1,155,69.0,24,36.0,1,1.0,7,8,13.0,20.0,8.0,3.0
1,18,2,2,720,,NIU,,1,1.0,28,3,25.0,,,
2,33,1,1,615,537.0,18,36.0,1,1.0,22,11,24.0,7.0,1.0,31.0
1,42,2,2,10,,NIU,,1,1.0,14,7,7.0,,,
2,35,1,1,1326,1645.0,15,43.0,4,1.0,7,7,10.0,2.0,3.0,24.0
1,27,2,2,1388,,NIU,,1,1.0,19,3,9.0,,,
1,31,1,1,7,5.0,27,41.0,1,1.0,10,1,6.0,6.0,4.0,8.0
2,46,1,1,1596,1146.0,21,53.0,1,1.0,4,10,26.0,27.0,3.0,6.0
1,35,1,1,2148,1274.0,29,34.0,1,,7,1,24.0,10.0,8.0,12.0
2,36,1,1,1138,815.0,20,36.0,1,1.0,5,8,2.0,13.0,7.0,25.0
1,36,1,1,1394,959.0,21,39.0,1,1.0,5,7,22.0,9.0,11.0,30.0
1,31,1,2,440,129.0,30,32.0,1,1.0,18,4,19.0,28.0,1.0,28.0
1,49,1,1,1395,960.0,27,47.0,1,1.0,6,10,6.0,18.0,9.0,22.0
2,16,2,2,999,,NIU,,3,,32,8,14.0,,,
1,46,1,1,20,132.0,34,42.0,1,1.0,4,11,3.0,20.0,4.0,29.0
1,43,3,1,794,525.0,19,,2,1.0,20,5,20.0,14.0,3.0,26.0
2,15,2,2,1624,,NIU,,1,1.0,35,11,8.0,,,
2,38,1,1,1915,1402.0,27,39.0,4,1.0,1,2,15.0,4.0,4.0,5.0
2,18,2,2,289,,NIU,,1,1.0,28,12,9.0,,,
2,29,1,1,2147,37.0,17,34.0,1,1.0,9,12,3.0,16.0,2.0,19.0
1,48,1,1,183,87.0,17,59.0,1,1.0,3,4,28.0,31.0,5.0,20.0
2,37,1,1,1724,1306.0,28,35.0,1,1.0,13,1,22.0,17.0,12.0,30.0
2,34,1,1,1288,1635.0,30,33.0,3,1.0,7,9,29.0,11.0,4.0,20.0
1,23,1,1,1625,1291.0,18,26.0,1,1.0,31,2,11.0,11.0,7.0,30.0
2,17,2,2,456,,NIU,,4,1.0,33,1,21.0,,,
1,38,1,2,6,3.0,31,37.0,1,1.0,1,11,10.0,10.0,5.0,30.0
1,21,1,2,4,4.0,21,33.0,1,1.0,21,6,14.0,26.0,6.0,13.0
2,42,1,1,1404,803.0,23,62.0,1,2.0,14,9,27.0,22.0,12.0,5.0
2,34,1,2,674,381.0,27,37.0,1,1.0,15,6,19.0,8.0,10.0,12.0
2,34,1,1,221,394.0,25,41.0,1,1.0,15,9,5.0,12.0,8.0,7.0
2,35,1,1,1626,603.0,20,38.0,1,1.0,7,8,2.0,9.0,7.0,26.0
1,17,2,2,201,,NIU,,1,1.0,33,4,27.0,,,
1,35,1,1,1241,874.0,21,43.0,1,1.0,7,6,30.0,7.0,5.0,7.0
1,18,2,2,40,,NIU,,1,1.0,25,11,17.0,,,
1,49,1,1,65,159.0,34,53.0,1,1.0,6,4,18.0,7.0,7.0,30.0
2,39,1,1,1351,867.0,25,46.0,1,1.0,24,6,1.0,7.0,4.0,22.0
2,34,1,1,60,178.0,23,35.0,1,1.0,15,2,26.0,20.0,8.0,23.0
1,35,2,2,55,,NIU,,1,1.0,5,12,5.0,,,
1,48,1,1,656,419.0,17,48.0,1,1.0,6,12,17.0,32.0,4.0,20.0
1,32,2,2,1651,,NIU,,1,1.0,18,2,6.0,,,
2,33,1,1,2146,306.0,28,33.0,1,1.0,22,4,7.0,11.0,9.0,17.0
1,38,1,1,369,55.0,22,41.0,1,1.0,1,1,5.0,9.0,9.0,26.0
2,33,1,1,368,147.0,21,40.0,1,1.0,22,2,17.0,16.0,10.0,26.0
1,46,2,2,195,,NIU,,1,1.0,4,9,20.0,,,
1,32,1,1,1775,1216.0,29,32.0,1,1.0,18,5,19.0,25.0,6.0,24.0
2,19,2,2,904,,NIU,,1,1.0,28,7,20.0,,,
1,27,1,1,220,104.0,20,36.0,1,1.0,30,5,22.0,8.0,8.0,18.0
1,34,1,2,800,64.0,31,37.0,1,1.0,15,4,16.0,25.0,4.0,12.0
2,17,2,2,1627,,NIU,,1,1.0,33,5,15.0,,,
1,34,1,2,800,64.0,31,37.0,1,1.0,15,4,16.0,25.0,4.0,12.0
1,36,1,1,2145,1634.0,20,37.0,1,1.0,5,8,12.0,13.0,9.0,18.0
2,25,1,1,509,297.0,18,31.0,1,1.0,29,6,23.0,8.0,3.0,20.0
1,29,1,1,2144,1633.0,28,28.0,3,,34,1,28.0,28.0,8.0,19.0
1,47,1,1,257,108.0,26,48.0,1,1.0,8,9,6.0,18.0,12.0,27.0
2,47,1,1,184,13.0,16,51.0,1,1.0,8,1,2.0,31.0,9.0,10.0
2,37,1,1,890,367.0,20,34.0,1,1.0,13,7,20.0,13.0,4.0,9.0
2,44,1,1,769,961.0,38,36.0,1,1.0,16,5,25.0,10.0,8.0,9.0
2,45,1,1,1396,962.0,16,52.0,1,1.0,4,9,12.0,30.0,1.0,21.0
1,28,2,2,2143,,NIU,,1,1.0,19,1,29.0,,,
1,37,1,1,1001,32.0,25,46.0,2,1.0,13,10,24.0,16.0,7.0,2.0
1,16,2,2,334,,NIU,,4,1.0,32,2,15.0,,,
2,42,3,1,1430,931.0,26,,1,1.0,14,6,1.0,13.0,11.0,5.0
1,23,1,1,1859,1375.0,19,34.0,1,1.0,17,3,11.0,3.0,12.0,13.0
1,48,1,1,855,1290.0,16,51.0,4,4.0,3,6,1.0,33.0,10.0,10.0
1,26,1,1,1035,1632.0,22,39.0,1,1.0,26,2,16.0,11.0,2.0,25.0
1,44,1,2,502,247.0,28,50.0,3,,16,1,25.0,9.0,1.0,22.0
2,32,3,1,53,88.0,14,,1,1.0,18,10,30.0,1.0,7.0,23.0
1,48,1,1,199,118.0,22,48.0,1,1.0,3,4,4.0,27.0,5.0,17.0
2,21,2,2,112,,NIU,,1,1.0,23,4,7.0,,,
2,46,1,1,925,583.0,25,52.0,4,1.0,4,4,21.0,2.0,10.0,27.0
1,47,1,1,71,143.0,23,51.0,1,1.0,3,3,8.0,14.0,8.0,23.0
2,35,1,1,537,321.0,16,41.0,1,1.0,7,5,13.0,22.0,2.0,1.0
1,47,1,1,71,143.0,23,51.0,1,1.0,3,3,8.0,14.0,8.0,23.0
1,40,3,1,1177,1289.0,32,,1,1.0,2,8,1.0,12.0,3.0,11.0
1,49,1,1,741,508.0,23,49.0,1,1.0,6,2,14.0,19.0,3.0,9.0
1,17,2,2,146,,NIU,,1,1.0,33,4,4.0,,,
1,48,2,2,388,,NIU,,1,1.0,6,12,1.0,,,
1,30,1,2,485,38.0,27,30.0,1,1.0,9,10,27.0,6.0,3.0,19.0
1,45,3,1,576,1288.0,20,,1,1.0,11,5,3.0,14.0,9.0,16.0
2,34,1,1,1556,1287.0,29,36.0,1,1.0,15,1,21.0,3.0,12.0,15.0
1,17,2,2,146,,NIU,,1,1.0,33,4,4.0,,,
1,49,2,2,126,,NIU,,1,1.0,6,4,24.0,,,
2,48,1,1,268,137.0,27,48.0,1,1.0,3,10,21.0,18.0,3.0,11.0
1,32,1,1,187,101.0,24,39.0,1,1.0,18,11,26.0,8.0,7.0,14.0
1,33,2,2,162,,NIU,,1,1.0,22,7,28.0,,,
2,26,1,1,1015,559.0,22,32.0,1,1.0,30,4,4.0,3.0,11.0,17.0
1,21,2,2,293,,NIU,,1,1.0,21,11,14.0,,,
1,47,2,2,109,,NIU,,1,1.0,3,4,15.0,,,
1,20,2,2,1165,,NIU,,1,1.0,27,10,22.0,,,
2,29,1,2,992,670.0,27,37.0,1,1.0,34,6,9.0,25.0,10.0,9.0
1,25,2,2,11,,NIU,,1,1.0,26,3,24.0,,,
2,40,1,1,242,932.0,21,52.0,1,1.0,2,7,10.0,22.0,2.0,8.0
1,18,2,2,491,,NIU,,1,1.0,25,11,11.0,,,
2,23,2,2,557,,NIU,,3,,31,7,15.0,,,
2,47,1,2,1432,933.0,26,50.0,1,1.0,8,11,7.0,18.0,2.0,14.0
1,17,2,2,201,,NIU,,1,1.0,33,4,27.0,,,
1,19,2,2,486,,NIU,,5,3.0,27,12,2.0,,,
1,20,2,2,662,,NIU,,1,1.0,27,8,6.0,,,
1,19,2,2,1384,,NIU,,1,1.0,28,8,8.0,,,
1,44,1,1,1026,570.0,22,48.0,1,1.0,16,10,16.0,15.0,7.0,24.0
2,37,1,1,240,131.0,22,40.0,1,1.0,1,4,21.0,13.0,11.0,25.0
1,18,2,2,40,,NIU,,1,1.0,25,11,17.0,,,
1,35,1,1,117,50.0,21,34.0,3,1.0,7,2,18.0,7.0,11.0,12.0
1,22,1,1,2161,34.0,17,31.0,1,1.0,23,1,13.0,3.0,3.0,29.0
1,39,1,1,805,403.0,19,43.0,1,1.0,24,8,5.0,2.0,7.0,21.0
2,25,2,2,686,,NIU,,1,1.0,26,4,3.0,,,
1,33,1,1,275,186.0,20,37.0,1,1.0,22,10,26.0,5.0,8.0,3.0
1,26,2,2,645,,NIU,,1,1.0,26,8,14.0,,,
2,25,1,1,509,297.0,18,31.0,1,1.0,29,6,23.0,8.0,3.0,20.0
1,43,1,2,1433,934.0,23,44.0,1,1.0,16,4,31.0,2.0,10.0,14.0
1,21,2,2,416,,NIU,,1,1.0,21,11,1.0,,,
1,35,1,1,1557,1286.0,29,37.0,1,1.0,7,5,5.0,10.0,3.0,4.0
2,31,1,1,619,538.0,26,63.0,2,2.0,10,11,7.0,3.0,12.0,24.0
1,30,2,2,1520,,NIU,,2,1.0,9,5,14.0,,,
2,37,1,1,282,163.0,22,44.0,1,1.0,1,3,23.0,9.0,10.0,28.0
1,43,1,1,1349,879.0,28,44.0,1,1.0,16,4,9.0,9.0,1.0,23.0
1,49,1,1,129,56.0,27,52.0,1,1.0,6,10,5.0,18.0,6.0,30.0
1,48,1,1,1082,619.0,27,48.0,1,1.0,3,11,15.0,18.0,2.0,23.0
1,40,1,1,333,91.0,29,45.0,1,1.0,2,5,30.0,20.0,1.0,23.0
1,32,1,1,22,298.0,28,40.0,1,1.0,18,7,19.0,6.0,4.0,28.0
1,38,1,1,2160,1663.0,21,40.0,1,1.0,1,8,2.0,21.0,12.0,5.0
2,28,1,1,1687,1192.0,24,32.0,1,1.0,19,8,27.0,11.0,1.0,5.0
2,40,1,1,1558,1285.0,12,38.0,1,1.0,12,3,25.0,29.0,4.0,3.0
2,21,2,2,112,,NIU,,1,1.0,23,4,7.0,,,
2,40,1,1,303,209.0,14,43.0,2,2.0,2,8,27.0,19.0,9.0,19.0
2,45,1,1,260,125.0,21,46.0,1,1.0,11,10,23.0,14.0,7.0,10.0
2,28,2,2,1559,,NIU,,2,1.0,19,10,15.0,,,
1,35,1,1,155,69.0,24,36.0,1,1.0,7,8,13.0,20.0,8.0,3.0
2,43,1,1,1434,935.0,22,56.0,1,1.0,16,12,8.0,18.0,2.0,5.0
2,30,1,1,409,224.0,18,33.0,1,1.0,10,12,18.0,16.0,4.0,17.0
1,46,1,1,852,638.0,20,48.0,1,1.0,8,4,29.0,19.0,6.0,14.0
2,20,2,2,309,,NIU,,1,1.0,27,11,27.0,,,
1,42,3,1,1157,947.0,22,,1,1.0,14,9,14.0,2.0,2.0,7.0
1,29,1,2,119,871.0,25,28.0,1,1.0,34,1,10.0,11.0,10.0,24.0
2,33,1,1,1560,1284.0,21,42.0,1,1.0,22,7,1.0,20.0,1.0,27.0
2,22,2,2,526,,NIU,,1,1.0,23,9,21.0,,,
2,42,1,1,747,52.0,21,48.0,2,1.0,14,8,1.0,18.0,1.0,1.0
1,49,1,1,65,159.0,34,53.0,1,1.0,6,4,18.0,7.0,7.0,30.0
1,27,2,2,900,,NIU,,1,1.0,30,7,30.0,,,
2,24,2,2,462,,NIU,,1,1.0,17,10,9.0,,,
1,19,2,2,345,,NIU,,1,1.0,28,2,22.0,,,
1,29,1,2,607,362.0,25,31.0,1,1.0,34,2,2.0,11.0,5.0,11.0
2,24,1,1,1393,1017.0,20,24.0,1,1.0,29,3,3.0,11.0,8.0,4.0
1,19,2,2,1093,,NIU,,5,3.0,28,2,9.0,,,
2,37,1,1,890,367.0,20,34.0,1,1.0,13,7,20.0,13.0,4.0,9.0
1,18,2,2,514,,NIU,,1,1.0,25,1,27.0,,,
2,36,1,1,1195,789.0,21,34.0,4,1.0,5,5,30.0,9.0,7.0,9.0
1,48,3,1,322,519.0,15,,1,1.0,3,5,29.0,34.0,10.0,7.0
1,19,2,2,326,,NIU,,1,1.0,28,10,2.0,,,
2,22,2,2,1665,,NIU,,2,1.0,23,11,29.0,,,
1,23,1,2,700,502.0,19,25.0,1,1.0,31,5,4.0,11.0,3.0,12.0
2,42,1,2,927,565.0,35,46.0,1,1.0,20,4,30.0,8.0,2.0,4.0
1,27,2,2,2,,NIU,,1,1.0,19,3,15.0,,,
2,43,1,1,132,382.0,27,41.0,1,1.0,20,5,11.0,13.0,12.0,6.0
2,18,2,2,284,,NIU,,4,1.0,25,6,20.0,,,
2,47,1,2,324,197.0,43,47.0,1,1.0,8,7,19.0,11.0,10.0,4.0
1,42,3,1,8,6.0,20,,2,1.0,14,10,30.0,15.0,2.0,28.0
2,45,1,1,1467,1662.0,19,51.0,1,1.0,11,8,28.0,19.0,10.0,18.0
2,47,1,1,210,110.0,28,62.0,1,1.0,3,4,24.0,2.0,12.0,14.0
2,47,3,1,688,379.0,21,,3,1.0,8,5,16.0,19.0,4.0,26.0
1,41,1,1,1149,83.0,22,48.0,1,1.0,12,7,29.0,22.0,3.0,1.0
2,38,1,1,1360,765.0,26,44.0,2,1.0,24,9,17.0,5.0,2.0,9.0
1,38,1,1,1435,1661.0,28,37.0,1,1.0,1,5,17.0,4.0,1.0,21.0
1,41,1,1,749,529.0,23,45.0,3,1.0,12,2,1.0,1.0,3.0,2.0
1,36,1,1,2159,1454.0,27,36.0,1,1.0,5,7,2.0,12.0,1.0,22.0
1,38,1,1,483,1283.0,22,44.0,1,1.0,24,12,2.0,13.0,4.0,21.0
1,35,1,1,1229,923.0,20,40.0,1,1.0,7,8,7.0,9.0,3.0,28.0
2,44,1,2,453,314.0,39,45.0,1,1.0,11,3,26.0,3.0,7.0,22.0
2,23,2,2,2158,,NIU,,1,1.0,31,10,30.0,,,
2,49,1,1,994,668.0,25,54.0,2,,36,3,10.0,14.0,1.0,5.0
2,37,1,1,916,604.0,29,34.0,1,1.0,13,1,11.0,12.0,3.0,25.0
1,49,1,1,1831,1337.0,25,59.0,1,1.0,36,12,2.0,14.0,12.0,9.0
2,32,2,2,394,,NIU,,1,1.0,18,10,10.0,,,
1,41,3,1,391,16.0,18,,1,1.0,12,2,16.0,15.0,4.0,8.0
1,45,1,1,947,1648.0,19,52.0,1,1.0,11,6,2.0,19.0,8.0,22.0
1,49,1,1,741,508.0,23,49.0,1,1.0,6,2,14.0,19.0,3.0,9.0
1,49,1,1,490,359.0,22,54.0,1,1.0,6,5,9.0,23.0,10.0,8.0
1,46,2,2,1037,,NIU,,1,1.0,4,6,2.0,,,
2,20,2,2,1109,,NIU,,1,1.0,27,8,15.0,,,
1,40,2,2,387,,NIU,,1,1.0,2,1,10.0,,,
2,35,1,1,2178,1679.0,25,43.0,1,1.0,7,2,16.0,4.0,5.0,5.0
1,17,2,2,1536,,NIU,,4,1.0,33,1,3.0,,,
1,26,1,1,2177,59.0,23,31.0,1,1.0,26,10,4.0,6.0,5.0,24.0
1,17,2,2,84,,NIU,,1,1.0,33,2,25.0,,,
1,33,1,1,907,975.0,27,32.0,4,1.0,22,5,1.0,10.0,11.0,29.0
1,25,2,2,1540,,NIU,,2,1.0,29,8,25.0,,,
1,31,1,1,1582,600.0,26,38.0,1,1.0,18,3,3.0,3.0,3.0,25.0
2,36,1,1,400,169.0,16,37.0,1,1.0,5,6,18.0,2.0,5.0,28.0
1,37,1,1,398,235.0,23,44.0,1,1.0,13,1,31.0,5.0,4.0,10.0
1,17,2,2,367,,NIU,,1,1.0,33,1,25.0,,,
1,44,1,1,906,664.0,26,45.0,1,,16,10,10.0,21.0,6.0,18.0
1,16,2,2,1286,,NIU,,1,1.0,32,2,9.0,,,
1,37,1,1,711,467.0,19,43.0,2,2.0,13,8,9.0,1.0,8.0,6.0
2,46,1,1,578,23.0,20,51.0,3,,4,6,22.0,19.0,1.0,11.0
2,15,2,2,94,,NIU,,5,2.0,35,7,10.0,,,
1,22,1,2,476,287.0,21,25.0,1,1.0,23,7,6.0,26.0,6.0,30.0
1,41,1,1,287,188.0,26,46.0,1,1.0,14,12,8.0,9.0,2.0,19.0
2,31,1,1,200,119.0,25,32.0,1,1.0,18,12,5.0,10.0,10.0,16.0
1,49,1,1,97,558.0,23,48.0,1,1.0,6,1,28.0,27.0,5.0,25.0
1,17,2,2,1536,,NIU,,4,1.0,33,1,3.0,,,
1,20,2,2,583,,NIU,,2,2.0,27,9,26.0,,,
2,40,1,2,581,672.0,31,45.0,1,1.0,2,10,30.0,17.0,12.0,27.0
1,31,1,1,1455,483.0,25,34.0,1,1.0,10,11,13.0,3.0,5.0,28.0
2,37,1,1,240,131.0,22,40.0,1,1.0,1,4,21.0,13.0,11.0,25.0
1,39,1,1,761,679.0,21,40.0,1,1.0,24,10,13.0,1.0,5.0,12.0
1,49,1,1,93,368.0,23,53.0,1,1.0,36,4,8.0,19.0,5.0,9.0
2,48,1,1,902,693.0,24,47.0,1,1.0,3,1,31.0,14.0,12.0,30.0
2,23,2,2,974,,NIU,,1,1.0,31,1,10.0,,,
2,38,3,1,1060,144.0,22,,1,1.0,1,7,1.0,13.0,3.0,17.0
1,40,3,1,374,223.0,25,,1,1.0,12,12,13.0,9.0,3.0,12.0
1,29,1,1,1265,1270.0,24,28.0,1,1.0,34,2,28.0,3.0,3.0,9.0
1,22,2,2,359,,NIU,,1,1.0,31,9,7.0,,,
1,19,2,2,1541,,NIU,,1,1.0,28,6,6.0,,,
1,44,1,1,331,225.0,24,45.0,1,1.0,16,8,19.0,2.0,2.0,20.0
2,47,1,1,186,73.0,18,58.0,1,1.0,8,2,29.0,30.0,11.0,3.0
1,28,2,2,1144,,NIU,,1,1.0,19,9,24.0,,,
2,24,1,1,1369,900.0,14,26.0,1,1.0,29,4,3.0,4.0,2.0,25.0
2,36,1,1,1048,685.0,32,29.0,4,1.0,5,10,1.0,11.0,8.0,27.0
1,24,2,2,143,,NIU,,1,1.0,17,2,25.0,,,
2,16,2,2,401,,NIU,,1,1.0,32,10,21.0,,,
1,29,3,2,119,234.0,21,,1,1.0,34,1,10.0,12.0,12.0,20.0
2,28,1,1,1439,976.0,19,33.0,1,1.0,19,9,5.0,12.0,8.0,22.0
2,23,1,1,1308,806.0,21,24.0,1,1.0,31,4,15.0,25.0,3.0,8.0
2,43,1,2,1046,192.0,23,54.0,1,1.0,16,3,15.0,2.0,1.0,5.0
1,25,2,2,11,,NIU,,1,1.0,26,3,24.0,,,
2,16,2,2,758,,NIU,,1,1.0,32,11,28.0,,,
1,23,2,2,241,,NIU,,3,,17,12,8.0,,,
1,28,1,1,77,39.0,27,26.0,5,1.0,19,1,21.0,26.0,7.0,6.0
1,30,1,1,215,140.0,25,32.0,1,1.0,10,4,29.0,3.0,5.0,9.0
2,45,1,1,411,176.0,18,54.0,1,1.0,11,6,10.0,23.0,5.0,5.0
1,35,3,1,955,829.0,29,,3,,7,5,31.0,10.0,1.0,23.0
1,40,2,2,46,,NIU,,1,1.0,2,8,12.0,,,
1,44,3,2,1329,930.0,26,,1,2.0,16,8,22.0,1.0,11.0,16.0
1,47,1,1,71,143.0,23,51.0,1,1.0,3,3,8.0,14.0,8.0,23.0
2,15,2,2,679,,NIU,,1,1.0,35,9,2.0,,,
1,48,1,1,27,18.0,27,52.0,1,1.0,3,1,21.0,2.0,5.0,9.0
1,34,1,1,2176,1269.0,26,36.0,1,1.0,15,5,13.0,12.0,2.0,26.0
1,19,2,2,345,,NIU,,1,1.0,28,2,22.0,,,
2,46,3,1,989,623.0,21,,1,1.0,4,2,28.0,27.0,8.0,17.0
2,48,1,1,1338,859.0,19,49.0,1,1.0,3,1,12.0,30.0,3.0,9.0
1,48,1,1,656,419.0,17,48.0,1,1.0,6,12,17.0,32.0,4.0,20.0
2,24,3,1,277,216.0,20,,1,1.0,17,8,3.0,6.0,6.0,20.0
1,49,1,1,426,146.0,18,63.0,1,1.0,6,11,22.0,31.0,6.0,18.0
1,30,2,2,34,,NIU,,1,1.0,10,9,7.0,,,
1,21,2,2,293,,NIU,,1,1.0,21,11,14.0,,,
2,19,2,2,859,,NIU,,1,1.0,28,10,8.0,,,
2,36,1,1,279,76.0,27,37.0,1,1.0,5,11,7.0,12.0,6.0,21.0
2,18,2,2,441,,NIU,,1,1.0,25,3,18.0,,,
1,21,1,2,4,4.0,21,33.0,1,1.0,21,6,14.0,26.0,6.0,13.0
1,21,2,2,293,,NIU,,1,1.0,21,11,14.0,,,
2,25,2,2,1160,,NIU,,1,1.0,29,5,24.0,,,
1,16,2,2,672,,NIU,,2,1.0,32,5,14.0,,,
2,28,1,1,2175,1678.0,20,33.0,1,1.0,19,8,7.0,12.0,9.0,27.0
1,48,1,1,230,103.0,24,49.0,1,1.0,3,5,7.0,14.0,1.0,8.0
2,44,1,1,328,173.0,24,60.0,2,1.0,16,8,7.0,2.0,2.0,12.0
1,39,1,1,2174,1677.0,23,43.0,1,1.0,24,1,31.0,9.0,7.0,21.0
1,24,2,2,214,,NIU,,1,1.0,29,3,13.0,,,
2,17,2,2,76,,NIU,,1,1.0,25,4,13.0,,,
1,36,1,1,1088,530.0,21,41.0,1,1.0,5,10,26.0,9.0,3.0,7.0
2,41,1,1,83,484.0,25,57.0,1,1.0,12,7,15.0,13.0,11.0,28.0
1,19,2,2,326,,NIU,,1,1.0,28,10,2.0,,,
1,27,2,2,2,,NIU,,1,1.0,19,3,15.0,,,
1,35,1,1,5,7.0,22,40.0,1,1.0,7,1,2.0,5.0,10.0,22.0
1,15,2,2,1018,,NIU,,1,1.0,35,7,22.0,,,
1,38,1,1,945,542.0,28,38.0,1,1.0,1,11,25.0,17.0,1.0,23.0
2,49,1,1,410,221.0,14,57.0,1,1.0,36,4,4.0,36.0,7.0,19.0
1,25,2,2,1113,,NIU,,1,1.0,29,11,11.0,,,
1,40,1,1,446,256.0,19,45.0,1,1.0,2,9,8.0,2.0,8.0,8.0
1,26,1,1,1372,908.0,24,28.0,1,1.0,30,12,7.0,25.0,1.0,21.0
1,20,1,2,726,443.0,19,25.0,1,1.0,27,10,7.0,26.0,9.0,28.0
1,21,2,2,831,,NIU,,2,2.0,23,3,11.0,,,
1,33,1,1,1336,858.0,18,35.0,1,1.0,22,10,12.0,7.0,4.0,5.0
2,28,3,1,302,242.0,20,,1,1.0,19,4,11.0,8.0,5.0,8.0
1,45,2,2,412,,NIU,,1,1.0,4,12,1.0,,,
1,36,1,1,354,219.0,24,39.0,1,1.0,5,2,30.0,20.0,9.0,7.0
1,44,1,1,1186,794.0,21,47.0,1,1.0,16,1,12.0,15.0,4.0,11.0
1,46,3,2,120,550.0,34,,3,,4,10,13.0,16.0,5.0,1.0
1,49,1,1,943,325.0,31,49.0,1,1.0,36,12,19.0,1.0,1.0,3.0
2,38,1,1,522,1180.0,21,43.0,1,1.0,1,5,23.0,21.0,1.0,22.0
2,30,1,1,942,594.0,25,31.0,1,1.0,9,2,31.0,3.0,3.0,1.0
1,34,1,2,149,12.0,28,30.0,1,1.0,15,7,10.0,3.0,1.0,7.0
1,28,1,1,2173,1676.0,23,30.0,1,1.0,19,10,25.0,3.0,12.0,16.0
1,21,2,2,416,,NIU,,1,1.0,21,11,1.0,,,
1,47,1,1,776,459.0,33,47.0,1,1.0,8,8,2.0,7.0,3.0,2.0
1,27,1,1,1542,267.0,23,27.0,1,1.0,30,10,25.0,11.0,3.0,29.0
1,43,1,1,1595,600.0,38,43.0,1,1.0,16,12,17.0,3.0,3.0,25.0
1,27,1,1,694,38.0,24,32.0,1,1.0,30,5,16.0,6.0,3.0,19.0
2,30,2,2,1020,,NIU,,1,1.0,9,6,23.0,,,
1,49,1,1,97,270.0,25,49.0,1,1.0,6,1,28.0,24.0,1.0,9.0
2,46,1,1,1406,977.0,35,43.0,1,1.0,4,7,9.0,20.0,10.0,25.0
1,34,1,1,1605,1268.0,21,35.0,1,1.0,15,6,18.0,5.0,7.0,10.0
1,22,2,2,1167,,NIU,,1,1.0,23,10,7.0,,,
1,45,3,1,789,402.0,25,,1,1.0,11,1,26.0,2.0,12.0,8.0
1,33,1,1,63,36.0,21,39.0,1,1.0,22,4,29.0,20.0,8.0,10.0
2,36,1,1,121,111.0,18,48.0,1,1.0,5,9,25.0,21.0,10.0,25.0
1,43,2,2,67,,NIU,,1,1.0,16,3,18.0,,,
1,44,1,1,141,120.0,24,47.0,1,1.0,16,5,28.0,2.0,2.0,8.0
2,28,1,1,956,658.0,23,37.0,3,1.0,19,8,24.0,3.0,2.0,28.0
2,27,2,2,116,,NIU,,1,1.0,30,2,30.0,,,
2,19,2,2,1958,,NIU,,4,1.0,28,8,22.0,,,
2,45,1,1,850,1267.0,21,46.0,1,1.0,11,9,3.0,14.0,11.0,15.0
2,29,1,1,1606,1266.0,22,40.0,3,1.0,34,5,5.0,8.0,2.0,22.0
1,16,2,2,339,,NIU,,1,1.0,32,5,28.0,,,
2,36,1,1,279,76.0,27,37.0,1,1.0,5,11,7.0,12.0,6.0,21.0
2,35,3,2,196,65.0,25,,1,1.0,5,3,1.0,4.0,6.0,4.0
1,15,2,2,457,,NIU,,1,1.0,32,3,14.0,,,
1,17,2,2,586,,NIU,,3,,25,12,31.0,,,
1,34,1,1,1607,1265.0,21,37.0,1,1.0,15,7,4.0,5.0,12.0,18.0
1,20,2,2,604,,NIU,,1,1.0,21,12,7.0,,,
1,39,1,2,47,510.0,25,39.0,1,1.0,24,4,18.0,5.0,7.0,28.0
2,40,1,1,1645,1308.0,23,45.0,1,1.0,2,11,5.0,21.0,2.0,12.0
2,30,2,2,482,,NIU,,1,1.0,9,1,3.0,,,
2,44,3,1,1848,1379.0,16,,1,1.0,16,7,19.0,23.0,9.0,21.0
1,46,1,1,882,625.0,21,45.0,1,1.0,4,11,18.0,14.0,9.0,24.0
2,23,2,2,473,,NIU,,1,1.0,31,8,24.0,,,
1,49,1,1,741,508.0,23,49.0,1,1.0,6,2,14.0,19.0,3.0,9.0
1,48,1,1,1108,540.0,26,51.0,1,1.0,3,9,30.0,15.0,3.0,25.0
2,16,2,2,156,,NIU,,1,1.0,32,2,26.0,,,
2,47,1,1,357,149.0,21,48.0,1,1.0,8,8,5.0,19.0,11.0,10.0
1,26,1,1,1298,797.0,25,21.0,1,1.0,26,6,29.0,28.0,8.0,13.0
1,47,3,1,59,366.0,18,,1,1.0,8,1,29.0,30.0,2.0,10.0
1,49,1,1,490,359.0,22,54.0,1,1.0,6,5,9.0,23.0,10.0,8.0
1,48,1,1,1178,792.0,19,49.0,1,1.0,3,8,16.0,30.0,5.0,1.0
1,44,1,1,407,9.0,28,47.0,1,1.0,16,6,11.0,13.0,1.0,23.0
2,45,1,1,576,683.0,21,48.0,1,1.0,11,5,3.0,14.0,8.0,6.0
2,21,1,2,1407,602.0,18,30.0,1,1.0,21,7,26.0,25.0,1.0,26.0
1,17,2,2,84,,NIU,,1,1.0,33,2,25.0,,,
1,46,1,1,20,132.0,34,42.0,1,1.0,4,11,3.0,20.0,4.0,29.0
1,47,3,1,1386,978.0,23,,1,1.0,3,12,11.0,14.0,5.0,11.0
2,15,2,2,530,,NIU,,1,1.0,32,3,23.0,,,
1,30,2,2,379,,NIU,,1,1.0,9,5,27.0,,,
1,34,1,1,2196,1671.0,29,36.0,1,1.0,15,10,12.0,3.0,5.0,11.0
2,15,2,2,929,,NIU,,2,1.0,35,7,2.0,,,
1,42,3,1,765,527.0,24,,1,1.0,14,6,14.0,1.0,11.0,4.0
1,48,1,1,1440,80.0,21,49.0,1,1.0,3,2,17.0,23.0,1.0,1.0
1,49,1,1,129,56.0,27,52.0,1,1.0,6,10,5.0,18.0,6.0,30.0
1,18,2,2,2195,,NIU,,1,1.0,25,4,17.0,,,
1,26,2,2,1032,,NIU,,1,1.0,26,8,17.0,,,
1,30,1,1,511,322.0,17,32.0,1,1.0,9,2,1.0,16.0,4.0,26.0
1,45,1,2,450,338.0,27,49.0,1,1.0,11,8,16.0,1.0,7.0,9.0
2,49,1,1,594,1670.0,22,52.0,1,1.0,36,3,19.0,23.0,9.0,19.0
1,15,2,2,1801,,NIU,,1,1.0,35,8,16.0,,,
1,25,2,2,752,,NIU,,2,2.0,29,9,13.0,,,
1,28,1,1,596,279.0,21,28.0,1,1.0,19,7,9.0,8.0,2.0,29.0
1,40,1,1,1614,1261.0,25,45.0,1,1.0,12,4,15.0,9.0,10.0,6.0
2,40,1,1,327,157.0,27,41.0,1,1.0,2,10,28.0,5.0,10.0,19.0
2,46,1,2,843,448.0,19,47.0,1,1.0,4,2,26.0,23.0,10.0,7.0
2,23,2,2,111,,NIU,,1,1.0,17,9,14.0,,,
2,49,1,1,1208,1035.0,19,59.0,1,1.0,36,12,27.0,31.0,3.0,2.0
1,45,3,1,789,402.0,25,,1,1.0,11,1,26.0,2.0,12.0,8.0
1,34,1,2,742,509.0,32,35.0,1,1.0,15,2,3.0,25.0,2.0,7.0
1,47,1,1,646,415.0,19,49.0,1,1.0,8,5,8.0,29.0,3.0,19.0
1,42,1,1,35,60.0,21,42.0,1,1.0,14,8,2.0,18.0,2.0,19.0
2,19,2,2,61,,NIU,,1,1.0,27,4,3.0,,,
1,34,1,1,378,220.0,27,36.0,1,1.0,15,8,14.0,8.0,8.0,8.0
1,25,1,2,362,152.0,24,25.0,1,1.0,29,9,17.0,26.0,7.0,5.0
2,33,1,1,1503,1280.0,24,48.0,1,1.0,22,1,22.0,17.0,10.0,9.0
1,26,2,2,439,,NIU,,1,1.0,30,4,13.0,,,
1,41,1,1,283,14.0,30,42.0,1,1.0,12,4,21.0,4.0,4.0,3.0
2,40,1,1,1342,983.0,19,48.0,1,1.0,2,9,21.0,2.0,1.0,22.0
1,24,2,2,337,,NIU,,1,1.0,17,1,8.0,,,
1,41,1,1,2194,1669.0,24,42.0,1,1.0,12,11,4.0,13.0,1.0,18.0
1,45,1,1,335,212.0,35,43.0,1,1.0,11,6,22.0,4.0,12.0,21.0
1,25,2,2,1482,,NIU,,2,1.0,26,12,8.0,,,
1,31,2,2,343,,NIU,,1,1.0,18,12,29.0,,,
1,23,2,2,985,,NIU,,1,1.0,31,9,24.0,,,
2,45,1,1,547,308.0,18,47.0,1,1.0,11,7,5.0,19.0,6.0,20.0
2,34,1,1,68,715.0,29,31.0,1,1.0,15,8,3.0,3.0,10.0,2.0
2,45,1,1,166,95.0,14,52.0,1,1.0,4,3,10.0,32.0,2.0,6.0
1,30,1,1,644,997.0,27,33.0,1,1.0,9,7,23.0,6.0,10.0,13.0
2,43,3,1,290,199.0,22,,3,1.0,20,10,12.0,18.0,5.0,25.0
1,33,1,1,1615,1260.0,24,36.0,1,1.0,15,12,13.0,17.0,8.0,24.0
2,42,3,1,978,652.0,27,,1,1.0,14,5,20.0,9.0,2.0,21.0
1,28,1,1,505,241.0,22,37.0,1,1.0,19,11,3.0,10.0,8.0,6.0
2,40,1,1,46,277.0,17,45.0,1,1.0,2,8,12.0,24.0,3.0,15.0
1,23,3,1,934,876.0,15,,1,1.0,31,1,9.0,12.0,10.0,13.0
1,44,1,1,732,493.0,24,45.0,1,1.0,11,12,4.0,2.0,2.0,29.0
2,31,1,1,1371,515.0,22,33.0,1,1.0,10,4,21.0,12.0,2.0,13.0
2,40,3,1,1036,719.0,30,,1,1.0,2,1,3.0,17.0,4.0,1.0
1,22,2,2,840,,NIU,,3,,23,11,3.0,,,
1,22,1,2,253,214.0,20,24.0,1,1.0,23,10,27.0,28.0,4.0,20.0
2,36,1,1,804,438.0,19,39.0,1,1.0,5,4,24.0,13.0,6.0,13.0
1,46,1,1,592,239.0,22,51.0,1,1.0,8,12,6.0,14.0,8.0,15.0
1,40,1,1,930,712.0,30,40.0,1,1.0,2,1,12.0,17.0,7.0,16.0
1,38,3,1,458,303.0,18,,5,1.0,1,2,4.0,2.0,8.0,12.0
2,35,2,2,569,,NIU,,1,1.0,7,6,29.0,,,
2,30,1,1,671,372.0,20,29.0,3,,9,7,17.0,4.0,10.0,25.0
1,48,1,1,1158,948.0,29,54.0,2,1.0,3,7,1.0,22.0,11.0,8.0
1,44,1,1,251,115.0,26,45.0,1,1.0,16,9,16.0,1.0,12.0,24.0
2,24,1,1,479,327.0,18,27.0,1,1.0,17,8,14.0,10.0,3.0,2.0
1,30,1,2,447,254.0,28,28.0,1,1.0,9,6,3.0,25.0,6.0,9.0
1,20,2,2,469,,NIU,,1,1.0,27,10,29.0,,,
1,47,1,1,540,151.0,35,49.0,1,1.0,8,1,23.0,16.0,11.0,29.0
2,19,2,2,258,,NIU,,1,1.0,28,2,26.0,,,
1,25,2,2,500,,NIU,,1,1.0,29,2,27.0,,,
1,23,2,2,218,,NIU,,1,1.0,17,12,17.0,,,
1,49,1,1,803,491.0,19,59.0,1,1.0,6,7,17.0,31.0,10.0,16.0
1,18,2,2,12,,NIU,,1,1.0,25,10,27.0,,,
2,30,1,2,1185,793.0,30,20.0,1,1.0,9,5,1.0,26.0,8.0,13.0
2,29,1,1,637,827.0,24,31.0,4,1.0,9,4,19.0,3.0,2.0,30.0
2,27,1,2,213,112.0,24,24.0,1,1.0,30,7,21.0,25.0,4.0,11.0
2,22,2,2,678,,NIU,,1,1.0,23,5,25.0,,,
2,19,2,2,1093,,NIU,,1,1.0,28,2,9.0,,,
1,22,2,2,222,,NIU,,1,1.0,23,8,8.0,,,
1,48,1,1,584,245.0,22,55.0,1,1.0,3,1,11.0,19.0,3.0,31.0
2,38,1,1,1078,177.0,25,46.0,1,1.0,1,1,10.0,5.0,3.0,10.0
1,26,1,2,1655,1174.0,24,26.0,1,1.0,26,11,30.0,28.0,6.0,7.0
2,41,1,1,845,425.0,19,42.0,1,1.0,12,11,25.0,18.0,7.0,6.0
1,35,2,2,338,,NIU,,1,1.0,7,11,27.0,,,
1,30,1,1,88,47.0,27,30.0,1,1.0,9,2,21.0,6.0,2.0,27.0
1,30,1,2,267,991.0,29,27.0,1,,10,4,15.0,28.0,2.0,26.0
2,48,1,1,1143,820.0,18,58.0,1,1.0,6,12,26.0,32.0,11.0,20.0
1,38,3,1,1005,730.0,33,,1,1.0,1,5,22.0,3.0,2.0,16.0
1,48,3,1,1077,612.0,19,,1,1.0,3,6,5.0,30.0,2.0,11.0
1,23,2,2,241,,NIU,,3,,17,12,8.0,,,
1,20,2,2,2193,,NIU,,1,1.0,27,7,4.0,,,
2,22,3,1,113,48.0,13,,5,3.0,23,10,1.0,12.0,6.0,24.0
2,24,2,1,716,,NIU,,2,2.0,29,3,10.0,,,
2,36,1,1,1422,967.0,22,46.0,1,1.0,5,7,25.0,5.0,4.0,6.0
1,49,1,1,1053,738.0,21,57.0,1,1.0,36,3,8.0,29.0,8.0,26.0
2,24,2,2,436,,NIU,,1,1.0,29,4,20.0,,,
1,41,1,1,133,649.0,28,40.0,1,1.0,12,7,21.0,16.0,1.0,29.0
1,16,2,2,148,,NIU,,1,1.0,32,1,21.0,,,
1,34,3,1,68,230.0,25,,1,1.0,15,8,3.0,17.0,2.0,1.0
2,18,2,2,1616,,NIU,,1,1.0,25,9,22.0,,,
2,30,1,1,2192,1668.0,21,34.0,1,1.0,9,11,24.0,12.0,5.0,30.0
1,46,1,1,392,433.0,25,45.0,3,,4,9,25.0,2.0,10.0,3.0
2,34,1,1,238,160.0,30,33.0,2,1.0,15,7,25.0,6.0,1.0,9.0
1,41,3,1,391,16.0,18,,1,1.0,12,2,16.0,15.0,4.0,8.0
1,23,2,2,963,,NIU,,1,1.0,31,11,19.0,,,
1,41,1,1,395,179.0,27,40.0,1,1.0,12,2,6.0,7.0,12.0,30.0
1,25,2,2,11,,NIU,,1,1.0,26,3,24.0,,,
2,40,1,1,303,209.0,14,43.0,2,2.0,2,8,27.0,19.0,9.0,19.0
1,23,2,2,1096,,NIU,,1,1.0,31,1,12.0,,,
1,38,2,2,1,,NIU,,1,1.0,1,1,25.0,,,
2,41,1,1,1133,810.0,29,51.0,2,1.0,12,6,13.0,16.0,4.0,4.0
2,30,1,1,409,224.0,18,33.0,1,1.0,10,12,18.0,16.0,4.0,17.0
2,42,1,1,899,126.0,25,41.0,2,1.0,14,11,15.0,21.0,2.0,26.0
1,27,2,2,544,,NIU,,1,1.0,30,1,15.0,,,
1,35,1,1,1858,1376.0,20,39.0,4,1.0,7,11,22.0,9.0,11.0,16.0
1,19,2,2,480,,NIU,,1,1.0,27,3,8.0,,,
1,49,1,1,741,508.0,23,49.0,1,1.0,6,2,14.0,19.0,3.0,9.0
2,38,1,1,1387,992.0,25,40.0,1,1.0,1,5,7.0,5.0,1.0,29.0
1,25,2,2,82,,NIU,,1,1.0,26,4,22.0,,,
1,49,3,1,169,301.0,20,,1,1.0,36,3,13.0,31.0,11.0,18.0
1,41,1,1,287,188.0,26,46.0,1,1.0,14,12,8.0,9.0,2.0,19.0
1,20,1,2,19,54.0,19,21.0,1,1.0,27,9,14.0,26.0,9.0,10.0
2,45,1,1,850,1267.0,21,46.0,1,1.0,11,9,3.0,14.0,11.0,15.0
2,42,1,1,538,330.0,40,43.0,1,1.0,20,4,22.0,6.0,3.0,30.0
1,25,2,2,434,,NIU,,1,1.0,29,1,27.0,,,
2,42,1,1,1335,533.0,22,45.0,1,1.0,14,11,14.0,2.0,2.0,22.0
1,25,1,2,405,30.0,25,26.0,1,1.0,29,5,15.0,26.0,1.0,6.0
2,15,2,2,832,,NIU,,1,1.0,35,7,15.0,,,
1,40,1,1,1619,1064.0,22,42.0,1,1.0,2,2,19.0,21.0,4.0,5.0
2,24,3,1,277,216.0,20,,1,1.0,17,8,3.0,6.0,6.0,20.0
1,49,1,1,204,117.0,21,54.0,1,1.0,6,11,10.0,29.0,3.0,14.0
1,33,1,1,2212,1689.0,23,33.0,1,1.0,15,3,20.0,4.0,1.0,3.0
2,43,1,1,854,993.0,30,39.0,1,1.0,20,4,5.0,16.0,2.0,14.0
1,18,2,2,597,,NIU,,1,1.0,25,2,21.0,,,
2,30,1,1,670,383.0,19,34.0,1,1.0,9,4,27.0,4.0,2.0,5.0
1,19,2,2,986,,NIU,,3,1.0,28,10,21.0,,,
1,44,1,2,502,247.0,28,50.0,3,,16,1,25.0,9.0,1.0,22.0
2,35,1,1,2211,1688.0,21,35.0,1,1.0,5,12,10.0,7.0,4.0,14.0
2,36,1,1,279,76.0,27,37.0,1,1.0,5,11,7.0,12.0,6.0,21.0
1,22,1,1,2210,1687.0,19,30.0,1,1.0,23,8,11.0,6.0,1.0,7.0
2,34,1,2,532,260.0,24,34.0,1,1.0,15,10,19.0,4.0,10.0,24.0
1,36,1,1,2209,1686.0,23,36.0,1,1.0,5,7,23.0,5.0,10.0,29.0
1,46,1,1,1381,462.0,22,47.0,1,1.0,8,12,4.0,14.0,2.0,3.0
2,29,1,1,1306,589.0,24,36.0,1,1.0,34,6,30.0,3.0,4.0,29.0
1,45,3,1,1829,1395.0,36,,1,1.0,4,12,31.0,17.0,1.0,5.0
1,16,2,2,1184,,NIU,,1,1.0,32,9,8.0,,,
1,38,1,2,6,3.0,31,37.0,1,1.0,1,11,10.0,10.0,5.0,30.0
1,26,3,1,723,344.0,20,,1,1.0,26,11,20.0,10.0,3.0,5.0
1,44,1,1,251,115.0,26,45.0,1,1.0,16,9,16.0,1.0,12.0,24.0
1,43,1,1,591,238.0,32,50.0,1,1.0,20,2,4.0,4.0,4.0,28.0
2,37,1,1,107,37.0,25,37.0,1,1.0,13,2,27.0,16.0,2.0,19.0
1,16,2,2,1102,,NIU,,1,1.0,32,7,28.0,,,
2,38,3,1,1060,144.0,22,,1,1.0,1,7,1.0,13.0,3.0,17.0
1,45,1,1,947,994.0,19,70.0,1,1.0,11,6,2.0,19.0,10.0,9.0
1,34,1,1,414,206.0,28,35.0,1,1.0,15,6,13.0,10.0,3.0,26.0
2,49,1,1,36,240.0,20,52.0,1,1.0,6,4,10.0,30.0,3.0,2.0
1,31,2,2,343,,NIU,,1,1.0,18,12,29.0,,,
2,41,1,1,272,207.0,19,43.0,1,1.0,12,6,14.0,15.0,7.0,14.0
1,34,1,1,1605,1268.0,21,35.0,1,1.0,15,6,18.0,5.0,7.0,10.0
1,31,1,1,350,1112.0,21,35.0,1,1.0,10,9,26.0,17.0,1.0,2.0
2,26,2,2,634,,NIU,,3,1.0,26,7,8.0,,,
1,39,1,1,58,35.0,21,48.0,1,1.0,24,11,23.0,1.0,3.0,31.0
1,38,1,1,1164,202.0,23,41.0,2,1.0,1,5,12.0,9.0,1.0,24.0
2,26,2,2,1946,,NIU,,1,1.0,26,10,3.0,,,
1,25,1,1,1676,1253.0,21,34.0,1,1.0,29,5,6.0,11.0,12.0,8.0
2,41,1,1,280,1252.0,36,44.0,1,1.0,12,6,11.0,3.0,5.0,8.0
2,19,2,2,1093,,NIU,,1,1.0,28,2,9.0,,,
1,43,3,1,573,278.0,18,,1,1.0,20,5,31.0,14.0,9.0,28.0
1,48,1,1,478,24.0,27,50.0,1,1.0,3,2,12.0,2.0,9.0,20.0
2,31,1,1,2208,1685.0,14,38.0,1,1.0,10,9,18.0,13.0,10.0,28.0
2,37,2,2,964,,NIU,,1,1.0,13,8,2.0,,,
1,20,1,2,726,443.0,19,25.0,1,1.0,27,10,7.0,26.0,9.0,28.0
1,49,3,1,13,8.0,27,,1,1.0,36,3,9.0,15.0,1.0,28.0
1,31,1,1,1457,865.0,19,32.0,1,1.0,10,2,31.0,20.0,4.0,30.0
2,29,1,1,1677,1251.0,27,30.0,1,1.0,34,6,5.0,25.0,10.0,29.0
2,40,1,1,312,171.0,23,43.0,1,1.0,2,7,28.0,21.0,2.0,20.0
2,27,1,2,213,112.0,24,24.0,1,1.0,30,7,21.0,25.0,4.0,11.0
1,28,1,1,515,318.0,18,33.0,5,3.0,19,10,5.0,4.0,1.0,1.0
1,26,2,2,256,,NIU,,1,1.0,26,8,6.0,,,
1,36,1,1,160,1236.0,27,35.0,1,1.0,5,7,7.0,12.0,9.0,21.0
1,47,2,2,342,,NIU,,1,1.0,8,6,24.0,,,
1,36,1,1,219,113.0,16,41.0,1,1.0,5,8,28.0,2.0,7.0,1.0
1,20,2,2,2207,,NIU,,1,1.0,27,10,24.0,,,
1,46,1,1,1456,863.0,22,45.0,1,1.0,4,2,3.0,14.0,3.0,28.0
1,32,1,2,170,66.0,29,33.0,1,1.0,18,9,2.0,25.0,4.0,25.0
1,35,1,1,29,1684.0,23,41.0,1,1.0,7,8,18.0,16.0,10.0,24.0
2,21,2,2,1343,,NIU,,1,1.0,23,4,1.0,,,
1,31,1,1,45,26.0,26,33.0,1,1.0,10,1,14.0,11.0,5.0,5.0
1,42,1,1,1688,1211.0,32,42.0,1,1.0,14,6,24.0,4.0,4.0,16.0
1,39,2,2,1112,,NIU,,1,1.0,2,12,29.0,,,
2,31,1,1,134,1354.0,22,30.0,1,1.0,10,2,6.0,17.0,3.0,2.0
1,22,2,2,1167,,NIU,,1,1.0,23,10,7.0,,,
1,18,2,2,12,,NIU,,1,1.0,25,10,27.0,,,
1,47,1,1,1761,1179.0,26,52.0,1,1.0,8,5,28.0,18.0,1.0,6.0
1,47,1,1,142,82.0,28,46.0,1,1.0,8,3,17.0,1.0,7.0,28.0
1,21,2,2,2206,,NIU,,1,1.0,21,6,15.0,,,
1,26,2,2,87,,NIU,,1,1.0,26,1,16.0,,,
1,36,1,1,861,628.0,21,41.0,1,1.0,5,2,29.0,9.0,11.0,25.0
2,37,2,2,964,,NIU,,1,1.0,13,8,2.0,,,
2,46,1,1,1678,293.0,19,56.0,1,1.0,4,11,23.0,23.0,12.0,18.0
1,39,1,1,226,218.0,18,38.0,1,1.0,24,7,6.0,2.0,4.0,9.0
2,27,2,2,116,,NIU,,1,1.0,30,2,30.0,,,
1,46,1,1,871,634.0,25,48.0,1,1.0,4,5,26.0,18.0,1.0,5.0
1,26,2,2,439,,NIU,,1,1.0,30,4,13.0,,,
2,18,2,2,680,,NIU,,1,1.0,25,5,23.0,,,
2,23,2,2,974,,NIU,,1,1.0,31,1,10.0,,,
1,27,2,2,1679,,NIU,,4,4.0,30,8,25.0,,,
2,22,3,1,1030,703.0,14,,1,1.0,23,9,18.0,8.0,7.0,8.0
1,35,1,1,1344,1683.0,25,38.0,1,1.0,7,8,25.0,4.0,3.0,17.0
1,42,3,1,18,10.0,23,,1,1.0,14,9,18.0,1.0,9.0,27.0
2,48,1,1,549,94.0,32,56.0,3,1.0,6,3,4.0,13.0,9.0,24.0
1,49,3,1,13,8.0,27,,1,1.0,36,3,9.0,15.0,1.0,28.0
1,45,1,1,193,22.0,28,45.0,1,1.0,11,7,30.0,13.0,9.0,21.0
1,16,2,2,872,,NIU,,1,1.0,32,9,15.0,,,
2,46,2,2,668,,NIU,,1,1.0,4,5,8.0,,,
2,35,1,1,28,1.0,20,45.0,1,1.0,5,3,27.0,9.0,2.0,1.0
1,35,1,1,1680,1250.0,21,42.0,2,1.0,7,4,13.0,5.0,8.0,31.0
1,22,1,1,2205,752.0,19,27.0,1,1.0,23,7,7.0,25.0,1.0,23.0
1,42,1,1,1274,800.0,35,38.0,1,1.0,20,12,26.0,8.0,4.0,25.0
1,49,2,2,126,,NIU,,1,1.0,6,4,24.0,,,
1,37,1,1,876,408.0,29,35.0,1,1.0,13,3,18.0,8.0,1.0,5.0
2,37,1,1,797,431.0,21,39.0,1,1.0,13,9,2.0,13.0,3.0,31.0
2,43,1,1,1728,1249.0,24,52.0,1,1.0,20,1,5.0,22.0,12.0,16.0
2,24,1,1,461,320.0,20,24.0,3,,29,4,2.0,3.0,3.0,28.0
1,35,2,2,55,,NIU,,1,1.0,5,12,5.0,,,
2,21,2,2,295,,NIU,,1,1.0,21,5,12.0,,,
1,22,1,2,180,58.0,20,27.0,1,1.0,23,5,11.0,25.0,1.0,16.0
2,38,1,1,572,290.0,24,41.0,1,1.0,1,10,11.0,7.0,5.0,28.0
2,28,3,1,302,242.0,20,,1,1.0,19,4,11.0,8.0,5.0,8.0
2,35,2,2,919,,NIU,,1,1.0,7,1,1.0,,,
1,23,3,2,56,417.0,18,,1,1.0,17,3,8.0,3.0,10.0,20.0
1,49,1,1,606,363.0,30,54.0,1,1.0,6,5,6.0,22.0,3.0,28.0
2,33,1,1,822,472.0,16,41.0,1,1.0,15,12,18.0,21.0,12.0,18.0
2,48,1,1,866,78.0,21,50.0,1,1.0,3,11,17.0,23.0,8.0,31.0
2,15,2,2,94,,NIU,,5,2.0,35,7,10.0,,,
1,49,1,1,2228,1682.0,16,53.0,1,1.0,6,9,19.0,33.0,10.0,21.0
2,28,3,1,1881,1377.0,24,,1,1.0,19,2,11.0,6.0,6.0,21.0
2,38,1,1,1674,337.0,31,38.0,1,1.0,1,6,17.0,8.0,1.0,14.0
2,49,3,1,340,720.0,15,,1,1.0,6,6,3.0,35.0,5.0,26.0
1,45,2,2,341,,NIU,,1,1.0,4,12,11.0,,,
1,27,1,1,2227,1681.0,26,28.0,1,1.0,19,3,28.0,28.0,6.0,15.0
2,37,1,1,14,2.0,18,43.0,1,1.0,13,10,14.0,1.0,9.0,5.0
2,19,2,2,61,,NIU,,1,1.0,27,4,3.0,,,
1,28,2,2,633,,NIU,,1,1.0,19,2,10.0,,,
1,31,2,2,135,,NIU,,1,1.0,10,1,26.0,,,
2,19,2,2,61,,NIU,,1,1.0,27,4,3.0,,,
1,36,1,1,354,219.0,24,39.0,1,1.0,5,2,30.0,20.0,9.0,7.0
2,45,1,1,419,210.0,20,51.0,4,1.0,4,4,25.0,27.0,10.0,30.0
2,34,1,1,60,178.0,23,35.0,1,1.0,15,2,26.0,20.0,8.0,23.0
2,16,2,2,448,,NIU,,1,1.0,32,8,11.0,,,
1,21,2,2,2226,,NIU,,1,1.0,21,7,1.0,,,
1,30,2,2,158,,NIU,,1,1.0,9,1,28.0,,,
1,29,3,1,385,193.0,20,,1,1.0,9,12,31.0,17.0,4.0,14.0
2,15,2,2,16,,NIU,,5,3.0,35,10,11.0,,,
2,19,2,2,946,,NIU,,1,1.0,28,1,27.0,,,
2,27,1,1,1949,744.0,20,28.0,1,1.0,30,10,17.0,10.0,4.0,17.0
2,15,2,2,16,,NIU,,1,1.0,35,10,11.0,,,
1,20,2,2,1021,,NIU,,1,1.0,27,8,8.0,,,
1,22,2,2,1932,,NIU,,1,1.0,23,1,25.0,,,
1,31,1,1,1089,687.0,17,47.0,1,1.0,10,11,16.0,5.0,6.0,17.0
1,31,1,1,45,26.0,26,33.0,1,1.0,10,1,14.0,11.0,5.0,5.0
1,39,1,1,475,360.0,18,51.0,1,1.0,2,4,23.0,18.0,10.0,21.0
2,48,1,1,346,682.0,21,54.0,1,1.0,3,6,7.0,23.0,12.0,4.0
1,31,1,1,2225,1680.0,27,30.0,1,1.0,10,9,21.0,6.0,1.0,20.0
1,40,1,1,1477,822.0,19,46.0,3,,12,4,4.0,18.0,10.0,19.0
2,35,1,1,955,1711.0,23,58.0,1,1.0,7,5,31.0,20.0,6.0,22.0
2,30,1,1,817,498.0,20,30.0,1,1.0,9,2,13.0,17.0,4.0,18.0
1,29,1,1,1265,1270.0,24,28.0,1,1.0,34,2,28.0,3.0,3.0,9.0
1,44,1,1,770,51.0,19,47.0,5,3.0,16,6,22.0,27.0,9.0,16.0
2,17,2,2,1737,,NIU,,1,1.0,33,2,20.0,,,
1,48,3,1,756,421.0,25,,1,1.0,3,2,25.0,15.0,6.0,25.0
1,34,1,1,1252,913.0,18,36.0,1,1.0,15,2,25.0,9.0,6.0,13.0
1,17,2,2,767,,NIU,,1,1.0,33,1,23.0,,,
1,22,2,2,1312,,NIU,,1,1.0,23,9,4.0,,,
2,49,1,1,317,148.0,25,51.0,1,1.0,6,1,12.0,24.0,9.0,18.0
2,23,2,2,56,,NIU,,1,1.0,17,3,8.0,,,
2,42,1,1,1729,1241.0,18,48.0,1,1.0,20,12,28.0,14.0,10.0,13.0
1,46,1,1,894,579.0,13,48.0,5,1.0,4,2,27.0,34.0,1.0,19.0
1,48,1,1,880,663.0,17,52.0,1,1.0,6,3,15.0,32.0,4.0,5.0
1,48,1,1,593,80.0,21,53.0,1,1.0,3,6,11.0,23.0,1.0,1.0
1,25,2,2,1482,,NIU,,2,1.0,26,12,8.0,,,
1,35,1,1,29,231.0,21,37.0,1,1.0,7,8,18.0,7.0,1.0,7.0
1,40,2,2,387,,NIU,,1,1.0,2,1,10.0,,,
2,31,1,1,200,119.0,25,32.0,1,1.0,18,12,5.0,10.0,10.0,16.0
2,48,1,1,996,653.0,20,60.0,1,1.0,3,1,3.0,23.0,6.0,10.0
1,33,1,1,1313,473.0,19,37.0,1,1.0,22,11,5.0,7.0,2.0,6.0
1,31,1,1,1089,687.0,17,47.0,1,1.0,10,11,16.0,5.0,6.0,17.0
2,48,1,1,2224,1701.0,17,54.0,1,1.0,6,12,16.0,32.0,12.0,5.0
2,40,1,1,303,209.0,14,43.0,2,2.0,2,8,27.0,19.0,9.0,19.0
2,27,2,2,1613,,NIU,,2,1.0,30,2,23.0,,,
1,44,1,1,1225,751.0,26,58.0,2,2.0,11,9,12.0,1.0,8.0,11.0
1,40,3,1,428,249.0,19,,1,1.0,2,7,29.0,2.0,9.0,12.0
1,30,1,1,2223,1700.0,16,37.0,1,1.0,9,2,18.0,7.0,3.0,27.0
1,33,1,1,1535,1699.0,30,42.0,1,1.0,22,5,10.0,6.0,3.0,26.0
2,31,1,2,237,410.0,26,32.0,3,,18,4,20.0,3.0,1.0,13.0
2,41,1,1,280,2.0,23,42.0,1,1.0,12,6,11.0,1.0,9.0,5.0
1,17,2,2,586,,NIU,,3,,25,12,31.0,,,
1,45,1,1,982,705.0,32,47.0,1,1.0,11,6,14.0,5.0,11.0,15.0
1,25,2,2,829,,NIU,,1,1.0,26,12,2.0,,,
1,18,2,2,106,,NIU,,1,1.0,25,9,30.0,,,
1,35,1,1,5,7.0,22,40.0,1,1.0,7,1,2.0,5.0,10.0,22.0
1,49,1,1,606,363.0,30,54.0,1,1.0,6,5,6.0,22.0,3.0,28.0
1,33,1,1,1323,248.0,23,32.0,1,1.0,22,11,6.0,4.0,2.0,7.0
1,47,1,1,142,82.0,28,46.0,1,1.0,8,3,17.0,1.0,7.0,28.0
1,49,1,1,430,374.0,21,51.0,1,1.0,6,7,4.0,29.0,10.0,29.0
1,49,3,1,1314,963.0,17,,2,1.0,6,1,18.0,32.0,1.0,3.0
1,49,1,1,501,618.0,20,51.0,1,1.0,6,5,8.0,30.0,11.0,23.0
2,37,1,1,2222,1698.0,18,41.0,1,1.0,13,6,28.0,22.0,2.0,13.0
1,35,1,1,1229,923.0,20,40.0,1,1.0,7,8,7.0,9.0,3.0,28.0
1,17,2,2,367,,NIU,,1,1.0,33,1,25.0,,,
1,22,1,2,476,287.0,21,25.0,1,1.0,23,7,6.0,26.0,6.0,30.0
2,32,1,1,66,15.0,19,39.0,4,1.0,18,2,22.0,5.0,2.0,29.0
1,20,2,2,137,,NIU,,1,1.0,21,9,12.0,,,
2,48,1,1,1730,1240.0,19,52.0,1,1.0,3,7,26.0,29.0,6.0,20.0
2,26,3,2,1132,809.0,25,,1,1.0,30,12,14.0,28.0,9.0,1.0
1,31,1,1,249,136.0,24,34.0,1,1.0,10,7,18.0,8.0,11.0,22.0
1,47,1,2,64,29.0,26,50.0,1,1.0,8,4,6.0,2.0,1.0,27.0
1,30,1,1,1532,1073.0,25,35.0,1,1.0,9,1,30.0,3.0,10.0,11.0
2,38,1,1,522,15.0,25,38.0,1,1.0,1,5,23.0,5.0,2.0,29.0
1,21,2,2,477,,NIU,,1,1.0,23,3,9.0,,,
2,15,2,2,608,,NIU,,1,1.0,35,8,19.0,,,
1,35,2,2,338,,NIU,,1,1.0,7,11,27.0,,,
1,35,3,2,1066,709.0,28,,2,2.0,7,6,25.0,8.0,8.0,9.0
2,30,1,2,1185,793.0,30,20.0,1,1.0,9,5,1.0,26.0,8.0,13.0
2,22,2,2,839,,NIU,,3,,31,12,13.0,,,
1,18,2,2,105,,NIU,,1,1.0,25,6,28.0,,,
1,34,1,1,60,405.0,27,40.0,1,1.0,15,2,26.0,8.0,8.0,19.0
1,25,1,2,362,152.0,24,25.0,1,1.0,29,9,17.0,26.0,7.0,5.0
2,24,2,2,731,,NIU,,1,1.0,17,1,17.0,,,
1,40,1,1,393,154.0,22,46.0,1,1.0,2,2,11.0,1.0,1.0,17.0
2,42,1,1,422,51.0,16,46.0,1,1.0,14,10,5.0,27.0,9.0,16.0
1,48,1,1,27,18.0,27,52.0,1,1.0,3,1,21.0,2.0,5.0,9.0
2,43,1,1,185,208.0,23,47.0,1,1.0,20,6,17.0,2.0,8.0,22.0
1,38,1,1,1740,1275.0,28,39.0,1,1.0,24,3,10.0,4.0,10.0,19.0
2,16,2,2,174,,NIU,,1,1.0,33,3,23.0,,,
1,30,1,2,485,38.0,27,30.0,1,1.0,9,10,27.0,6.0,3.0,19.0
1,24,2,2,90,,NIU,,1,1.0,17,1,29.0,,,
1,24,1,1,1169,655.0,21,26.0,1,1.0,17,10,28.0,6.0,2.0,25.0
2,34,1,1,1556,1287.0,29,36.0,1,1.0,15,1,21.0,3.0,12.0,15.0
1,17,2,2,858,,NIU,,1,1.0,25,3,25.0,,,
2,15,2,2,16,,NIU,,1,1.0,35,10,11.0,,,
2,20,2,2,762,,NIU,,1,1.0,27,8,24.0,,,
1,36,1,1,976,711.0,21,41.0,1,1.0,5,11,28.0,9.0,2.0,11.0
1,23,1,1,299,211.0,23,31.0,1,1.0,17,4,17.0,28.0,12.0,7.0
2,28,1,1,826,615.0,22,30.0,4,1.0,19,5,16.0,10.0,10.0,4.0
1,48,3,1,756,421.0,25,,1,1.0,3,2,25.0,15.0,6.0,25.0
2,34,1,1,1534,252.0,28,42.0,2,1.0,15,7,12.0,10.0,5.0,1.0
1,34,2,2,225,,NIU,,1,1.0,15,2,5.0,,,
1,45,1,1,43,25.0,19,50.0,1,1.0,11,8,2.0,19.0,9.0,13.0
1,35,1,1,1731,1239.0,29,40.0,3,,5,3,16.0,10.0,5.0,12.0
1,32,1,1,2221,1697.0,21,34.0,1,1.0,22,12,27.0,16.0,11.0,15.0
1,47,1,1,455,945.0,18,49.0,1,1.0,8,1,8.0,29.0,7.0,2.0
1,39,2,2,1117,,NIU,,1,1.0,24,2,31.0,,,
2,24,1,1,649,744.0,18,27.0,1,1.0,29,9,24.0,10.0,4.0,17.0
2,22,2,2,1011,,NIU,,1,1.0,23,9,3.0,,,
2,35,1,1,1820,1238.0,17,42.0,1,1.0,5,4,8.0,1.0,1.0,4.0
1,40,1,1,50,253.0,20,41.0,1,1.0,2,2,17.0,2.0,8.0,7.0
2,42,1,1,609,370.0,15,48.0,3,1.0,20,3,30.0,23.0,8.0,30.0
1,34,1,2,663,486.0,31,31.0,1,1.0,15,6,7.0,6.0,9.0,6.0
2,17,2,2,456,,NIU,,4,1.0,33,1,21.0,,,
1,44,1,1,1253,914.0,38,46.0,1,1.0,16,8,25.0,10.0,4.0,30.0
2,19,2,2,61,,NIU,,1,1.0,27,4,3.0,,,
1,48,1,1,553,345.0,31,60.0,1,1.0,3,2,27.0,13.0,7.0,6.0
1,35,1,1,699,497.0,25,36.0,1,1.0,7,11,24.0,4.0,2.0,23.0
2,28,1,1,771,516.0,16,34.0,3,,19,9,19.0,16.0,2.0,9.0
1,30,2,2,835,,NIU,,1,1.0,10,3,29.0,,,
2,37,1,1,17,57.0,29,38.0,1,1.0,1,3,6.0,12.0,2.0,7.0
2,43,1,1,122,189.0,26,45.0,3,,16,3,19.0,21.0,6.0,3.0
2,47,1,1,184,13.0,16,51.0,1,1.0,8,1,2.0,31.0,9.0,10.0
1,27,2,2,2,,NIU,,1,1.0,19,3,15.0,,,
1,33,2,2,967,,NIU,,1,1.0,22,11,17.0,,,
1,21,2,2,313,,NIU,,1,1.0,21,11,22.0,,,
1,23,2,2,1059,,NIU,,1,1.0,31,6,21.0,,,
1,25,2,2,434,,NIU,,1,1.0,29,1,27.0,,,
2,27,1,1,1821,1237.0,22,30.0,1,1.0,30,9,28.0,3.0,12.0,7.0
1,38,1,1,1119,633.0,36,37.0,1,1.0,24,12,3.0,6.0,11.0,18.0
1,38,1,1,351,158.0,28,36.0,1,1.0,1,8,13.0,4.0,8.0,6.0
1,21,2,2,766,,NIU,,1,1.0,21,1,28.0,,,
1,17,2,2,84,,NIU,,1,1.0,33,2,25.0,,,
1,49,3,1,1139,180.0,20,,1,1.0,6,11,29.0,30.0,3.0,3.0
2,44,1,2,453,314.0,39,45.0,1,1.0,11,3,26.0,3.0,7.0,22.0
1,39,1,1,78,463.0,20,39.0,4,1.0,2,12,15.0,22.0,1.0,15.0
2,38,1,1,1368,564.0,28,40.0,4,1.0,24,3,16.0,4.0,1.0,6.0
2,49,1,1,1822,1696.0,19,55.0,1,1.0,6,5,31.0,31.0,5.0,4.0
1,49,1,1,65,159.0,34,53.0,1,1.0,6,4,18.0,7.0,7.0,30.0
2,48,1,1,1730,1240.0,19,52.0,1,1.0,3,7,26.0,29.0,6.0,20.0
2,32,1,1,1105,170.0,25,31.0,1,1.0,22,4,16.0,12.0,12.0,12.0
1,34,1,2,360,155.0,32,35.0,1,1.0,15,11,19.0,28.0,1.0,11.0
2,40,1,1,1342,983.0,19,48.0,1,1.0,2,9,21.0,2.0,1.0,22.0
1,48,1,1,1130,836.0,36,43.0,1,1.0,3,5,27.0,20.0,9.0,21.0
2,49,1,1,317,148.0,25,51.0,1,1.0,6,1,12.0,24.0,9.0,18.0
2,37,1,1,292,442.0,27,37.0,1,1.0,13,7,14.0,4.0,3.0,6.0
2,44,1,1,1465,1003.0,16,48.0,1,1.0,16,6,24.0,29.0,1.0,9.0
2,42,1,1,609,370.0,15,48.0,3,1.0,20,3,30.0,23.0,8.0,30.0
1,31,2,2,135,,NIU,,1,1.0,10,1,26.0,,,
1,31,1,2,125,492.0,28,32.0,1,1.0,10,9,23.0,25.0,7.0,24.0
1,36,1,1,1226,1727.0,26,36.0,1,1.0,5,4,29.0,17.0,9.0,7.0
1,16,2,2,1230,,NIU,,1,1.0,32,8,28.0,,,
1,30,1,1,1231,1726.0,24,38.0,1,1.0,9,9,11.0,10.0,3.0,29.0
1,22,2,2,86,,NIU,,1,1.0,23,7,16.0,,,
2,38,3,1,728,496.0,23,,1,1.0,1,7,22.0,7.0,6.0,17.0
1,45,1,1,43,25.0,19,50.0,1,1.0,11,8,2.0,19.0,9.0,13.0
1,38,1,2,870,616.0,34,32.0,4,4.0,1,10,25.0,11.0,3.0,30.0
1,27,2,2,2,,NIU,,1,1.0,19,3,15.0,,,
1,37,1,1,1502,1296.0,25,37.0,1,1.0,13,7,23.0,20.0,6.0,12.0
2,24,2,2,1494,,NIU,,1,1.0,29,9,7.0,,,
1,34,1,1,378,220.0,27,36.0,1,1.0,15,8,14.0,8.0,8.0,8.0
1,25,1,2,405,30.0,25,26.0,1,1.0,29,5,15.0,26.0,1.0,6.0
1,38,1,1,1043,605.0,27,54.0,1,1.0,1,2,9.0,20.0,1.0,18.0
1,37,1,1,717,445.0,27,52.0,1,1.0,13,10,25.0,4.0,7.0,6.0
2,29,2,2,1528,,NIU,,1,1.0,34,8,28.0,,,
1,36,1,1,294,172.0,21,40.0,1,1.0,5,9,6.0,7.0,6.0,8.0
1,27,2,2,2242,,NIU,,1,1.0,19,12,13.0,,,
1,41,1,1,652,390.0,21,43.0,4,4.0,12,6,7.0,2.0,4.0,20.0
2,19,2,2,528,,NIU,,2,1.0,28,8,9.0,,,
1,30,1,1,1892,1245.0,12,38.0,5,3.0,9,2,9.0,21.0,7.0,24.0
2,21,2,2,295,,NIU,,1,1.0,21,5,12.0,,,
1,37,1,1,1232,964.0,23,36.0,1,1.0,13,4,23.0,5.0,4.0,28.0
2,41,2,2,464,,NIU,,1,1.0,12,5,3.0,,,
1,45,3,1,246,133.0,22,,1,1.0,4,3,25.0,24.0,2.0,20.0
1,43,3,1,1262,1196.0,15,,1,1.0,20,11,8.0,23.0,5.0,12.0
1,34,2,2,225,,NIU,,1,1.0,15,2,5.0,,,
1,48,1,1,168,90.0,21,50.0,1,1.0,3,1,19.0,19.0,5.0,28.0
2,40,1,1,327,157.0,27,41.0,1,1.0,2,10,28.0,5.0,10.0,19.0
2,47,1,1,562,285.0,14,54.0,1,1.0,8,4,19.0,33.0,1.0,12.0
1,15,2,2,508,,NIU,,1,1.0,35,9,25.0,,,
2,29,3,1,1823,965.0,25,,1,1.0,9,4,7.0,11.0,1.0,24.0
1,27,2,2,685,,NIU,,1,1.0,30,4,17.0,,,
1,33,3,1,1054,737.0,17,,3,,22,4,12.0,9.0,6.0,4.0
1,41,2,2,264,,NIU,,1,1.0,12,10,22.0,,,
1,25,2,2,108,,NIU,,1,1.0,29,2,4.0,,,
2,42,1,1,747,52.0,21,48.0,2,1.0,14,8,1.0,18.0,1.0,1.0
2,44,1,1,897,574.0,19,50.0,3,,16,11,16.0,14.0,6.0,23.0
2,46,1,1,1678,293.0,19,56.0,1,1.0,4,11,23.0,23.0,12.0,18.0
1,22,2,2,1453,,NIU,,2,1.0,23,8,5.0,,,
1,48,1,1,36,196.0,20,62.0,1,1.0,6,4,10.0,29.0,1.0,20.0
2,40,1,1,1429,951.0,18,45.0,1,1.0,12,9,5.0,15.0,7.0,6.0
1,45,2,2,341,,NIU,,1,1.0,4,12,11.0,,,
1,22,2,2,222,,NIU,,1,1.0,23,8,8.0,,,
2,21,2,2,150,,NIU,,1,1.0,21,10,24.0,,,
1,49,1,1,129,56.0,27,52.0,1,1.0,6,10,5.0,18.0,6.0,30.0
1,48,1,1,553,345.0,31,60.0,1,1.0,3,2,27.0,13.0,7.0,6.0
1,33,3,1,1058,427.0,27,,1,1.0,15,4,21.0,10.0,10.0,19.0
1,17,2,2,657,,NIU,,3,,33,7,17.0,,,
1,46,2,2,195,,NIU,,1,1.0,4,9,20.0,,,
2,38,1,1,1435,9.0,22,52.0,1,1.0,1,5,17.0,13.0,1.0,23.0
2,45,1,1,2241,1725.0,25,50.0,1,1.0,11,9,23.0,2.0,12.0,16.0
1,43,3,1,1042,566.0,19,,1,1.0,20,9,20.0,24.0,5.0,23.0
1,31,1,2,440,129.0,30,32.0,1,1.0,18,4,19.0,28.0,1.0,28.0
2,17,2,2,1649,,NIU,,1,1.0,25,4,24.0,,,
1,31,1,1,2240,1724.0,20,40.0,2,1.0,10,1,20.0,20.0,2.0,4.0
1,29,1,1,1116,1715.0,26,34.0,1,1.0,34,6,28.0,6.0,5.0,6.0
1,40,2,2,387,,NIU,,1,1.0,2,1,10.0,,,
1,26,2,2,1282,,NIU,,1,1.0,26,10,17.0,,,
2,34,1,1,1824,1221.0,25,32.0,1,1.0,7,12,22.0,17.0,2.0,6.0
2,38,1,1,522,15.0,25,38.0,1,1.0,1,5,23.0,5.0,2.0,29.0
2,35,1,1,1626,603.0,20,38.0,1,1.0,7,8,2.0,9.0,7.0,26.0
1,36,1,1,140,987.0,34,37.0,1,1.0,13,12,3.0,25.0,2.0,21.0
2,35,1,1,2239,1714.0,25,37.0,1,1.0,7,1,10.0,17.0,9.0,24.0
1,40,1,1,446,256.0,19,45.0,1,1.0,2,9,8.0,2.0,8.0,8.0
1,36,1,1,2238,544.0,25,36.0,1,1.0,5,2,31.0,20.0,1.0,6.0
1,43,1,1,620,273.0,15,57.0,1,1.0,20,11,9.0,23.0,6.0,23.0
2,49,1,1,349,174.0,17,52.0,1,1.0,6,1,27.0,32.0,7.0,26.0
2,49,1,1,1016,563.0,23,48.0,1,1.0,36,12,5.0,19.0,2.0,12.0
1,35,1,1,80,203.0,27,35.0,1,1.0,7,11,12.0,8.0,10.0,14.0
2,23,1,2,396,222.0,20,24.0,1,1.0,17,3,5.0,6.0,7.0,16.0
2,43,1,1,825,461.0,20,43.0,1,1.0,20,1,6.0,15.0,7.0,27.0
1,48,1,1,1825,1220.0,35,65.0,1,1.0,3,8,2.0,5.0,2.0,30.0
2,19,2,2,42,,NIU,,1,1.0,28,10,1.0,,,
1,21,2,2,115,,NIU,,1,1.0,21,6,9.0,,,
1,31,1,1,1452,1001.0,21,40.0,1,1.0,10,6,22.0,4.0,6.0,22.0
1,42,1,1,812,464.0,31,43.0,3,,14,5,16.0,20.0,4.0,22.0
2,36,1,1,779,572.0,17,36.0,5,2.0,5,11,13.0,1.0,5.0,25.0
1,21,2,2,811,,NIU,,1,1.0,21,8,5.0,,,
2,17,2,2,353,,NIU,,1,1.0,25,3,17.0,,,
1,21,2,2,778,,NIU,,1,1.0,23,4,5.0,,,
2,40,1,1,1643,1163.0,22,55.0,1,1.0,2,7,17.0,1.0,10.0,18.0
1,24,1,2,2258,1713.0,23,31.0,1,1.0,17,1,15.0,26.0,1.0,14.0
2,48,1,1,1045,660.0,19,56.0,1,1.0,3,11,18.0,30.0,2.0,13.0
1,48,1,1,1505,1219.0,19,55.0,1,1.0,6,4,31.0,30.0,6.0,4.0
2,40,1,1,312,171.0,23,43.0,1,1.0,2,7,28.0,21.0,2.0,20.0
2,19,2,2,423,,NIU,,1,1.0,28,6,23.0,,,
1,22,2,2,222,,NIU,,1,1.0,23,8,8.0,,,
1,30,1,2,485,38.0,27,30.0,1,1.0,9,10,27.0,6.0,3.0,19.0
1,25,1,1,2257,1712.0,20,29.0,1,1.0,29,2,21.0,11.0,7.0,21.0
1,41,1,2,566,243.0,29,53.0,1,1.0,12,1,5.0,16.0,12.0,26.0
2,23,2,2,473,,NIU,,1,1.0,31,8,24.0,,,
2,19,2,2,1411,,NIU,,1,1.0,28,11,3.0,,,
1,42,1,1,1274,800.0,35,38.0,1,1.0,20,12,26.0,8.0,4.0,25.0
1,40,1,1,1654,1175.0,30,43.0,1,1.0,2,6,31.0,4.0,7.0,28.0
2,36,1,2,628,40.0,16,49.0,1,1.0,13,3,30.0,2.0,4.0,8.0
1,30,1,2,504,326.0,25,33.0,1,1.0,9,7,22.0,11.0,7.0,23.0
1,36,1,1,294,172.0,21,40.0,1,1.0,5,9,6.0,7.0,6.0,8.0
1,47,3,2,336,213.0,24,,1,1.0,8,6,29.0,24.0,8.0,4.0
1,22,1,2,1506,1218.0,20,23.0,1,1.0,23,11,21.0,28.0,4.0,29.0
1,19,2,2,248,,NIU,,1,1.0,27,12,27.0,,,
1,31,2,2,236,,NIU,,1,1.0,10,10,15.0,,,
1,37,1,1,398,235.0,23,44.0,1,1.0,13,1,31.0,5.0,4.0,10.0
1,31,1,1,1452,1001.0,21,40.0,1,1.0,10,6,22.0,4.0,6.0,22.0
1,47,1,1,59,478.0,25,51.0,1,1.0,8,1,29.0,15.0,3.0,23.0
2,26,1,1,853,739.0,22,31.0,1,1.0,26,11,28.0,6.0,6.0,13.0
1,32,2,2,22,,NIU,,1,1.0,18,7,19.0,,,
2,39,1,1,1383,920.0,26,39.0,1,1.0,24,11,26.0,16.0,6.0,4.0
1,39,1,2,47,510.0,25,39.0,1,1.0,24,4,18.0,5.0,7.0,28.0
1,15,2,2,508,,NIU,,1,1.0,35,9,25.0,,,
1,48,1,1,230,103.0,24,49.0,1,1.0,3,5,7.0,14.0,1.0,8.0
1,46,1,1,882,625.0,21,45.0,1,1.0,4,11,18.0,14.0,9.0,24.0
1,49,3,1,1051,28.0,36,,1,1.0,6,5,7.0,5.0,5.0,18.0
1,32,2,2,22,,NIU,,1,1.0,18,7,19.0,,,
1,37,1,1,844,451.0,18,41.0,1,1.0,1,4,5.0,22.0,5.0,11.0
1,17,2,2,586,,NIU,,3,,25,12,31.0,,,
1,20,2,2,469,,NIU,,1,1.0,27,10,29.0,,,
1,31,2,2,236,,NIU,,1,1.0,10,10,15.0,,,
1,37,1,1,876,408.0,29,35.0,1,1.0,13,3,18.0,8.0,1.0,5.0
1,42,1,1,286,16.0,19,44.0,1,1.0,14,1,17.0,15.0,4.0,8.0
2,17,2,2,1927,,NIU,,1,1.0,33,9,27.0,,,
2,43,1,1,975,724.0,21,43.0,1,1.0,20,11,30.0,18.0,1.0,11.0
2,31,1,1,1359,166.0,18,38.0,1,1.0,18,12,1.0,5.0,8.0,6.0
2,35,1,1,621,1743.0,23,37.0,2,,7,11,6.0,20.0,10.0,11.0
1,46,1,1,20,122.0,27,46.0,1,1.0,4,11,3.0,22.0,3.0,7.0
1,49,1,1,606,363.0,30,54.0,1,1.0,6,5,6.0,22.0,3.0,28.0
2,29,3,1,1823,965.0,25,,1,1.0,9,4,7.0,11.0,1.0,24.0
2,18,2,2,92,,NIU,,1,1.0,25,5,15.0,,,
2,46,2,2,541,,NIU,,1,1.0,4,10,16.0,,,
1,33,2,2,967,,NIU,,1,1.0,22,11,17.0,,,
2,36,1,1,804,438.0,19,39.0,1,1.0,5,4,24.0,13.0,6.0,13.0
1,48,1,1,36,196.0,20,62.0,1,1.0,6,4,10.0,29.0,1.0,20.0
2,18,2,2,152,,NIU,,1,1.0,28,12,22.0,,,
2,43,3,1,1152,988.0,20,,1,1.0,20,5,7.0,24.0,12.0,7.0
1,49,1,1,635,989.0,27,56.0,1,1.0,36,3,11.0,15.0,3.0,17.0
1,36,2,2,792,,NIU,,2,1.0,5,5,23.0,,,
1,38,1,1,687,740.0,19,55.0,2,1.0,1,10,17.0,22.0,2.0,14.0
1,49,1,1,1953,1447.0,21,53.0,1,1.0,6,1,26.0,29.0,11.0,27.0
1,30,2,2,34,,NIU,,1,1.0,10,9,7.0,,,
1,42,1,1,887,553.0,19,47.0,1,1.0,14,6,27.0,24.0,12.0,22.0
1,40,1,1,605,364.0,29,39.0,1,1.0,2,5,5.0,4.0,6.0,20.0
1,16,2,2,2256,,NIU,,3,,32,11,27.0,,,
2,42,1,1,1962,1217.0,22,40.0,1,1.0,14,11,3.0,2.0,3.0,14.0
1,19,2,2,486,,NIU,,5,3.0,27,12,2.0,,,
1,42,1,1,244,142.0,23,44.0,1,1.0,14,1,7.0,1.0,9.0,28.0
1,32,1,2,170,66.0,29,33.0,1,1.0,18,9,2.0,25.0,4.0,25.0
1,31,1,2,440,129.0,30,32.0,1,1.0,18,4,19.0,28.0,1.0,28.0
1,25,2,2,539,,NIU,,1,1.0,29,7,1.0,,,
2,16,2,2,231,,NIU,,1,1.0,33,3,3.0,,,
1,21,1,1,1667,1103.0,17,23.0,1,1.0,21,5,28.0,6.0,6.0,17.0
2,42,1,1,1404,803.0,23,62.0,1,2.0,14,9,27.0,22.0,12.0,5.0
1,35,1,1,1226,1382.0,26,36.0,1,1.0,5,4,29.0,17.0,6.0,5.0
1,30,1,1,2255,1734.0,24,34.0,1,1.0,9,6,11.0,10.0,10.0,21.0
2,21,1,1,2254,817.0,19,34.0,1,1.0,21,11,6.0,25.0,8.0,6.0
1,48,1,1,168,90.0,21,50.0,1,1.0,3,1,19.0,19.0,5.0,28.0
1,25,1,1,1963,1208.0,22,29.0,1,1.0,29,2,24.0,25.0,6.0,7.0
1,36,1,1,922,555.0,22,44.0,1,1.0,5,6,30.0,7.0,4.0,15.0
1,26,2,2,1153,,NIU,,1,1.0,26,8,1.0,,,
2,16,2,2,209,,NIU,,3,,32,11,9.0,,,
2,45,1,1,493,309.0,21,48.0,1,1.0,11,5,29.0,14.0,5.0,21.0
1,36,1,1,270,261.0,25,40.0,1,1.0,13,4,4.0,20.0,8.0,4.0
1,35,2,2,602,,NIU,,1,1.0,7,4,27.0,,,
1,30,2,2,384,,NIU,,1,1.0,9,7,13.0,,,
1,39,1,1,58,35.0,21,48.0,1,1.0,24,11,23.0,1.0,3.0,31.0
2,48,1,1,268,137.0,27,48.0,1,1.0,3,10,21.0,18.0,3.0,11.0
2,42,1,1,909,554.0,25,39.0,1,1.0,14,7,18.0,21.0,12.0,29.0
1,37,1,1,153,74.0,21,36.0,1,1.0,13,4,7.0,9.0,10.0,25.0
1,36,1,1,1080,646.0,14,42.0,4,1.0,5,6,19.0,15.0,3.0,9.0
1,41,1,1,784,412.0,18,44.0,1,1.0,12,7,19.0,24.0,10.0,25.0
1,33,1,1,2253,1733.0,21,41.0,1,1.0,15,12,23.0,16.0,8.0,15.0
2,26,1,1,1056,1204.0,20,37.0,1,1.0,26,10,24.0,10.0,10.0,6.0
2,48,1,1,1134,1008.0,17,50.0,1,1.0,3,5,2.0,31.0,9.0,21.0
2,40,1,1,3,85.0,19,46.0,1,1.0,2,8,16.0,18.0,10.0,17.0
2,18,2,2,92,,NIU,,1,1.0,25,5,15.0,,,
1,45,3,1,39,190.0,18,,1,1.0,11,4,9.0,19.0,4.0,29.0
1,47,3,2,336,213.0,24,,1,1.0,8,6,29.0,24.0,8.0,4.0
1,35,1,1,24,286.0,28,35.0,3,,7,8,15.0,8.0,3.0,30.0
2,16,2,2,999,,NIU,,3,,32,8,14.0,,,
1,47,2,2,342,,NIU,,1,1.0,8,6,24.0,,,
1,45,2,2,163,,NIU,,1,1.0,11,8,10.0,,,
2,34,1,1,60,178.0,23,35.0,1,1.0,15,2,26.0,20.0,8.0,23.0
1,21,2,2,101,,NIU,,1,1.0,21,4,5.0,,,
2,40,1,1,242,1271.0,28,42.0,1,1.0,2,7,10.0,16.0,8.0,19.0
2,45,1,1,1100,684.0,17,49.0,1,1.0,4,12,18.0,29.0,3.0,24.0
1,31,2,2,135,,NIU,,1,1.0,10,1,26.0,,,
1,23,1,2,700,502.0,19,25.0,1,1.0,31,5,4.0,11.0,3.0,12.0
2,15,2,2,1500,,NIU,,1,1.0,35,11,20.0,,,
1,31,1,1,249,136.0,24,34.0,1,1.0,10,7,18.0,8.0,11.0,22.0
1,35,2,2,1862,,NIU,,1,1.0,5,3,10.0,,,
2,31,2,2,693,,NIU,,1,1.0,10,2,10.0,,,
1,42,3,1,10,271.0,23,,1,1.0,14,7,7.0,1.0,4.0,5.0
2,34,1,1,221,394.0,25,41.0,1,1.0,15,9,5.0,12.0,8.0,7.0
1,35,1,1,621,1203.0,28,39.0,2,1.0,7,11,6.0,10.0,7.0,13.0
1,45,1,1,43,25.0,19,50.0,1,1.0,11,8,2.0,19.0,9.0,13.0
1,43,3,1,794,525.0,19,,2,1.0,20,5,20.0,14.0,3.0,26.0
1,46,1,1,20,132.0,34,42.0,1,1.0,4,11,3.0,20.0,4.0,29.0
2,23,2,2,167,,NIU,,2,1.0,31,7,19.0,,,
1,19,2,2,188,,NIU,,1,1.0,28,1,1.0,,,
1,20,2,2,228,,NIU,,2,1.0,27,10,4.0,,,
1,45,1,1,1176,791.0,28,45.0,1,1.0,11,5,13.0,13.0,9.0,22.0
1,49,1,1,65,607.0,24,48.0,1,1.0,6,4,18.0,27.0,3.0,13.0
1,25,2,2,406,,NIU,,1,1.0,29,9,22.0,,,
1,48,2,2,388,,NIU,,1,1.0,6,12,1.0,,,
1,30,1,1,1145,1202.0,27,32.0,1,1.0,9,10,19.0,6.0,5.0,13.0
2,34,1,1,1527,1303.0,25,38.0,2,1.0,15,6,11.0,17.0,2.0,13.0
2,19,2,2,61,,NIU,,1,1.0,27,4,3.0,,,
1,42,3,1,151,164.0,23,,1,1.0,14,1,15.0,1.0,6.0,28.0
1,33,1,1,15,67.0,23,32.0,1,1.0,22,2,24.0,17.0,6.0,25.0
1,19,2,2,878,,NIU,,1,1.0,28,9,9.0,,,
1,22,2,2,217,,NIU,,1,1.0,23,9,30.0,,,
2,44,1,1,178,228.0,22,45.0,1,1.0,16,8,26.0,15.0,8.0,30.0
1,34,1,1,1610,1417.0,22,34.0,1,1.0,15,2,11.0,16.0,3.0,25.0
1,21,1,2,1501,1201.0,17,25.0,1,1.0,23,3,6.0,11.0,4.0,22.0
2,47,1,1,239,861.0,21,49.0,1,1.0,8,6,27.0,19.0,1.0,1.0
1,20,2,2,575,,NIU,,4,4.0,21,4,30.0,,,
2,26,2,2,1410,,NIU,,1,1.0,26,5,21.0,,,
1,49,3,1,48,68.0,17,,1,1.0,6,2,4.0,33.0,11.0,7.0
1,45,1,1,1182,387.0,30,39.0,1,1.0,4,4,27.0,9.0,5.0,6.0
1,45,1,1,1190,156.0,27,50.0,1,1.0,11,9,26.0,21.0,4.0,19.0
1,42,3,1,10,271.0,23,,1,1.0,14,7,7.0,1.0,4.0,5.0
2,15,2,2,706,,NIU,,1,1.0,35,9,6.0,,,
1,22,2,2,154,,NIU,,1,1.0,23,4,13.0,,,
2,35,1,1,29,696.0,16,38.0,1,1.0,7,8,18.0,1.0,6.0,19.0
1,46,2,2,252,,NIU,,1,1.0,4,9,22.0,,,
1,35,1,1,265,838.0,26,32.0,1,1.0,7,7,16.0,12.0,4.0,31.0
1,18,2,2,460,,NIU,,1,1.0,28,9,7.0,,,
2,39,3,2,639,404.0,29,,1,1.0,24,5,13.0,4.0,11.0,17.0
2,47,1,1,737,1200.0,16,54.0,1,1.0,8,11,22.0,32.0,8.0,28.0
2,17,2,2,625,,NIU,,1,1.0,33,6,13.0,,,
2,49,1,1,1355,831.0,21,53.0,2,1.0,6,6,19.0,29.0,12.0,1.0
2,40,2,2,641,,NIU,,1,1.0,2,2,21.0,,,
2,47,1,1,186,73.0,18,58.0,1,1.0,8,2,29.0,30.0,11.0,3.0
1,17,2,2,1936,,NIU,,1,1.0,25,4,16.0,,,
2,37,1,1,1212,1199.0,17,62.0,1,1.0,1,3,30.0,2.0,4.0,17.0
1,26,1,1,2275,1752.0,21,27.0,5,3.0,26,2,6.0,11.0,7.0,25.0
2,48,1,1,467,1190.0,22,50.0,1,1.0,6,3,17.0,23.0,11.0,30.0
1,23,2,2,274,,NIU,,1,1.0,31,10,17.0,,,
1,46,1,1,20,132.0,34,42.0,1,1.0,4,11,3.0,20.0,4.0,29.0
1,32,1,2,170,66.0,29,33.0,1,1.0,18,9,2.0,25.0,4.0,25.0
1,44,1,1,494,310.0,21,46.0,1,1.0,16,6,10.0,24.0,9.0,8.0
1,28,1,1,77,39.0,27,26.0,5,1.0,19,1,21.0,26.0,7.0,6.0
1,21,1,2,4,4.0,21,33.0,1,1.0,21,6,14.0,26.0,6.0,13.0
1,41,1,1,784,412.0,18,44.0,1,1.0,12,7,19.0,24.0,10.0,25.0
1,34,1,1,2274,1751.0,22,38.0,1,1.0,15,2,8.0,16.0,11.0,12.0
1,42,1,1,244,142.0,23,44.0,1,1.0,14,1,7.0,1.0,9.0,28.0
1,27,2,2,544,,NIU,,1,1.0,30,1,15.0,,,
1,33,1,1,1367,580.0,24,32.0,1,1.0,22,1,13.0,17.0,2.0,26.0
2,31,1,1,619,538.0,26,63.0,2,2.0,10,11,7.0,3.0,12.0,24.0
1,21,1,2,4,4.0,21,33.0,1,1.0,21,6,14.0,26.0,6.0,13.0
2,49,1,1,1129,835.0,18,56.0,1,1.0,36,4,29.0,32.0,9.0,9.0
2,20,2,2,1019,,NIU,,1,1.0,21,3,26.0,,,
1,49,1,1,1034,180.0,20,52.0,1,1.0,6,5,18.0,30.0,3.0,3.0
1,47,3,1,1386,978.0,23,,1,1.0,3,12,11.0,14.0,5.0,11.0
1,24,1,2,1062,586.0,21,23.0,1,1.0,17,8,25.0,6.0,12.0,29.0
1,37,1,1,487,258.0,16,45.0,4,1.0,13,5,4.0,2.0,6.0,6.0
1,41,3,1,1172,269.0,22,,1,1.0,12,2,2.0,1.0,9.0,26.0
1,22,2,2,86,,NIU,,1,1.0,23,7,16.0,,,
1,18,2,2,300,,NIU,,1,1.0,25,3,9.0,,,
1,29,1,1,2273,1750.0,22,44.0,1,1.0,9,3,24.0,8.0,9.0,6.0
1,32,1,1,187,101.0,24,39.0,1,1.0,18,11,26.0,8.0,7.0,14.0
2,28,1,1,956,658.0,23,37.0,3,1.0,19,8,24.0,3.0,2.0,28.0
2,46,1,1,1417,952.0,20,50.0,1,1.0,4,2,5.0,19.0,3.0,1.0
1,36,1,2,323,195.0,32,43.0,1,1.0,5,8,8.0,11.0,2.0,10.0
2,39,1,1,1146,808.0,22,44.0,2,2.0,24,1,20.0,21.0,2.0,22.0
2,23,1,2,396,222.0,20,24.0,1,1.0,17,3,5.0,6.0,7.0,16.0
1,36,1,1,1088,530.0,21,41.0,1,1.0,5,10,26.0,9.0,3.0,7.0
2,37,1,1,292,442.0,27,37.0,1,1.0,13,7,14.0,4.0,3.0,6.0
1,36,1,1,2272,1749.0,31,36.0,1,1.0,5,4,11.0,11.0,9.0,2.0
1,31,1,1,175,70.0,22,35.0,1,1.0,18,12,28.0,17.0,7.0,12.0
1,16,2,2,727,,NIU,,1,1.0,33,3,22.0,,,
1,37,2,2,310,,NIU,,1,1.0,13,5,16.0,,,
1,47,1,1,710,466.0,28,44.0,1,1.0,8,8,21.0,22.0,11.0,31.0
1,28,1,1,1079,697.0,20,40.0,1,1.0,34,12,27.0,17.0,11.0,18.0
1,41,1,1,1179,698.0,24,42.0,1,1.0,12,7,16.0,13.0,7.0,19.0
1,16,2,2,838,,NIU,,1,1.0,32,7,12.0,,,
2,41,1,1,1612,1162.0,19,60.0,1,1.0,14,4,25.0,15.0,2.0,11.0
2,30,1,2,379,654.0,29,31.0,1,1.0,9,5,27.0,28.0,2.0,7.0
1,38,1,1,1043,605.0,27,54.0,1,1.0,1,2,9.0,20.0,1.0,18.0
1,44,1,1,732,493.0,24,45.0,1,1.0,11,12,4.0,2.0,2.0,29.0
1,45,1,1,85,9.0,29,43.0,1,1.0,4,3,23.0,13.0,1.0,23.0
1,25,2,2,82,,NIU,,1,1.0,26,4,22.0,,,
1,43,1,1,402,175.0,34,41.0,1,2.0,20,1,26.0,12.0,7.0,27.0
2,31,1,2,34,128.0,29,24.0,1,1.0,10,9,7.0,28.0,4.0,3.0
2,43,1,1,1180,1009.0,33,36.0,1,1.0,20,2,11.0,4.0,2.0,30.0
1,45,3,1,332,769.0,19,,1,1.0,11,5,17.0,19.0,1.0,4.0
1,34,1,1,1602,1451.0,25,39.0,1,1.0,15,5,11.0,17.0,4.0,24.0
1,39,1,2,677,385.0,35,37.0,1,1.0,24,7,2.0,6.0,9.0,11.0
1,36,1,1,270,261.0,25,40.0,1,1.0,13,4,4.0,20.0,8.0,4.0
1,44,3,1,1886,1188.0,16,,1,1.0,16,7,24.0,29.0,2.0,7.0
1,36,2,2,160,,NIU,,1,1.0,5,7,7.0,,,
2,17,2,2,76,,NIU,,1,1.0,25,4,13.0,,,
2,47,3,1,355,165.0,17,,1,1.0,3,4,17.0,31.0,8.0,17.0
1,21,2,2,778,,NIU,,1,1.0,23,4,5.0,,,
1,22,1,2,180,58.0,20,27.0,1,1.0,23,5,11.0,25.0,1.0,16.0
1,38,3,1,2271,1747.0,26,,1,1.0,1,10,8.0,16.0,5.0,3.0
1,47,1,1,31,92.0,34,42.0,1,1.0,8,5,21.0,5.0,1.0,3.0
1,27,2,2,330,,NIU,,1,1.0,19,3,13.0,,,
1,49,1,1,466,336.0,20,51.0,1,1.0,6,7,6.0,30.0,8.0,12.0
1,49,1,1,427,790.0,19,44.0,1,1.0,6,1,23.0,30.0,4.0,25.0
2,47,1,1,455,770.0,20,50.0,1,1.0,8,1,8.0,19.0,5.0,22.0
2,29,1,1,1677,1251.0,27,30.0,1,1.0,34,6,5.0,25.0,10.0,29.0
1,20,2,2,228,,NIU,,2,1.0,27,10,4.0,,,
2,39,1,1,78,284.0,27,42.0,1,1.0,2,12,15.0,16.0,7.0,17.0
2,28,1,1,1887,1187.0,18,32.0,1,1.0,19,1,4.0,4.0,10.0,1.0
1,28,2,2,21,,NIU,,2,1.0,19,11,28.0,,,
1,44,3,1,809,400.0,23,,1,1.0,16,6,31.0,18.0,8.0,29.0
2,34,1,1,238,160.0,30,33.0,2,1.0,15,7,25.0,6.0,1.0,9.0
1,40,1,1,1120,714.0,28,41.0,1,1.0,2,11,24.0,16.0,2.0,17.0
2,37,1,1,17,57.0,29,38.0,1,1.0,1,3,6.0,12.0,2.0,7.0
1,39,1,1,26,202.0,24,45.0,3,1.0,2,3,24.0,9.0,1.0,24.0
1,48,3,2,768,430.0,19,,1,1.0,3,7,24.0,30.0,3.0,26.0
1,32,1,1,1955,1437.0,25,31.0,1,1.0,18,9,12.0,10.0,1.0,2.0
2,34,1,1,623,391.0,17,39.0,1,1.0,15,7,22.0,21.0,12.0,13.0
1,47,3,1,561,237.0,29,,1,1.0,3,3,19.0,1.0,7.0,18.0
1,21,2,2,689,,NIU,,1,1.0,21,9,26.0,,,
2,25,1,2,642,481.0,25,30.0,1,1.0,29,6,14.0,26.0,2.0,24.0
2,46,1,1,37,675.0,27,53.0,2,1.0,4,11,21.0,1.0,4.0,22.0
1,41,1,1,1402,833.0,19,53.0,1,1.0,12,10,29.0,15.0,2.0,13.0
1,34,1,1,2270,1746.0,26,30.0,5,3.0,7,3,22.0,12.0,3.0,31.0
2,48,1,1,1888,1186.0,21,49.0,1,1.0,3,9,19.0,23.0,2.0,24.0
1,22,2,2,171,,NIU,,1,1.0,31,12,8.0,,,
1,42,1,1,2269,1745.0,37,41.0,1,1.0,20,12,10.0,10.0,11.0,19.0
1,18,2,2,597,,NIU,,1,1.0,25,2,21.0,,,
2,28,2,2,139,,NIU,,1,1.0,19,2,8.0,,,
1,46,1,1,871,634.0,25,48.0,1,1.0,4,5,26.0,18.0,1.0,5.0
1,19,2,2,1970,,NIU,,1,1.0,28,5,25.0,,,
1,43,1,1,402,175.0,34,41.0,1,2.0,20,1,26.0,12.0,7.0,27.0
2,27,3,2,1940,1744.0,22,,1,1.0,30,8,13.0,3.0,4.0,24.0
1,35,1,1,503,692.0,21,45.0,3,,7,8,17.0,7.0,2.0,23.0
1,28,2,2,377,,NIU,,1,1.0,19,6,4.0,,,
1,27,1,2,828,480.0,25,27.0,1,1.0,30,8,20.0,28.0,6.0,6.0
1,42,1,1,286,16.0,19,44.0,1,1.0,14,1,17.0,15.0,4.0,8.0
1,34,2,2,296,,NIU,,1,1.0,7,4,18.0,,,
1,16,2,2,339,,NIU,,1,1.0,32,5,28.0,,,
2,28,3,1,302,242.0,20,,1,1.0,19,4,11.0,8.0,5.0,8.0
2,21,1,2,1407,602.0,18,30.0,1,1.0,21,7,26.0,25.0,1.0,26.0
1,45,1,1,85,9.0,29,43.0,1,1.0,4,3,23.0,13.0,1.0,23.0
1,35,2,2,602,,NIU,,1,1.0,7,4,27.0,,,
2,36,1,1,804,438.0,19,39.0,1,1.0,5,4,24.0,13.0,6.0,13.0
1,30,1,1,754,1305.0,27,31.0,1,1.0,9,11,4.0,25.0,5.0,8.0
2,23,2,2,474,,NIU,,1,1.0,31,2,27.0,,,
2,37,1,1,107,37.0,25,37.0,1,1.0,13,2,27.0,16.0,2.0,19.0
1,48,1,1,199,118.0,22,48.0,1,1.0,3,4,4.0,27.0,5.0,17.0
2,24,2,2,361,,NIU,,1,1.0,17,1,19.0,,,
1,40,1,2,1283,944.0,34,36.0,1,1.0,2,5,14.0,10.0,7.0,6.0
1,30,1,1,1895,1405.0,22,28.0,1,1.0,9,7,7.0,8.0,7.0,29.0
1,20,1,2,19,54.0,19,21.0,1,1.0,27,9,14.0,26.0,9.0,10.0
2,38,1,1,499,257.0,28,41.0,1,1.0,1,7,7.0,4.0,5.0,7.0
1,41,1,1,1623,1299.0,38,48.0,1,1.0,14,3,19.0,11.0,11.0,17.0
1,22,1,2,180,58.0,20,27.0,1,1.0,23,5,11.0,25.0,1.0,16.0
1,31,1,2,130,43.0,26,36.0,1,1.0,10,4,30.0,11.0,1.0,10.0
2,21,2,2,953,,NIU,,1,1.0,21,2,23.0,,,
1,22,1,2,253,214.0,20,24.0,1,1.0,23,10,27.0,28.0,4.0,20.0
1,35,1,1,1123,648.0,20,35.0,1,1.0,7,6,12.0,9.0,9.0,29.0
2,15,2,2,1889,,NIU,,1,1.0,35,11,1.0,,,
2,48,1,1,1134,1008.0,17,50.0,1,1.0,3,5,2.0,31.0,9.0,21.0
2,16,2,2,174,,NIU,,1,1.0,33,3,23.0,,,
2,19,2,2,1382,,NIU,,3,,28,1,12.0,,,
1,26,1,1,534,264.0,20,26.0,1,1.0,26,10,2.0,3.0,4.0,5.0
2,16,2,2,231,,NIU,,1,1.0,33,3,3.0,,,
1,40,1,1,33,134.0,25,46.0,1,1.0,2,8,6.0,9.0,11.0,15.0
2,19,2,2,2294,,NIU,,1,1.0,27,4,1.0,,,
1,34,1,2,360,155.0,32,35.0,1,1.0,15,11,19.0,28.0,1.0,11.0
1,36,1,1,1787,1185.0,20,39.0,2,,5,7,14.0,9.0,9.0,11.0
2,21,2,2,150,,NIU,,1,1.0,21,10,24.0,,,
1,32,1,1,2293,1775.0,26,33.0,1,1.0,22,4,26.0,10.0,4.0,11.0
1,34,2,2,296,,NIU,,1,1.0,7,4,18.0,,,
2,47,1,1,184,13.0,16,51.0,1,1.0,8,1,2.0,31.0,9.0,10.0
1,33,1,1,2292,1769.0,26,30.0,1,1.0,22,4,17.0,8.0,11.0,2.0
1,49,3,1,13,8.0,27,,1,1.0,36,3,9.0,15.0,1.0,28.0
1,40,3,1,3,21.0,27,,1,1.0,2,8,16.0,5.0,3.0,16.0
1,46,2,2,550,,NIU,,1,1.0,8,3,28.0,,,
2,35,1,1,80,644.0,13,42.0,1,1.0,7,11,12.0,18.0,7.0,4.0
2,15,2,2,1889,,NIU,,1,1.0,35,11,1.0,,,
1,36,1,1,1847,1380.0,28,36.0,1,1.0,5,1,7.0,8.0,4.0,22.0
2,20,2,2,1207,,NIU,,1,1.0,27,10,17.0,,,
1,44,1,1,1399,840.0,28,44.0,1,1.0,16,2,14.0,13.0,11.0,12.0
2,20,1,1,1756,1173.0,18,22.0,1,1.0,27,10,12.0,28.0,6.0,13.0
1,26,1,1,2291,1768.0,22,36.0,1,1.0,26,10,6.0,11.0,5.0,22.0
1,24,2,2,2290,,NIU,,1,1.0,17,2,14.0,,,
1,20,2,2,583,,NIU,,2,2.0,27,9,26.0,,,
1,48,1,1,818,517.0,18,57.0,1,1.0,3,11,6.0,30.0,6.0,25.0
1,48,1,1,230,103.0,24,49.0,1,1.0,3,5,7.0,14.0,1.0,8.0
2,35,1,1,673,380.0,19,38.0,1,1.0,7,7,11.0,9.0,6.0,18.0
1,28,1,1,77,39.0,27,26.0,5,1.0,19,1,21.0,26.0,7.0,6.0
1,24,2,2,1235,,NIU,,1,1.0,17,7,26.0,,,
1,39,1,1,2289,1767.0,25,40.0,1,1.0,2,12,16.0,9.0,11.0,27.0
1,49,1,1,97,558.0,23,48.0,1,1.0,6,1,28.0,27.0,5.0,25.0
1,47,1,1,1797,1365.0,23,48.0,1,1.0,3,4,11.0,14.0,6.0,13.0
2,49,1,1,987,1766.0,22,51.0,1,1.0,6,2,13.0,23.0,1.0,7.0
1,31,1,1,7,5.0,27,41.0,1,1.0,10,1,6.0,6.0,4.0,8.0
2,44,1,1,495,311.0,22,48.0,1,1.0,16,2,7.0,15.0,5.0,3.0
1,18,2,2,300,,NIU,,1,1.0,25,3,9.0,,,
2,25,2,2,669,,NIU,,1,1.0,29,11,9.0,,,
1,38,1,1,1753,1351.0,27,38.0,4,1.0,24,12,15.0,20.0,8.0,18.0
1,22,1,2,1506,1218.0,20,23.0,1,1.0,23,11,21.0,28.0,4.0,29.0
1,43,2,2,67,,NIU,,1,1.0,16,3,18.0,,,
1,32,1,1,1204,894.0,20,32.0,4,1.0,22,3,7.0,5.0,11.0,22.0
1,46,1,1,1014,156.0,29,43.0,1,1.0,4,8,8.0,21.0,4.0,19.0
1,24,2,2,497,,NIU,,1,1.0,17,7,24.0,,,
1,48,1,1,89,332.0,19,43.0,1,1.0,3,6,8.0,30.0,6.0,8.0
1,31,1,1,1752,1352.0,20,37.0,1,1.0,10,3,26.0,4.0,7.0,10.0
1,30,1,1,88,47.0,27,30.0,1,1.0,9,2,21.0,6.0,2.0,27.0
2,39,1,1,912,31.0,17,52.0,1,1.0,24,8,22.0,15.0,4.0,1.0
1,29,3,1,385,193.0,20,,1,1.0,9,12,31.0,17.0,4.0,14.0
2,33,3,1,733,424.0,24,,1,1.0,15,3,5.0,17.0,3.0,22.0
1,40,3,1,374,223.0,25,,1,1.0,12,12,13.0,9.0,3.0,12.0
1,42,3,1,18,10.0,23,,1,1.0,14,9,18.0,1.0,9.0,27.0
1,43,1,1,1189,890.0,29,45.0,1,1.0,20,4,13.0,7.0,11.0,20.0
1,23,2,2,274,,NIU,,1,1.0,31,10,17.0,,,
1,27,2,2,330,,NIU,,1,1.0,19,3,13.0,,,
1,49,1,1,551,343.0,22,47.0,1,1.0,6,8,5.0,23.0,5.0,10.0
2,44,1,1,1905,1323.0,19,55.0,1,1.0,16,8,1.0,27.0,12.0,13.0
1,19,2,2,326,,NIU,,1,1.0,28,10,2.0,,,
2,33,1,1,1444,762.0,20,38.0,4,4.0,22,10,14.0,5.0,1.0,11.0
1,43,1,1,591,238.0,32,50.0,1,1.0,20,2,4.0,4.0,4.0,28.0
2,35,1,1,28,1.0,20,45.0,1,1.0,5,3,27.0,9.0,2.0,1.0
1,23,2,2,418,,NIU,,1,1.0,31,7,16.0,,,
1,32,1,1,546,266.0,18,42.0,1,1.0,18,8,21.0,7.0,9.0,7.0
1,17,2,2,560,,NIU,,1,1.0,33,11,10.0,,,
2,44,1,1,877,599.0,16,50.0,1,1.0,11,4,11.0,29.0,5.0,12.0
1,45,3,1,2288,1765.0,31,,1,1.0,11,8,21.0,7.0,7.0,28.0
1,26,2,2,823,,NIU,,1,1.0,30,4,16.0,,,
1,49,3,1,13,8.0,27,,1,1.0,36,3,9.0,15.0,1.0,28.0
1,38,1,1,351,158.0,28,36.0,1,1.0,1,8,13.0,4.0,8.0,6.0
1,16,2,2,347,,NIU,,1,1.0,32,2,10.0,,,
1,35,2,2,55,,NIU,,1,1.0,5,12,5.0,,,
2,41,2,2,464,,NIU,,1,1.0,12,5,3.0,,,
1,15,2,2,995,,NIU,,3,1.0,35,5,24.0,,,
1,35,1,1,265,422.0,27,37.0,1,1.0,7,7,16.0,12.0,11.0,27.0
1,17,2,2,367,,NIU,,1,1.0,33,1,25.0,,,
2,18,2,2,935,,NIU,,1,1.0,25,9,13.0,,,
2,46,3,1,989,623.0,21,,1,1.0,4,2,28.0,27.0,8.0,17.0
2,48,1,1,595,288.0,18,56.0,1,1.0,3,8,4.0,31.0,12.0,14.0
1,31,1,1,7,5.0,27,41.0,1,1.0,10,1,6.0,6.0,4.0,8.0
2,19,2,2,1834,,NIU,,1,1.0,28,5,17.0,,,
1,22,2,2,1757,,NIU,,1,1.0,31,12,9.0,,,
1,48,3,1,322,519.0,15,,1,1.0,3,5,29.0,34.0,10.0,7.0
1,36,1,1,976,711.0,21,41.0,1,1.0,5,11,28.0,9.0,2.0,11.0
2,47,3,1,355,165.0,17,,1,1.0,3,4,17.0,31.0,8.0,17.0
2,38,1,1,1826,1392.0,18,37.0,1,1.0,1,8,24.0,2.0,9.0,1.0
1,30,1,1,2287,995.0,18,42.0,1,1.0,9,5,10.0,16.0,11.0,9.0
2,37,1,1,14,2.0,18,43.0,1,1.0,13,10,14.0,1.0,9.0,5.0
1,19,2,2,486,,NIU,,5,3.0,27,12,2.0,,,
1,48,1,1,36,196.0,20,62.0,1,1.0,6,4,10.0,29.0,1.0,20.0
2,49,1,1,1259,848.0,11,55.0,5,3.0,36,3,20.0,37.0,6.0,20.0
2,49,1,1,410,221.0,14,57.0,1,1.0,36,4,4.0,36.0,7.0,19.0
1,35,1,2,1758,1172.0,20,46.0,1,1.0,7,9,22.0,7.0,6.0,7.0
1,18,2,2,460,,NIU,,1,1.0,28,9,7.0,,,
2,34,2,2,1849,,NIU,,1,1.0,15,11,22.0,,,
1,21,2,2,115,,NIU,,1,1.0,21,6,9.0,,,
2,35,1,1,1022,716.0,22,39.0,1,1.0,7,10,21.0,16.0,4.0,13.0
1,31,2,2,135,,NIU,,1,1.0,10,1,26.0,,,
1,47,1,1,23,20.0,26,47.0,2,1.0,8,8,11.0,18.0,5.0,7.0
1,29,1,2,420,153.0,21,34.0,1,1.0,34,5,23.0,12.0,7.0,29.0
2,44,1,1,328,173.0,24,60.0,2,1.0,16,8,7.0,2.0,2.0,12.0
1,31,1,1,2286,1764.0,20,36.0,4,1.0,18,12,11.0,20.0,1.0,19.0
1,37,1,1,711,467.0,19,43.0,2,2.0,13,8,9.0,1.0,8.0,6.0
2,31,1,2,34,128.0,29,24.0,1,1.0,10,9,7.0,28.0,4.0,3.0
1,46,1,1,1217,898.0,19,50.0,1,1.0,8,3,1.0,23.0,3.0,9.0
1,41,3,1,391,16.0,18,,1,1.0,12,2,16.0,15.0,4.0,8.0
1,26,1,1,2285,1763.0,23,29.0,1,1.0,26,5,16.0,6.0,12.0,17.0
1,38,1,1,712,436.0,20,48.0,1,1.0,1,11,21.0,1.0,8.0,19.0
1,42,3,1,8,6.0,20,,2,1.0,14,10,30.0,15.0,2.0,28.0
1,46,1,1,392,433.0,25,45.0,3,,4,9,25.0,2.0,10.0,3.0
1,48,1,1,183,87.0,17,59.0,1,1.0,3,4,28.0,31.0,5.0,20.0
2,16,2,2,1704,,NIU,,4,1.0,32,7,16.0,,,
1,30,2,2,2310,,NIU,,1,1.0,9,6,19.0,,,
2,37,1,1,791,319.0,20,42.0,1,1.0,1,4,29.0,21.0,2.0,9.0
1,19,2,2,104,,NIU,,1,1.0,27,4,22.0,,,
2,46,2,2,668,,NIU,,1,1.0,4,5,8.0,,,
2,39,1,1,2309,1762.0,24,47.0,1,1.0,24,8,3.0,9.0,11.0,24.0
1,31,1,1,1719,1397.0,25,31.0,2,2.0,10,1,10.0,3.0,9.0,15.0
1,47,3,2,336,213.0,24,,1,1.0,8,6,29.0,24.0,8.0,4.0
1,42,1,1,35,60.0,21,42.0,1,1.0,14,8,2.0,18.0,2.0,19.0
1,16,2,2,445,,NIU,,1,1.0,33,9,2.0,,,
1,37,3,1,51,535.0,22,,5,3.0,1,3,21.0,13.0,12.0,10.0
1,16,2,2,543,,NIU,,1,1.0,33,12,29.0,,,
2,22,2,2,9,,NIU,,1,1.0,23,5,23.0,,,
1,28,1,1,377,1456.0,26,28.0,1,1.0,19,6,4.0,25.0,11.0,31.0
1,40,1,1,605,364.0,29,39.0,1,1.0,2,5,5.0,4.0,6.0,20.0
1,48,1,1,230,103.0,24,49.0,1,1.0,3,5,7.0,14.0,1.0,8.0
1,49,1,1,943,325.0,31,49.0,1,1.0,36,12,19.0,1.0,1.0,3.0
1,36,1,1,1347,996.0,17,53.0,1,1.0,5,5,24.0,1.0,6.0,27.0
2,40,1,1,50,292.0,29,44.0,1,1.0,2,2,17.0,20.0,8.0,1.0
1,38,1,2,6,3.0,31,37.0,1,1.0,1,11,10.0,10.0,5.0,30.0
2,48,1,1,250,127.0,29,48.0,1,1.0,3,8,25.0,1.0,6.0,14.0
1,30,1,1,88,47.0,27,30.0,1,1.0,9,2,21.0,6.0,2.0,27.0
1,35,1,1,621,272.0,28,38.0,2,1.0,7,11,6.0,10.0,9.0,24.0
1,37,2,2,310,,NIU,,1,1.0,13,5,16.0,,,
1,29,1,2,607,362.0,25,31.0,1,1.0,34,2,2.0,11.0,5.0,11.0
1,37,1,1,487,258.0,16,45.0,4,1.0,13,5,4.0,2.0,6.0,6.0
1,36,1,1,219,113.0,16,41.0,1,1.0,5,8,28.0,2.0,7.0,1.0
1,37,1,1,998,677.0,18,46.0,1,1.0,1,12,16.0,2.0,11.0,2.0
2,17,2,2,601,,NIU,,1,1.0,33,10,9.0,,,
2,25,2,2,669,,NIU,,1,1.0,29,11,9.0,,,
1,47,1,1,207,116.0,28,51.0,1,1.0,8,7,12.0,1.0,4.0,4.0
1,41,3,1,271,99.0,30,,1,1.0,12,7,28.0,4.0,1.0,4.0
1,38,3,1,110,49.0,21,,1,1.0,1,6,22.0,21.0,3.0,6.0
1,46,1,1,1073,595.0,20,45.0,1,1.0,4,2,1.0,27.0,7.0,28.0
1,24,2,2,90,,NIU,,1,1.0,17,1,29.0,,,
2,36,2,2,676,,NIU,,1,1.0,5,6,20.0,,,
2,24,1,1,1369,900.0,14,26.0,1,1.0,29,4,3.0,4.0,2.0,25.0
1,40,1,1,1685,1229.0,24,44.0,2,1.0,2,8,23.0,13.0,7.0,18.0
1,18,2,2,12,,NIU,,1,1.0,25,10,27.0,,,
1,22,2,2,86,,NIU,,1,1.0,23,7,16.0,,,
2,37,1,1,240,131.0,22,40.0,1,1.0,1,4,21.0,13.0,11.0,25.0
2,44,1,1,437,369.0,19,47.0,1,1.0,16,3,8.0,27.0,11.0,30.0
1,37,1,1,2308,1761.0,24,45.0,1,1.0,13,6,23.0,5.0,1.0,22.0
2,48,1,1,549,94.0,32,56.0,3,1.0,6,3,4.0,13.0,9.0,24.0
1,28,1,1,1974,1427.0,20,33.0,1,1.0,19,8,22.0,12.0,5.0,2.0
1,23,2,2,218,,NIU,,1,1.0,17,12,17.0,,,
1,45,1,1,335,212.0,35,43.0,1,1.0,11,6,22.0,4.0,12.0,21.0
1,16,2,2,1966,,NIU,,1,1.0,33,12,25.0,,,
2,32,1,1,760,317.0,22,34.0,3,,22,3,18.0,4.0,10.0,7.0
1,28,1,2,2307,1760.0,25,29.0,1,1.0,19,6,24.0,6.0,2.0,4.0
2,32,1,1,1681,1171.0,18,41.0,1,1.0,18,6,27.0,7.0,11.0,6.0
1,40,5,2,242,,NIU,,1,1.0,2,7,10.0,,,
1,16,2,2,1286,,NIU,,1,1.0,32,2,9.0,,,
1,34,1,1,2306,1791.0,23,40.0,1,1.0,15,6,1.0,20.0,12.0,15.0
1,30,1,2,177,282.0,24,29.0,1,1.0,9,3,7.0,3.0,2.0,9.0
1,47,1,1,776,459.0,33,47.0,1,1.0,8,8,2.0,7.0,3.0,2.0
1,32,1,1,22,298.0,28,40.0,1,1.0,18,7,19.0,6.0,4.0,28.0
2,49,1,1,527,13.0,18,56.0,1,1.0,6,11,3.0,31.0,9.0,10.0
2,33,1,1,822,472.0,16,41.0,1,1.0,15,12,18.0,21.0,12.0,18.0
2,25,2,2,813,,NIU,,1,1.0,29,8,3.0,,,
1,35,2,2,338,,NIU,,1,1.0,7,11,27.0,,,
1,27,1,1,2305,869.0,24,30.0,1,1.0,30,6,14.0,6.0,7.0,11.0
1,45,1,1,193,22.0,28,45.0,1,1.0,11,7,30.0,13.0,9.0,21.0
2,18,2,2,289,,NIU,,1,1.0,28,12,9.0,,,
1,34,1,2,1521,1453.0,20,39.0,1,1.0,15,2,27.0,7.0,3.0,14.0
1,41,1,1,74,168.0,20,46.0,1,1.0,12,8,22.0,18.0,1.0,13.0
2,40,2,2,641,,NIU,,1,1.0,2,2,21.0,,,
2,19,2,2,528,,NIU,,2,1.0,28,8,9.0,,,
1,30,1,1,2304,1790.0,25,28.0,4,1.0,9,4,10.0,11.0,7.0,8.0
1,23,2,2,403,,NIU,,1,1.0,31,6,12.0,,,
2,49,1,1,1129,835.0,18,56.0,1,1.0,36,4,29.0,32.0,9.0,9.0
2,18,2,2,152,,NIU,,1,1.0,28,12,22.0,,,
1,42,3,1,8,6.0,20,,2,1.0,14,10,30.0,15.0,2.0,28.0
1,48,1,1,183,87.0,17,59.0,1,1.0,3,4,28.0,31.0,5.0,20.0
1,37,1,1,235,955.0,20,34.0,1,1.0,13,3,25.0,21.0,11.0,17.0
2,38,1,1,2303,884.0,32,45.0,1,1.0,1,9,14.0,3.0,9.0,5.0
1,39,1,1,1461,882.0,21,49.0,1,1.0,24,4,12.0,21.0,5.0,14.0
1,37,1,1,844,451.0,18,41.0,1,1.0,1,4,5.0,22.0,5.0,11.0
2,29,2,2,1682,,NIU,,1,1.0,34,2,16.0,,,
2,15,2,2,1067,,NIU,,1,1.0,32,9,21.0,,,
2,48,1,1,1975,1426.0,19,59.0,3,,3,2,24.0,29.0,4.0,20.0
1,38,2,2,1362,,NIU,,1,1.0,1,1,26.0,,,
1,48,3,1,1683,1170.0,27,,1,1.0,3,10,5.0,18.0,12.0,20.0
1,21,2,2,115,,NIU,,1,1.0,21,6,9.0,,,
1,49,1,1,1472,182.0,26,48.0,1,1.0,6,2,25.0,24.0,1.0,16.0
1,15,2,2,599,,NIU,,1,1.0,35,6,15.0,,,
2,17,2,2,62,,NIU,,1,1.0,25,3,29.0,,,
1,25,2,2,82,,NIU,,1,1.0,26,4,22.0,,,
2,43,1,1,825,461.0,20,43.0,1,1.0,20,1,6.0,15.0,7.0,27.0
2,39,1,1,26,869.0,36,30.0,1,1.0,2,3,24.0,6.0,7.0,11.0
1,21,2,2,1094,,NIU,,1,1.0,23,12,22.0,,,
1,22,1,2,180,58.0,20,27.0,1,1.0,23,5,11.0,25.0,1.0,16.0
1,46,1,1,611,296.0,31,55.0,1,1.0,4,8,28.0,7.0,6.0,4.0
1,35,1,1,1010,671.0,20,37.0,1,1.0,7,5,19.0,9.0,2.0,18.0
1,47,1,1,646,415.0,19,49.0,1,1.0,8,5,8.0,29.0,3.0,19.0
2,43,1,1,132,639.0,25,40.0,4,1.0,20,5,11.0,1.0,7.0,11.0
1,36,2,2,1321,,NIU,,1,1.0,5,2,1.0,,,
2,42,1,1,565,349.0,24,53.0,1,1.0,14,10,20.0,1.0,2.0,13.0
1,31,2,2,135,,NIU,,1,1.0,10,1,26.0,,,
1,31,1,1,125,743.0,27,30.0,1,1.0,10,9,23.0,11.0,3.0,24.0
1,47,1,1,257,108.0,26,48.0,1,1.0,8,9,6.0,18.0,12.0,27.0
1,17,2,2,146,,NIU,,1,1.0,33,4,4.0,,,
1,36,1,1,1394,959.0,21,39.0,1,1.0,5,7,22.0,9.0,11.0,30.0
1,49,1,1,129,56.0,27,52.0,1,1.0,6,10,5.0,18.0,6.0,30.0
1,41,1,1,83,316.0,22,42.0,1,2.0,12,7,15.0,22.0,5.0,5.0
1,33,1,2,100,93.0,26,39.0,1,1.0,22,5,23.0,8.0,4.0,15.0
1,27,2,2,2,,NIU,,1,1.0,19,3,15.0,,,
1,46,2,2,550,,NIU,,1,1.0,8,3,28.0,,,
1,49,1,1,129,56.0,27,52.0,1,1.0,6,10,5.0,18.0,6.0,30.0
2,33,1,1,796,444.0,16,42.0,1,1.0,15,4,28.0,21.0,1.0,9.0
1,27,2,2,330,,NIU,,1,1.0,19,3,13.0,,,
2,44,1,2,453,314.0,39,45.0,1,1.0,11,3,26.0,3.0,7.0,22.0
1,25,2,2,11,,NIU,,1,1.0,26,3,24.0,,,
2,16,2,2,156,,NIU,,1,1.0,32,2,26.0,,,
1,44,1,1,251,115.0,26,45.0,1,1.0,16,9,16.0,1.0,12.0,24.0
1,33,1,1,275,186.0,20,37.0,1,1.0,22,10,26.0,5.0,8.0,3.0
1,34,2,2,225,,NIU,,1,1.0,15,2,5.0,,,
2,27,2,2,116,,NIU,,1,1.0,30,2,30.0,,,
2,44,1,1,1465,1003.0,16,48.0,1,1.0,16,6,24.0,29.0,1.0,9.0
1,33,3,1,1058,427.0,27,,1,1.0,15,4,21.0,10.0,10.0,19.0
1,20,3,1,981,689.0,19,,1,1.0,21,3,23.0,28.0,10.0,10.0
1,43,2,2,1354,,NIU,,1,1.0,16,4,8.0,,,
1,32,1,1,1276,759.0,23,36.0,1,1.0,18,11,28.0,17.0,11.0,19.0
1,17,2,2,1418,,NIU,,1,1.0,33,10,15.0,,,
2,48,1,1,1711,1159.0,22,50.0,1,1.0,3,7,30.0,19.0,5.0,1.0
2,33,1,1,368,147.0,21,40.0,1,1.0,22,2,17.0,16.0,10.0,26.0
1,36,1,1,147,32.0,23,38.0,1,1.0,5,1,31.0,16.0,7.0,2.0
1,29,1,2,119,871.0,25,28.0,1,1.0,34,1,10.0,11.0,10.0,24.0
2,28,2,2,139,,NIU,,1,1.0,19,2,8.0,,,
1,41,1,1,484,323.0,27,42.0,1,1.0,12,5,4.0,5.0,6.0,19.0
1,20,2,2,1325,,NIU,,4,1.0,27,6,17.0,,,
1,19,2,2,481,,NIU,,1,1.0,27,3,10.0,,,
1,15,2,2,940,,NIU,,1,1.0,35,1,4.0,,,
2,42,1,1,179,79.0,18,48.0,1,1.0,14,9,22.0,24.0,9.0,26.0
1,47,1,1,257,108.0,26,48.0,1,1.0,8,9,6.0,18.0,12.0,27.0
1,43,1,1,307,1.0,28,50.0,1,1.0,20,9,25.0,9.0,2.0,1.0
1,48,1,1,855,1290.0,16,51.0,4,4.0,3,6,1.0,33.0,10.0,10.0
2,46,1,2,843,448.0,19,47.0,1,1.0,4,2,26.0,23.0,10.0,7.0
2,25,1,1,509,297.0,18,31.0,1,1.0,29,6,23.0,8.0,3.0,20.0
2,20,2,2,1109,,NIU,,1,1.0,27,8,15.0,,,
2,25,2,2,259,,NIU,,1,1.0,26,3,23.0,,,
1,19,2,2,245,,NIU,,1,1.0,28,8,6.0,,,
1,34,1,1,1712,1156.0,32,38.0,1,1.0,7,12,4.0,25.0,3.0,17.0
2,38,1,1,2295,1780.0,21,42.0,2,1.0,1,9,28.0,13.0,8.0,1.0
2,49,1,1,1413,953.0,21,52.0,1,1.0,6,2,8.0,29.0,11.0,23.0
2,48,2,2,833,,NIU,,2,1.0,6,3,30.0,,,
1,31,1,1,1715,1113.0,20,36.0,2,1.0,18,12,31.0,20.0,4.0,2.0
1,22,2,2,1571,,NIU,,1,1.0,23,1,14.0,,,
2,15,2,2,1067,,NIU,,1,1.0,32,9,21.0,,,
1,49,1,1,501,618.0,20,51.0,1,1.0,6,5,8.0,30.0,11.0,23.0
1,47,1,1,455,945.0,18,49.0,1,1.0,8,1,8.0,29.0,7.0,2.0
1,26,2,2,439,,NIU,,1,1.0,30,4,13.0,,,
1,47,1,1,71,143.0,23,51.0,1,1.0,3,3,8.0,14.0,8.0,23.0
1,27,1,1,2326,1779.0,20,32.0,1,1.0,30,8,29.0,8.0,3.0,26.0
1,49,1,1,430,374.0,21,51.0,1,1.0,6,7,4.0,29.0,10.0,29.0
1,37,1,1,2325,1778.0,31,36.0,1,1.0,13,11,9.0,10.0,3.0,15.0
2,39,1,1,1572,1155.0,22,41.0,1,1.0,24,1,30.0,21.0,10.0,28.0
1,49,1,1,1320,929.0,19,58.0,3,,6,7,20.0,31.0,10.0,25.0
2,48,1,1,996,653.0,20,60.0,1,1.0,3,1,3.0,23.0,6.0,10.0
1,16,2,2,448,,NIU,,1,1.0,32,8,11.0,,,
1,49,3,1,13,8.0,27,,1,1.0,36,3,9.0,15.0,1.0,28.0
1,43,3,2,2324,1777.0,39,,4,1.0,20,9,21.0,11.0,12.0,19.0
1,23,2,2,241,,NIU,,3,,17,12,8.0,,,
2,44,1,1,432,373.0,18,49.0,1,1.0,11,3,21.0,19.0,5.0,16.0
1,24,2,2,819,,NIU,,1,1.0,17,6,6.0,,,
2,37,1,1,1212,1199.0,17,62.0,1,1.0,1,3,30.0,2.0,4.0,17.0
1,23,2,2,167,,NIU,,1,1.0,31,7,19.0,,,
1,36,1,1,121,1272.0,19,44.0,1,1.0,5,9,25.0,13.0,9.0,17.0
2,30,2,2,482,,NIU,,1,1.0,9,1,3.0,,,
1,44,1,2,502,247.0,28,50.0,3,,16,1,25.0,9.0,1.0,22.0
1,45,3,1,789,402.0,25,,1,1.0,11,1,26.0,2.0,12.0,8.0
1,36,2,2,1321,,NIU,,1,1.0,5,2,1.0,,,
1,38,1,1,2323,1776.0,20,41.0,1,1.0,1,7,23.0,1.0,3.0,27.0
1,38,1,1,2322,170.0,30,46.0,1,1.0,24,12,22.0,12.0,12.0,12.0
1,23,2,2,403,,NIU,,1,1.0,31,6,12.0,,,
2,44,1,1,328,173.0,24,60.0,2,1.0,16,8,7.0,2.0,2.0,12.0
1,48,3,1,1385,84.0,21,,1,1.0,3,5,14.0,23.0,1.0,15.0
1,35,1,1,1248,1024.0,22,39.0,1,1.0,7,9,18.0,5.0,3.0,18.0
1,35,1,1,2321,941.0,29,42.0,1,1.0,7,2,13.0,10.0,1.0,1.0
1,42,1,1,1401,755.0,31,40.0,1,1.0,14,6,20.0,20.0,3.0,31.0
1,22,2,2,571,,NIU,,1,1.0,23,1,6.0,,,
2,28,2,2,139,,NIU,,1,1.0,19,2,8.0,,,
2,23,2,2,438,,NIU,,1,1.0,31,2,14.0,,,
1,36,1,1,922,555.0,22,44.0,1,1.0,5,6,30.0,7.0,4.0,15.0
1,18,2,2,460,,NIU,,1,1.0,28,9,7.0,,,
2,27,3,1,1142,1026.0,17,,1,1.0,19,12,27.0,4.0,12.0,6.0
2,30,1,1,658,489.0,22,29.0,1,1.0,10,12,8.0,12.0,6.0,19.0
2,35,2,2,1366,,NIU,,1,1.0,7,8,29.0,,,
1,46,1,1,636,84.0,19,50.0,1,1.0,4,5,16.0,23.0,1.0,15.0
1,16,2,2,1184,,NIU,,1,1.0,32,9,8.0,,,
2,29,1,1,1116,799.0,20,37.0,1,1.0,34,6,28.0,17.0,8.0,29.0
1,30,1,1,1443,642.0,20,34.0,1,1.0,9,11,25.0,4.0,12.0,26.0
1,36,1,1,554,346.0,26,44.0,1,,5,7,3.0,4.0,11.0,6.0
1,24,2,2,197,,NIU,,1,1.0,17,1,20.0,,,
1,29,1,1,1675,1330.0,24,32.0,1,1.0,34,1,18.0,3.0,11.0,13.0
1,45,1,1,315,441.0,19,48.0,1,1.0,11,1,5.0,27.0,4.0,24.0
2,24,2,2,75,,NIU,,1,1.0,17,10,1.0,,,
1,27,1,2,492,361.0,21,28.0,1,1.0,19,12,26.0,10.0,2.0,16.0
1,34,1,1,2320,1807.0,26,35.0,1,1.0,15,9,9.0,8.0,5.0,7.0
1,38,1,1,684,506.0,29,47.0,1,1.0,1,8,7.0,17.0,10.0,27.0
2,49,1,1,1208,1035.0,19,59.0,1,1.0,36,12,27.0,31.0,3.0,2.0
1,16,2,2,401,,NIU,,1,1.0,32,10,21.0,,,
1,22,2,2,1312,,NIU,,1,1.0,23,9,4.0,,,
2,24,1,1,1599,969.0,20,26.0,1,1.0,29,3,17.0,11.0,1.0,18.0
2,27,1,1,1600,1154.0,22,31.0,1,1.0,30,6,31.0,3.0,11.0,20.0
1,28,1,1,2319,1806.0,25,33.0,4,1.0,19,10,11.0,6.0,8.0,31.0
1,32,1,1,564,62.0,30,41.0,1,1.0,22,3,9.0,25.0,6.0,21.0
2,22,2,2,678,,NIU,,1,1.0,23,5,25.0,,,
1,46,2,2,252,,NIU,,1,1.0,4,9,22.0,,,
1,48,1,1,1440,80.0,21,49.0,1,1.0,3,2,17.0,23.0,1.0,1.0
1,30,1,2,447,254.0,28,28.0,1,1.0,9,6,3.0,25.0,6.0,9.0
1,31,1,1,7,5.0,27,41.0,1,1.0,10,1,6.0,6.0,4.0,8.0
1,19,2,2,248,,NIU,,1,1.0,27,12,27.0,,,
1,34,1,1,2318,1805.0,31,34.0,1,1.0,7,3,12.0,6.0,2.0,7.0
2,38,1,1,1220,1232.0,21,43.0,2,2.0,1,4,18.0,13.0,2.0,7.0
1,29,1,2,243,141.0,26,34.0,1,1.0,34,2,25.0,6.0,5.0,16.0
2,22,2,2,288,,NIU,,2,1.0,23,9,25.0,,,
1,30,2,2,278,,NIU,,1,1.0,9,5,11.0,,,
2,33,2,2,1415,,NIU,,1,1.0,15,3,28.0,,,
1,37,1,1,224,121.0,28,35.0,1,1.0,13,5,2.0,12.0,9.0,19.0
2,15,2,2,2317,,NIU,,1,1.0,35,9,29.0,,,
1,31,1,1,25,11.0,25,36.0,1,1.0,10,2,3.0,3.0,4.0,10.0
1,29,1,1,2341,841.0,24,33.0,1,1.0,9,3,6.0,3.0,1.0,2.0
1,29,1,1,1191,1029.0,20,38.0,1,1.0,34,9,7.0,12.0,9.0,22.0
2,42,1,1,704,465.0,23,42.0,1,1.0,14,9,30.0,22.0,11.0,16.0
2,20,2,2,869,,NIU,,1,1.0,27,2,11.0,,,
2,27,2,2,116,,NIU,,1,1.0,30,2,30.0,,,
2,49,1,1,465,259.0,20,49.0,1,1.0,6,11,13.0,29.0,9.0,25.0
1,33,1,1,15,67.0,23,32.0,1,1.0,22,2,24.0,17.0,6.0,25.0
1,29,1,2,607,362.0,25,31.0,1,1.0,34,2,2.0,11.0,5.0,11.0
1,36,1,2,323,195.0,32,43.0,1,1.0,5,8,8.0,11.0,2.0,10.0
1,33,3,1,1058,427.0,27,,1,1.0,15,4,21.0,10.0,10.0,19.0
1,49,1,1,943,325.0,31,49.0,1,1.0,36,12,19.0,1.0,1.0,3.0
2,23,2,2,2340,,NIU,,1,1.0,17,3,12.0,,,
1,44,3,1,1886,1188.0,16,,1,1.0,16,7,24.0,29.0,2.0,7.0
1,43,1,1,1068,581.0,20,48.0,1,1.0,20,6,9.0,24.0,2.0,1.0
2,15,2,2,1624,,NIU,,1,1.0,35,11,8.0,,,
1,31,1,1,1242,483.0,26,26.0,1,1.0,18,12,27.0,3.0,5.0,28.0
1,32,3,1,1316,816.0,17,,5,3.0,18,2,21.0,7.0,9.0,16.0
1,41,1,1,413,107.0,22,47.0,1,1.0,12,8,9.0,22.0,2.0,3.0
1,48,1,1,27,18.0,27,52.0,1,1.0,3,1,21.0,2.0,5.0,9.0
1,21,2,2,1040,,NIU,,4,1.0,21,1,6.0,,,
1,36,1,1,2339,1804.0,23,35.0,1,1.0,5,4,5.0,5.0,11.0,6.0
1,17,2,2,84,,NIU,,1,1.0,33,2,25.0,,,
2,47,1,1,357,149.0,21,48.0,1,1.0,8,8,5.0,19.0,11.0,10.0
1,47,1,1,207,116.0,28,51.0,1,1.0,8,7,12.0,1.0,4.0,4.0
1,22,2,2,217,,NIU,,1,1.0,23,9,30.0,,,
1,40,1,1,208,114.0,23,41.0,1,1.0,12,3,22.0,1.0,11.0,5.0
2,32,3,1,53,88.0,14,,1,1.0,18,10,30.0,1.0,7.0,23.0
1,31,2,2,236,,NIU,,1,1.0,10,10,15.0,,,
2,32,1,1,760,317.0,22,34.0,3,,22,3,18.0,4.0,10.0,7.0
1,39,1,1,1759,1166.0,27,37.0,1,1.0,24,10,5.0,16.0,12.0,11.0
2,34,1,1,32,72.0,14,41.0,1,1.0,15,1,24.0,22.0,5.0,22.0
2,31,2,2,1166,,NIU,,1,1.0,10,6,19.0,,,
1,36,3,1,1548,1153.0,31,,1,1.0,5,1,25.0,3.0,12.0,23.0
2,42,3,1,836,474.0,27,,1,1.0,14,4,5.0,7.0,4.0,29.0
1,42,3,1,18,10.0,23,,1,1.0,14,9,18.0,1.0,9.0,27.0
1,36,1,1,270,261.0,25,40.0,1,1.0,13,4,4.0,20.0,8.0,4.0
1,27,1,1,694,38.0,24,32.0,1,1.0,30,5,16.0,6.0,3.0,19.0
1,21,1,2,4,4.0,21,33.0,1,1.0,21,6,14.0,26.0,6.0,13.0
2,34,1,1,517,557.0,16,36.0,1,1.0,15,9,3.0,1.0,2.0,19.0
2,20,2,2,762,,NIU,,1,1.0,27,8,24.0,,,
1,32,1,1,2338,1803.0,23,36.0,4,1.0,22,4,5.0,4.0,12.0,9.0
2,36,1,1,1007,567.0,17,44.0,1,1.0,5,11,16.0,1.0,7.0,27.0
2,43,2,2,1917,,NIU,,1,1.0,20,8,13.0,,,
1,48,3,2,580,268.0,28,,1,1.0,3,1,14.0,2.0,2.0,5.0
1,36,1,1,698,469.0,17,40.0,1,1.0,13,3,5.0,22.0,6.0,21.0
1,32,2,2,136,,NIU,,1,1.0,18,10,7.0,,,
1,23,2,2,418,,NIU,,1,1.0,31,7,16.0,,,
2,33,1,1,1390,1014.0,23,43.0,1,1.0,22,8,14.0,4.0,7.0,9.0
1,25,2,2,507,,NIU,,1,1.0,29,5,26.0,,,
1,43,1,1,556,355.0,29,48.0,1,1.0,16,4,29.0,7.0,4.0,16.0
1,32,1,1,1549,1152.0,17,35.0,1,1.0,18,8,9.0,9.0,3.0,9.0
2,40,2,2,198,,NIU,,1,1.0,2,6,22.0,,,
1,32,1,1,1267,774.0,27,35.0,1,1.0,18,10,13.0,3.0,11.0,15.0
2,43,1,1,854,993.0,30,39.0,1,1.0,20,4,5.0,16.0,2.0,14.0
1,24,1,1,1550,1151.0,16,31.0,1,1.0,17,5,26.0,12.0,12.0,21.0
2,36,1,1,886,734.0,13,38.0,5,3.0,5,2,27.0,24.0,11.0,8.0
1,30,1,1,1551,1150.0,24,38.0,1,1.0,9,1,26.0,3.0,6.0,23.0
1,18,2,2,12,,NIU,,1,1.0,25,10,27.0,,,
1,39,1,1,26,202.0,24,45.0,3,1.0,2,3,24.0,9.0,1.0,24.0
1,29,1,1,1231,1149.0,21,37.0,1,1.0,9,9,11.0,12.0,5.0,26.0
1,44,3,1,73,352.0,22,,1,1.0,16,9,22.0,15.0,11.0,9.0
1,48,1,1,1178,792.0,19,49.0,1,1.0,3,8,16.0,30.0,5.0,1.0
2,36,1,1,2337,1802.0,18,44.0,1,1.0,5,2,24.0,1.0,3.0,18.0
1,23,2,2,1044,,NIU,,1,1.0,31,1,21.0,,,
1,32,1,1,546,266.0,18,42.0,1,1.0,18,8,21.0,7.0,9.0,7.0
2,17,2,2,1552,,NIU,,1,1.0,25,4,31.0,,,
2,38,1,1,499,257.0,28,41.0,1,1.0,1,7,7.0,4.0,5.0,7.0
1,35,1,1,1322,536.0,25,34.0,2,1.0,7,9,8.0,4.0,3.0,14.0
1,17,2,2,586,,NIU,,3,,25,12,31.0,,,
2,44,1,1,1126,1040.0,16,45.0,1,1.0,16,8,20.0,29.0,2.0,24.0
2,16,2,2,872,,NIU,,1,1.0,32,9,15.0,,,
1,18,2,2,1254,,NIU,,1,1.0,25,5,7.0,,,
2,46,1,1,38,77.0,23,50.0,1,1.0,4,6,6.0,24.0,6.0,24.0
1,33,2,2,2336,,NIU,,1,1.0,22,8,25.0,,,
2,37,3,1,632,426.0,21,,1,1.0,13,7,2.0,9.0,9.0,20.0
2,43,1,1,1255,915.0,31,41.0,1,1.0,20,7,13.0,20.0,1.0,1.0
1,18,2,2,105,,NIU,,1,1.0,25,6,28.0,,,
2,27,1,1,2335,1801.0,19,35.0,1,1.0,30,9,8.0,12.0,12.0,19.0
1,21,2,2,91,,NIU,,1,1.0,21,10,26.0,,,
2,47,1,1,991,700.0,18,59.0,1,1.0,3,4,13.0,30.0,1.0,2.0
1,38,1,1,1043,605.0,27,54.0,1,1.0,1,2,9.0,20.0,1.0,18.0
1,35,1,1,1746,1168.0,27,34.0,4,4.0,7,10,4.0,12.0,10.0,31.0
1,22,2,2,154,,NIU,,1,1.0,23,4,13.0,,,
1,46,2,2,550,,NIU,,1,1.0,8,3,28.0,,,
1,27,1,2,492,361.0,21,28.0,1,1.0,19,12,26.0,10.0,2.0,16.0
1,31,1,1,7,5.0,27,41.0,1,1.0,10,1,6.0,6.0,4.0,8.0
1,33,1,1,1743,1136.0,22,37.0,1,1.0,22,9,29.0,20.0,12.0,2.0
1,37,1,1,487,258.0,16,45.0,4,1.0,13,5,4.0,2.0,6.0,6.0
1,43,1,1,1349,879.0,28,44.0,1,1.0,16,4,9.0,9.0,1.0,23.0
2,31,2,2,885,,NIU,,1,1.0,10,5,2.0,,,
1,23,2,2,167,,NIU,,1,1.0,31,7,19.0,,,
1,30,1,1,215,140.0,25,32.0,1,1.0,10,4,29.0,3.0,5.0,9.0
1,21,2,2,831,,NIU,,2,2.0,23,3,11.0,,,
1,21,2,2,101,,NIU,,1,1.0,21,4,5.0,,,
2,33,2,1,2334,,NIU,,5,3.0,22,11,14.0,,,
2,38,3,1,728,496.0,23,,1,1.0,1,7,22.0,7.0,6.0,17.0
1,36,1,1,1899,1386.0,15,37.0,5,3.0,5,2,20.0,2.0,7.0,4.0
2,31,2,2,885,,NIU,,1,1.0,10,5,2.0,,,
1,34,1,2,663,486.0,31,31.0,1,1.0,15,6,7.0,6.0,9.0,6.0
1,35,3,2,757,729.0,31,,1,1.0,7,9,12.0,6.0,5.0,2.0
1,20,2,2,408,,NIU,,1,1.0,21,12,8.0,,,
1,43,1,1,944,543.0,23,46.0,1,1.0,20,7,12.0,2.0,5.0,5.0
1,23,2,2,1096,,NIU,,1,1.0,31,1,12.0,,,
2,45,1,1,1100,684.0,17,49.0,1,1.0,4,12,18.0,29.0,3.0,24.0
1,19,1,1,612,294.0,13,21.0,5,3.0,28,6,2.0,10.0,2.0,20.0
1,23,1,1,2333,1800.0,21,30.0,1,1.0,17,4,7.0,25.0,7.0,8.0
1,22,2,2,217,,NIU,,1,1.0,23,9,30.0,,,
2,48,1,1,1143,820.0,18,58.0,1,1.0,6,12,26.0,32.0,11.0,20.0
1,26,1,1,849,1799.0,23,26.0,1,1.0,26,6,21.0,6.0,6.0,8.0
1,17,2,2,587,,NIU,,1,1.0,33,1,2.0,,,
1,25,2,2,216,,NIU,,1,1.0,29,5,2.0,,,
1,45,3,1,332,769.0,19,,1,1.0,11,5,17.0,19.0,1.0,4.0
2,44,1,1,472,307.0,34,42.0,1,1.0,16,2,26.0,17.0,9.0,22.0
1,34,1,2,149,12.0,28,30.0,1,1.0,15,7,10.0,3.0,1.0,7.0
1,47,3,1,561,237.0,29,,1,1.0,3,3,19.0,1.0,7.0,18.0
1,46,3,2,120,550.0,34,,3,,4,10,13.0,16.0,5.0,1.0
1,43,3,1,1042,566.0,19,,1,1.0,20,9,20.0,24.0,5.0,23.0
1,49,1,1,606,363.0,30,54.0,1,1.0,6,5,6.0,22.0,3.0,28.0
1,49,1,1,2329,1798.0,17,54.0,4,1.0,36,12,16.0,33.0,7.0,18.0
1,31,2,2,520,,NIU,,1,1.0,10,7,12.0,,,
2,49,1,1,36,240.0,20,52.0,1,1.0,6,4,10.0,30.0,3.0,2.0
2,40,1,1,3,85.0,19,46.0,1,1.0,2,8,16.0,18.0,10.0,17.0
2,27,1,1,44,1328.0,16,33.0,1,1.0,30,6,1.0,20.0,2.0,27.0
1,26,2,1,376,,NIU,,1,1.0,26,6,23.0,,,
1,36,1,1,294,172.0,21,40.0,1,1.0,5,9,6.0,7.0,6.0,8.0
2,33,1,1,368,147.0,21,40.0,1,1.0,22,2,17.0,16.0,10.0,26.0
1,33,1,2,545,274.0,26,44.0,1,1.0,15,12,22.0,8.0,2.0,24.0
1,30,2,2,1263,,NIU,,2,1.0,9,1,27.0,,,
2,42,3,1,1430,931.0,26,,1,1.0,14,6,1.0,13.0,11.0,5.0
2,18,2,2,1400,,NIU,,4,4.0,25,4,7.0,,,
1,38,1,2,6,3.0,31,37.0,1,1.0,1,11,10.0,10.0,5.0,30.0
2,25,1,1,649,849.0,16,29.0,1,1.0,29,9,24.0,12.0,6.0,20.0
1,22,2,2,905,,NIU,,2,2.0,23,4,2.0,,,
1,46,1,1,636,84.0,19,50.0,1,1.0,4,5,16.0,23.0,1.0,15.0
1,23,2,2,418,,NIU,,1,1.0,31,7,16.0,,,
2,34,1,1,2328,1797.0,19,34.0,5,3.0,7,4,8.0,9.0,1.0,13.0
2,44,2,2,1608,,NIU,,1,1.0,16,2,29.0,,,
1,29,1,2,521,27.0,26,31.0,1,1.0,34,7,18.0,6.0,8.0,4.0
1,37,1,1,1375,544.0,26,42.0,1,1.0,13,6,29.0,20.0,1.0,6.0
1,26,2,2,1032,,NIU,,1,1.0,26,8,17.0,,,
2,15,1,2,365,198.0,15,23.0,5,1.0,35,8,24.0,26.0,9.0,12.0
1,27,2,2,949,,NIU,,1,1.0,30,4,10.0,,,
1,41,1,1,74,168.0,20,46.0,1,1.0,12,8,22.0,18.0,1.0,13.0
1,16,2,2,339,,NIU,,1,1.0,32,5,28.0,,,
1,36,2,2,160,,NIU,,1,1.0,5,7,7.0,,,
2,24,1,1,874,598.0,21,27.0,1,1.0,17,7,23.0,6.0,12.0,9.0
1,41,3,1,391,16.0,18,,1,1.0,12,2,16.0,15.0,4.0,8.0
1,30,1,1,1609,965.0,26,32.0,1,1.0,9,6,4.0,11.0,1.0,24.0
1,35,2,2,55,,NIU,,1,1.0,5,12,5.0,,,
1,37,1,1,2327,1796.0,23,37.0,1,1.0,13,7,17.0,7.0,3.0,3.0
2,18,2,2,1193,,NIU,,1,1.0,25,2,24.0,,,
1,40,1,1,883,735.0,31,43.0,1,1.0,12,9,22.0,4.0,11.0,12.0
2,45,1,1,547,308.0,18,47.0,1,1.0,11,7,5.0,19.0,6.0,20.0
2,44,1,1,1855,1235.0,10,48.0,2,2.0,16,11,28.0,35.0,2.0,14.0
2,41,1,1,1318,883.0,19,49.0,2,2.0,12,8,28.0,15.0,8.0,31.0
1,30,1,1,88,47.0,27,30.0,1,1.0,9,2,21.0,6.0,2.0,27.0
1,31,1,1,2358,1795.0,25,41.0,2,1.0,10,2,18.0,3.0,6.0,12.0
1,23,1,1,1625,1291.0,18,26.0,1,1.0,31,2,11.0,11.0,7.0,30.0
2,23,1,1,1574,1148.0,17,35.0,4,1.0,17,12,13.0,10.0,2.0,6.0
1,42,2,2,10,,NIU,,1,1.0,14,7,7.0,,,
2,32,1,1,1027,177.0,19,34.0,1,1.0,18,8,18.0,5.0,3.0,10.0
1,38,2,2,1,,NIU,,1,1.0,1,1,25.0,,,
1,41,3,1,1523,1048.0,23,,1,1.0,12,11,5.0,21.0,9.0,23.0
2,18,2,2,289,,NIU,,1,1.0,28,12,9.0,,,
2,22,2,2,1154,,NIU,,1,1.0,23,1,31.0,,,
1,42,2,2,10,,NIU,,1,1.0,14,7,7.0,,,
1,32,1,1,1276,759.0,23,36.0,1,1.0,18,11,28.0,17.0,11.0,19.0
1,46,1,1,20,132.0,34,42.0,1,1.0,4,11,3.0,20.0,4.0,29.0
1,48,1,2,692,407.0,43,49.0,1,1.0,3,10,27.0,3.0,2.0,7.0
1,17,2,2,201,,NIU,,1,1.0,33,4,27.0,,,
1,20,2,2,1460,,NIU,,1,1.0,27,7,6.0,,,
2,38,1,1,1441,984.0,26,43.0,1,1.0,1,8,16.0,16.0,2.0,13.0
2,18,2,2,935,,NIU,,1,1.0,25,9,13.0,,,
1,26,2,2,87,,NIU,,1,1.0,26,1,16.0,,,
1,29,2,2,777,,NIU,,1,1.0,34,11,3.0,,,
1,46,1,1,2357,1817.0,22,46.0,1,1.0,4,10,8.0,14.0,1.0,9.0
2,23,2,2,473,,NIU,,1,1.0,31,8,24.0,,,
2,45,1,1,1188,888.0,15,51.0,5,1.0,11,6,28.0,31.0,11.0,17.0
2,28,1,1,2356,1816.0,22,32.0,1,1.0,34,12,25.0,10.0,3.0,9.0
1,34,1,1,2355,1815.0,23,44.0,1,1.0,15,1,15.0,20.0,3.0,6.0
2,39,1,1,1898,1387.0,26,38.0,1,1.0,24,11,9.0,5.0,8.0,4.0
1,49,1,1,65,607.0,24,48.0,1,1.0,6,4,18.0,27.0,3.0,13.0
2,21,2,2,150,,NIU,,1,1.0,21,10,24.0,,,
2,32,3,1,53,88.0,14,,1,1.0,18,10,30.0,1.0,7.0,23.0
1,37,2,2,223,,NIU,,1,1.0,13,10,4.0,,,
1,18,2,2,40,,NIU,,1,1.0,25,11,17.0,,,
1,45,1,1,315,1106.0,27,49.0,1,1.0,11,1,5.0,1.0,2.0,25.0
2,40,1,1,1050,718.0,26,44.0,4,1.0,2,2,13.0,7.0,2.0,16.0
1,42,1,1,286,16.0,19,44.0,1,1.0,14,1,17.0,15.0,4.0,8.0
1,41,1,1,979,674.0,14,59.0,5,1.0,12,9,4.0,23.0,3.0,20.0
1,33,1,1,194,246.0,23,40.0,1,1.0,22,11,19.0,4.0,2.0,12.0
1,22,2,2,905,,NIU,,2,2.0,23,4,2.0,,,
2,24,1,1,649,744.0,18,27.0,1,1.0,29,9,24.0,10.0,4.0,17.0
1,33,1,1,1977,1412.0,21,36.0,1,1.0,22,5,12.0,16.0,5.0,9.0
1,49,1,1,2354,1814.0,19,57.0,1,1.0,36,3,21.0,32.0,11.0,1.0
1,48,1,1,1319,928.0,11,53.0,5,3.0,3,7,4.0,38.0,11.0,8.0
1,27,2,2,988,,NIU,,1,1.0,30,1,3.0,,,
2,35,1,1,1698,1242.0,33,38.0,1,1.0,5,12,1.0,25.0,4.0,29.0
1,34,2,2,225,,NIU,,1,1.0,15,2,5.0,,,
1,47,1,1,646,415.0,19,49.0,1,1.0,8,5,8.0,29.0,3.0,19.0
2,32,3,1,2353,1813.0,23,,1,1.0,22,4,24.0,17.0,2.0,24.0
2,42,1,1,538,330.0,40,43.0,1,1.0,20,4,22.0,6.0,3.0,30.0
1,34,1,1,281,585.0,23,40.0,4,1.0,15,8,28.0,20.0,11.0,12.0
2,21,2,2,295,,NIU,,1,1.0,21,5,12.0,,,
1,30,2,2,1412,,NIU,,1,1.0,9,10,17.0,,,
1,31,2,2,834,,NIU,,1,1.0,10,1,28.0,,,
1,35,3,2,1462,946.0,17,,1,1.0,7,5,17.0,1.0,5.0,28.0
1,48,1,1,203,229.0,22,49.0,1,1.0,3,10,26.0,19.0,8.0,29.0
1,23,2,2,297,,NIU,,1,1.0,17,3,20.0,,,
1,18,2,2,40,,NIU,,1,1.0,25,11,17.0,,,
2,28,2,2,1013,,NIU,,1,1.0,19,1,24.0,,,
1,30,1,2,267,991.0,29,27.0,1,,10,4,15.0,28.0,2.0,26.0
1,28,1,1,172,534.0,20,38.0,1,1.0,19,11,30.0,8.0,10.0,7.0
1,23,3,2,56,417.0,18,,1,1.0,17,3,8.0,3.0,10.0,20.0
1,26,1,2,425,59.0,22,26.0,1,1.0,26,4,16.0,6.0,5.0,24.0
1,41,1,2,566,243.0,29,53.0,1,1.0,12,1,5.0,16.0,12.0,26.0
1,37,1,1,17,275.0,20,38.0,1,1.0,1,3,6.0,21.0,1.0,3.0
2,38,1,1,499,257.0,28,41.0,1,1.0,1,7,7.0,4.0,5.0,7.0
1,37,1,1,1197,1027.0,23,44.0,1,1.0,13,9,7.0,7.0,12.0,5.0
1,20,2,2,228,,NIU,,2,1.0,27,10,4.0,,,
1,23,1,2,1033,267.0,19,26.0,1,1.0,31,10,28.0,11.0,3.0,29.0
1,21,2,2,811,,NIU,,1,1.0,21,8,5.0,,,
2,37,1,1,1291,973.0,22,40.0,1,1.0,13,10,7.0,9.0,3.0,17.0
1,21,2,2,101,,NIU,,1,1.0,21,4,5.0,,,
2,48,1,1,1045,660.0,19,56.0,1,1.0,3,11,18.0,30.0,2.0,13.0
1,36,1,1,140,302.0,23,39.0,1,1.0,13,12,3.0,5.0,2.0,6.0
2,39,1,1,47,194.0,22,49.0,1,1.0,24,4,18.0,21.0,11.0,1.0
1,28,2,2,21,,NIU,,2,1.0,19,11,28.0,,,
1,43,3,1,1042,566.0,19,,1,1.0,20,9,20.0,24.0,5.0,23.0
2,26,2,2,2352,,NIU,,1,1.0,26,5,24.0,,,
1,21,1,2,4,4.0,21,33.0,1,1.0,21,6,14.0,26.0,6.0,13.0
1,16,2,2,148,,NIU,,1,1.0,32,1,21.0,,,
2,22,2,2,9,,NIU,,1,1.0,23,5,23.0,,,
1,19,2,2,245,,NIU,,1,1.0,28,8,6.0,,,
1,32,1,2,952,728.0,26,34.0,1,1.0,18,7,5.0,3.0,1.0,12.0
1,24,2,2,1357,,NIU,,1,1.0,29,12,18.0,,,
2,34,1,1,1686,1193.0,26,30.0,1,1.0,15,2,18.0,8.0,9.0,19.0
1,47,1,1,1431,966.0,23,48.0,1,1.0,8,11,27.0,14.0,2.0,21.0
1,33,2,2,957,,NIU,,1,1.0,15,12,31.0,,,
1,27,1,1,2351,1812.0,25,28.0,1,1.0,30,6,10.0,25.0,1.0,5.0
2,40,3,1,585,348.0,26,,1,1.0,2,11,4.0,5.0,1.0,8.0
1,29,3,2,1653,1300.0,26,,1,1.0,34,1,11.0,6.0,2.0,10.0
1,36,1,1,1408,756.0,26,37.0,1,1.0,13,3,20.0,4.0,10.0,10.0
1,47,1,1,614,428.0,23,51.0,1,1.0,8,4,27.0,24.0,6.0,20.0
2,16,2,2,124,,NIU,,1,1.0,32,8,7.0,,,
1,40,3,1,374,223.0,25,,1,1.0,12,12,13.0,9.0,3.0,12.0
1,44,1,1,144,135.0,25,48.0,1,1.0,16,6,17.0,22.0,5.0,10.0
2,18,2,2,284,,NIU,,4,1.0,25,6,20.0,,,
1,48,1,1,593,80.0,21,53.0,1,1.0,3,6,11.0,23.0,1.0,1.0
1,23,2,2,1059,,NIU,,1,1.0,31,6,21.0,,,
1,27,2,2,2373,,NIU,,1,1.0,30,8,9.0,,,
1,18,2,2,69,,NIU,,1,1.0,25,10,2.0,,,
1,34,1,1,1712,1156.0,32,38.0,1,1.0,7,12,4.0,25.0,3.0,17.0
1,18,2,2,69,,NIU,,4,1.0,25,10,2.0,,,
1,41,1,1,1155,986.0,20,44.0,1,1.0,12,8,5.0,18.0,12.0,10.0
2,39,2,1,647,,NIU,,3,1.0,24,5,16.0,,,
1,32,2,2,136,,NIU,,1,1.0,18,10,7.0,,,
1,16,2,2,334,,NIU,,1,1.0,32,2,15.0,,,
2,42,1,1,609,370.0,15,48.0,3,1.0,20,3,30.0,23.0,8.0,30.0
2,38,1,1,202,167.0,18,38.0,1,1.0,1,11,7.0,2.0,2.0,28.0
2,39,3,1,311,717.0,19,,1,1.0,24,1,24.0,22.0,6.0,15.0
1,40,1,1,1852,1429.0,27,36.0,1,1.0,2,1,20.0,5.0,2.0,23.0
2,35,1,1,24,513.0,26,38.0,1,1.0,7,8,15.0,17.0,9.0,16.0
1,21,2,2,1721,,NIU,,4,4.0,21,11,16.0,,,
1,27,1,1,220,104.0,20,36.0,1,1.0,30,5,22.0,8.0,8.0,18.0
1,40,1,1,1722,1141.0,16,34.0,1,1.0,2,5,4.0,14.0,10.0,9.0
2,48,1,1,969,560.0,21,53.0,1,1.0,3,6,9.0,23.0,4.0,13.0
2,29,2,2,177,,NIU,,1,1.0,9,3,7.0,,,
1,31,1,1,2372,1811.0,26,28.0,1,1.0,10,9,11.0,11.0,4.0,16.0
2,48,1,1,268,137.0,27,48.0,1,1.0,3,10,21.0,18.0,3.0,11.0
1,41,1,1,181,456.0,37,41.0,1,1.0,14,12,24.0,11.0,5.0,12.0
1,43,1,1,373,593.0,29,45.0,1,1.0,20,8,19.0,7.0,2.0,9.0
1,21,2,2,744,,NIU,,1,1.0,23,12,3.0,,,
1,24,2,2,443,,NIU,,1,1.0,17,8,7.0,,,
2,36,1,1,1644,1309.0,30,38.0,1,1.0,5,9,12.0,10.0,11.0,18.0
1,38,1,1,684,506.0,29,47.0,1,1.0,1,8,7.0,17.0,10.0,27.0
2,34,2,2,786,,NIU,,1,1.0,15,8,4.0,,,
1,44,1,1,2371,1810.0,40,55.0,1,1.0,16,10,25.0,11.0,7.0,26.0
2,17,2,2,1723,,NIU,,1,1.0,33,1,30.0,,,
2,47,1,1,1742,1137.0,22,55.0,1,1.0,8,7,1.0,14.0,6.0,17.0
2,34,1,1,1762,1178.0,29,29.0,1,1.0,7,12,24.0,3.0,9.0,2.0
2,33,1,1,15,949.0,20,35.0,1,1.0,22,2,24.0,5.0,11.0,14.0
1,42,1,1,1632,1809.0,32,45.0,3,1.0,14,8,22.0,4.0,1.0,20.0
1,45,1,1,773,460.0,25,44.0,1,1.0,11,2,31.0,2.0,12.0,9.0
2,47,1,1,455,770.0,20,50.0,1,1.0,8,1,8.0,19.0,5.0,22.0
1,33,1,2,545,274.0,26,44.0,1,1.0,15,12,22.0,8.0,2.0,24.0
1,35,3,2,757,729.0,31,,1,1.0,7,9,12.0,6.0,5.0,2.0
2,35,1,1,1022,716.0,22,39.0,1,1.0,7,10,21.0,16.0,4.0,13.0
2,39,1,1,1310,1344.0,29,49.0,5,1.0,24,8,29.0,4.0,7.0,3.0
1,21,2,2,416,,NIU,,1,1.0,21,11,1.0,,,
1,31,1,1,45,26.0,26,33.0,1,1.0,10,1,14.0,11.0,5.0,5.0
1,36,1,1,1408,756.0,26,37.0,1,1.0,13,3,20.0,4.0,10.0,10.0
1,26,2,2,516,,NIU,,1,1.0,26,2,9.0,,,
1,28,1,1,1692,395.0,24,26.0,1,1.0,19,6,10.0,11.0,2.0,20.0
1,31,1,1,2370,1808.0,26,31.0,1,1.0,10,6,21.0,3.0,7.0,7.0
1,47,1,1,239,455.0,21,55.0,1,1.0,8,6,27.0,19.0,3.0,16.0
1,49,1,1,1395,960.0,27,47.0,1,1.0,6,10,6.0,18.0,9.0,22.0
2,19,2,2,42,,NIU,,1,1.0,28,10,1.0,,,
1,39,1,1,1187,887.0,28,37.0,1,1.0,24,9,7.0,20.0,12.0,22.0
1,47,3,1,1386,978.0,23,,1,1.0,3,12,11.0,14.0,5.0,11.0
1,32,1,1,1003,341.0,26,35.0,1,1.0,18,6,14.0,10.0,8.0,28.0
1,36,1,1,523,27.0,32,32.0,1,1.0,5,9,8.0,6.0,8.0,4.0
1,24,1,2,1000,576.0,24,27.0,4,1.0,17,11,28.0,26.0,8.0,18.0
1,44,1,1,331,225.0,24,45.0,1,1.0,16,8,19.0,2.0,2.0,20.0
2,47,3,1,688,379.0,21,,3,1.0,8,5,16.0,19.0,4.0,26.0
2,34,2,2,786,,NIU,,1,1.0,15,8,4.0,,,
2,46,1,1,926,582.0,16,50.0,3,,4,8,25.0,31.0,1.0,2.0
2,37,1,1,14,2.0,18,43.0,1,1.0,13,10,14.0,1.0,9.0,5.0
2,47,1,1,31,511.0,44,48.0,1,1.0,8,5,21.0,6.0,10.0,28.0
2,27,1,1,1693,1140.0,18,37.0,1,1.0,19,4,1.0,4.0,12.0,14.0
2,39,1,1,939,708.0,20,48.0,1,1.0,24,6,23.0,22.0,8.0,12.0
2,37,1,1,916,604.0,29,34.0,1,1.0,13,1,11.0,12.0,3.0,25.0
2,49,3,1,745,518.0,18,,1,1.0,6,6,13.0,32.0,8.0,24.0
1,47,1,2,64,29.0,26,50.0,1,1.0,8,4,6.0,2.0,1.0,27.0
1,27,2,2,544,,NIU,,1,1.0,30,1,15.0,,,
1,48,1,1,199,118.0,22,48.0,1,1.0,3,4,4.0,27.0,5.0,17.0
1,49,3,1,169,301.0,20,,1,1.0,36,3,13.0,31.0,11.0,18.0
1,49,1,1,533,1357.0,19,53.0,1,1.0,36,4,2.0,31.0,6.0,1.0
1,30,1,2,177,282.0,24,29.0,1,1.0,9,3,7.0,3.0,2.0,9.0
2,45,3,1,1467,1105.0,17,,1,1.0,11,8,28.0,29.0,5.0,6.0
1,18,2,2,463,,NIU,,1,1.0,25,6,18.0,,,
1,44,1,1,1186,794.0,21,47.0,1,1.0,16,1,12.0,15.0,4.0,11.0
2,38,1,1,499,257.0,28,41.0,1,1.0,1,7,7.0,4.0,5.0,7.0
2,16,2,2,209,,NIU,,3,,32,11,9.0,,,
2,40,1,1,182,89.0,21,44.0,1,1.0,2,1,11.0,1.0,6.0,5.0
2,31,1,1,1227,891.0,19,40.0,1,1.0,10,5,13.0,16.0,1.0,24.0
1,48,1,1,1341,877.0,21,54.0,1,1.0,3,7,25.0,19.0,4.0,15.0
1,46,1,1,120,23.0,20,47.0,1,1.0,4,10,13.0,19.0,1.0,11.0
2,44,1,1,178,228.0,22,45.0,1,1.0,16,8,26.0,15.0,8.0,30.0
1,34,2,2,225,,NIU,,1,1.0,15,2,5.0,,,
2,37,1,1,659,490.0,24,38.0,4,1.0,13,9,30.0,16.0,5.0,10.0
1,35,2,1,724,,NIU,,1,1.0,7,2,30.0,,,
2,15,2,2,679,,NIU,,1,1.0,35,9,2.0,,,
1,26,2,2,227,,NIU,,2,1.0,26,11,8.0,,,
2,22,2,2,526,,NIU,,1,1.0,23,9,21.0,,,
2,45,1,1,419,210.0,20,51.0,4,1.0,4,4,25.0,27.0,10.0,30.0
1,43,1,1,620,273.0,15,57.0,1,1.0,20,11,9.0,23.0,6.0,23.0
2,40,1,1,1965,325.0,22,40.0,1,1.0,12,12,27.0,1.0,1.0,3.0
1,47,1,1,71,143.0,23,51.0,1,1.0,3,3,8.0,14.0,8.0,23.0
1,36,1,1,352,1215.0,17,29.0,1,1.0,13,9,12.0,22.0,7.0,1.0
2,32,1,1,1210,784.0,17,38.0,1,1.0,18,1,4.0,9.0,8.0,10.0
2,30,1,1,1779,647.0,18,35.0,1,1.0,10,12,1.0,16.0,4.0,20.0
1,33,1,1,665,262.0,20,41.0,1,1.0,15,12,28.0,5.0,6.0,13.0
2,28,2,2,139,,NIU,,1,1.0,19,2,8.0,,,
2,18,2,2,680,,NIU,,1,1.0,25,5,23.0,,,
2,42,1,1,538,330.0,40,43.0,1,1.0,20,4,22.0,6.0,3.0,30.0
1,36,1,1,787,401.0,22,42.0,1,1.0,5,11,17.0,5.0,1.0,30.0
1,32,1,1,631,452.0,31,32.0,1,1.0,18,9,22.0,26.0,1.0,23.0
2,48,3,1,1328,757.0,15,,3,,3,5,20.0,33.0,9.0,22.0
1,38,2,2,980,,NIU,,1,1.0,1,11,27.0,,,
1,30,1,1,600,350.0,26,39.0,1,1.0,9,5,20.0,11.0,8.0,2.0
1,45,1,1,70,33.0,25,53.0,1,1.0,11,2,15.0,2.0,8.0,26.0
2,35,2,2,919,,NIU,,1,1.0,7,1,1.0,,,
2,18,2,2,441,,NIU,,1,1.0,25,3,18.0,,,
1,25,2,2,11,,NIU,,1,1.0,26,3,24.0,,,
2,41,1,1,845,425.0,19,42.0,1,1.0,12,11,25.0,18.0,7.0,6.0
2,19,2,2,848,,NIU,,1,1.0,28,7,2.0,,,
1,40,1,1,393,154.0,22,46.0,1,1.0,2,2,11.0,1.0,1.0,17.0
1,35,1,1,206,1839.0,31,38.0,1,1.0,5,12,15.0,11.0,6.0,10.0
2,17,2,2,657,,NIU,,1,1.0,33,7,17.0,,,
2,18,2,2,12,,NIU,,1,1.0,25,10,27.0,,,
1,44,3,1,73,398.0,19,,1,1.0,16,9,22.0,14.0,10.0,19.0
2,28,1,1,2369,1838.0,22,39.0,1,1.0,34,12,20.0,10.0,6.0,19.0
1,23,2,2,241,,NIU,,3,,17,12,8.0,,,
1,34,1,1,431,375.0,21,38.0,1,1.0,7,12,17.0,5.0,1.0,28.0
1,41,1,1,652,390.0,21,43.0,4,4.0,12,6,7.0,2.0,4.0,20.0
1,38,1,1,41,742.0,23,41.0,1,1.0,1,9,16.0,7.0,5.0,20.0
2,48,1,1,1338,859.0,19,49.0,1,1.0,3,1,12.0,30.0,3.0,9.0
1,48,1,1,27,18.0,27,52.0,1,1.0,3,1,21.0,2.0,5.0,9.0
1,19,2,2,480,,NIU,,1,1.0,27,3,8.0,,,
1,37,3,1,725,507.0,25,,1,1.0,13,5,9.0,16.0,1.0,8.0
2,20,2,2,2368,,NIU,,1,1.0,27,10,10.0,,,
1,25,1,1,1963,1208.0,22,29.0,1,1.0,29,2,24.0,25.0,6.0,7.0
2,28,1,1,2367,1139.0,23,31.0,1,1.0,34,3,16.0,3.0,3.0,14.0
2,15,2,2,1447,,NIU,,1,1.0,32,4,21.0,,,
2,48,1,1,938,439.0,22,55.0,1,1.0,3,9,11.0,19.0,12.0,29.0
1,37,1,1,224,121.0,28,35.0,1,1.0,13,5,2.0,12.0,9.0,19.0
1,39,3,1,2366,1837.0,30,,1,1.0,24,8,7.0,17.0,5.0,29.0
2,44,1,1,1909,1018.0,33,52.0,1,1.0,16,6,27.0,20.0,8.0,24.0
1,35,1,1,80,203.0,27,35.0,1,1.0,7,11,12.0,8.0,10.0,14.0
1,37,3,1,292,1206.0,34,,1,1.0,13,7,14.0,25.0,6.0,29.0
1,28,2,2,377,,NIU,,1,1.0,19,6,4.0,,,
2,17,2,2,815,,NIU,,1,1.0,33,6,18.0,,,
1,49,1,1,426,146.0,18,63.0,1,1.0,6,11,22.0,31.0,6.0,18.0
1,28,1,1,131,61.0,25,28.0,1,1.0,19,9,11.0,25.0,1.0,7.0
2,19,2,2,404,,NIU,,1,1.0,27,4,29.0,,,
2,20,2,2,309,,NIU,,1,1.0,27,11,27.0,,,
1,42,3,1,8,6.0,20,,2,1.0,14,10,30.0,15.0,2.0,28.0
1,41,1,1,255,139.0,16,46.0,1,1.0,14,3,16.0,27.0,8.0,13.0
2,27,1,1,2,1264.0,19,41.0,1,1.0,19,3,15.0,12.0,2.0,27.0
2,35,1,1,29,696.0,16,38.0,1,1.0,7,8,18.0,1.0,6.0,19.0
2,44,1,1,2389,1825.0,21,54.0,1,1.0,16,1,20.0,24.0,2.0,2.0
1,31,2,2,520,,NIU,,1,1.0,10,7,12.0,,,
2,44,1,1,769,961.0,38,36.0,1,1.0,16,5,25.0,10.0,8.0,9.0
1,21,2,2,115,,NIU,,1,1.0,21,6,9.0,,,
2,38,1,1,81,185.0,15,45.0,1,1.0,1,2,19.0,24.0,10.0,1.0
2,32,3,1,53,88.0,14,,1,1.0,18,10,30.0,1.0,7.0,23.0
1,27,2,2,988,,NIU,,1,1.0,30,1,3.0,,,
1,43,2,2,1717,,NIU,,1,1.0,20,7,4.0,,,
1,48,3,2,768,430.0,19,,1,1.0,3,7,24.0,30.0,3.0,26.0
2,49,3,1,745,518.0,18,,1,1.0,6,6,13.0,32.0,8.0,24.0
1,37,1,1,17,275.0,20,38.0,1,1.0,1,3,6.0,21.0,1.0,3.0
2,24,1,1,2388,1126.0,16,30.0,3,,17,11,25.0,12.0,3.0,4.0
1,39,1,1,26,28.0,26,38.0,1,,2,3,24.0,5.0,5.0,18.0
2,21,2,2,159,,NIU,,1,1.0,21,7,16.0,,,
1,42,3,1,8,6.0,20,,2,1.0,14,10,30.0,15.0,2.0,28.0
2,37,1,1,107,37.0,25,37.0,1,1.0,13,2,27.0,16.0,2.0,19.0
1,16,2,2,543,,NIU,,1,1.0,33,12,29.0,,,
1,31,2,2,415,,NIU,,1,1.0,10,6,27.0,,,
2,37,1,1,14,2.0,18,43.0,1,1.0,13,10,14.0,1.0,9.0,5.0
2,25,2,2,259,,NIU,,1,1.0,26,3,23.0,,,
2,32,2,2,285,,NIU,,1,1.0,18,6,22.0,,,
1,49,1,1,533,704.0,26,49.0,1,1.0,36,4,2.0,24.0,2.0,28.0
2,30,1,1,1910,1125.0,28,31.0,2,2.0,9,6,5.0,25.0,12.0,4.0
1,45,1,1,1911,1124.0,23,47.0,3,,11,1,31.0,18.0,5.0,14.0
2,24,2,2,361,,NIU,,1,1.0,17,1,19.0,,,
1,24,2,2,358,,NIU,,1,1.0,17,11,17.0,,,
2,38,1,1,81,185.0,15,45.0,1,1.0,1,2,19.0,24.0,10.0,1.0
1,49,1,1,466,336.0,20,51.0,1,1.0,6,7,6.0,30.0,8.0,12.0
1,33,1,1,263,232.0,32,34.0,1,1.0,22,10,8.0,28.0,7.0,20.0
2,48,1,1,1302,828.0,17,58.0,1,1.0,3,9,28.0,32.0,2.0,27.0
2,41,1,1,1476,821.0,20,40.0,1,1.0,12,1,15.0,2.0,9.0,19.0
1,32,1,1,1833,1336.0,15,37.0,1,1.0,18,11,14.0,21.0,11.0,15.0
1,36,1,1,1771,248.0,26,37.0,1,1.0,5,10,16.0,4.0,2.0,7.0
1,49,1,1,1320,929.0,19,58.0,3,,6,7,20.0,31.0,10.0,25.0
2,30,1,1,2387,1824.0,23,39.0,1,1.0,9,11,22.0,8.0,2.0,11.0
2,27,3,1,2386,1855.0,23,,1,1.0,30,6,29.0,11.0,1.0,4.0
2,32,1,1,913,631.0,21,40.0,1,1.0,18,1,14.0,20.0,2.0,18.0
1,30,2,2,158,,NIU,,1,1.0,9,1,28.0,,,
2,45,1,1,1188,888.0,15,51.0,5,1.0,11,6,28.0,31.0,11.0,17.0
2,23,1,1,2385,1854.0,23,23.0,1,1.0,31,10,27.0,26.0,7.0,15.0
2,23,1,2,396,222.0,20,24.0,1,1.0,17,3,5.0,6.0,7.0,16.0
2,48,1,1,938,439.0,22,55.0,1,1.0,3,9,11.0,19.0,12.0,29.0
2,45,1,1,493,309.0,21,48.0,1,1.0,11,5,29.0,14.0,5.0,21.0
2,37,1,1,990,657.0,19,42.0,1,1.0,1,3,10.0,1.0,8.0,20.0
2,43,1,1,373,855.0,19,48.0,1,1.0,20,8,19.0,14.0,1.0,3.0
2,37,1,1,964,1019.0,32,39.0,1,1.0,13,8,2.0,3.0,2.0,10.0
1,31,1,1,25,11.0,25,36.0,1,1.0,10,2,3.0,3.0,4.0,10.0
2,43,1,1,2384,138.0,23,44.0,3,,20,11,22.0,2.0,3.0,10.0
1,21,2,2,778,,NIU,,1,1.0,23,4,5.0,,,
2,48,1,1,1174,1020.0,15,53.0,5,3.0,3,10,17.0,34.0,2.0,11.0
1,36,1,1,933,606.0,18,42.0,1,1.0,5,10,23.0,1.0,5.0,27.0
1,39,3,1,2383,1853.0,36,,1,1.0,24,4,19.0,25.0,1.0,17.0
1,40,1,1,883,735.0,31,43.0,1,1.0,12,9,22.0,4.0,11.0,12.0
2,43,3,1,290,199.0,22,,3,1.0,20,10,12.0,18.0,5.0,25.0
2,44,1,1,1006,622.0,20,51.0,1,1.0,11,4,7.0,14.0,9.0,6.0
1,46,1,1,20,132.0,34,42.0,1,1.0,4,11,3.0,20.0,4.0,29.0
1,44,1,1,1253,914.0,38,46.0,1,1.0,16,8,25.0,10.0,4.0,30.0
2,48,1,1,996,653.0,20,60.0,1,1.0,3,1,3.0,23.0,6.0,10.0
2,47,1,2,1432,933.0,26,50.0,1,1.0,8,11,7.0,18.0,2.0,14.0
2,46,1,1,926,582.0,16,50.0,3,,4,8,25.0,31.0,1.0,2.0
2,30,1,1,671,372.0,20,29.0,3,,9,7,17.0,4.0,10.0,25.0
2,33,1,1,1444,762.0,20,38.0,4,4.0,22,10,14.0,5.0,1.0,11.0
1,27,2,2,397,,NIU,,1,1.0,30,11,22.0,,,
2,48,1,1,595,288.0,18,56.0,1,1.0,3,8,4.0,31.0,12.0,14.0
2,45,1,1,1396,962.0,16,52.0,1,1.0,4,9,12.0,30.0,1.0,21.0
2,29,1,1,1221,872.0,22,28.0,1,1.0,34,7,11.0,10.0,7.0,17.0
2,25,1,2,2382,1852.0,17,30.0,1,1.0,26,3,11.0,12.0,1.0,31.0
2,41,1,1,739,617.0,23,44.0,1,1.0,12,11,16.0,1.0,3.0,3.0
1,33,1,1,15,852.0,21,38.0,1,1.0,22,2,24.0,16.0,5.0,23.0
2,47,1,1,562,285.0,14,54.0,1,1.0,8,4,19.0,33.0,1.0,12.0
1,30,2,2,34,,NIU,,1,1.0,10,9,7.0,,,
2,21,2,2,510,,NIU,,1,1.0,21,5,4.0,,,
1,40,1,1,33,134.0,25,46.0,1,1.0,2,8,6.0,9.0,11.0,15.0
1,17,2,2,353,,NIU,,1,1.0,25,3,17.0,,,
1,45,1,1,772,856.0,20,47.0,2,,11,2,28.0,14.0,7.0,30.0
1,37,1,1,717,445.0,27,52.0,1,1.0,13,10,25.0,4.0,7.0,6.0
1,31,1,2,798,449.0,31,31.0,1,1.0,10,10,20.0,26.0,8.0,16.0
1,30,1,2,485,38.0,27,30.0,1,1.0,9,10,27.0,6.0,3.0,19.0
1,35,1,1,117,50.0,21,34.0,3,1.0,7,2,18.0,7.0,11.0,12.0
2,16,2,2,1098,,NIU,,1,1.0,32,10,12.0,,,
2,19,2,2,273,,NIU,,2,1.0,28,5,23.0,,,
1,20,2,2,57,,NIU,,1,1.0,27,8,28.0,,,
1,20,2,2,1694,,NIU,,1,1.0,27,11,6.0,,,
2,19,2,2,1352,,NIU,,2,1.0,28,4,2.0,,,
2,20,2,2,1019,,NIU,,1,1.0,21,3,26.0,,,
1,35,1,1,176,71.0,17,41.0,1,1.0,7,8,3.0,21.0,6.0,7.0
1,40,1,1,883,735.0,31,43.0,1,1.0,12,9,22.0,4.0,11.0,12.0
1,24,1,1,2381,1851.0,15,34.0,1,1.0,29,4,5.0,17.0,4.0,28.0
2,29,1,1,1912,1123.0,17,36.0,1,1.0,9,3,5.0,5.0,11.0,7.0
1,26,2,2,516,,NIU,,1,1.0,26,2,9.0,,,
1,30,2,2,158,,NIU,,1,1.0,9,1,28.0,,,
1,40,2,2,46,,NIU,,1,1.0,2,8,12.0,,,
1,44,3,2,529,250.0,20,,1,1.0,11,3,24.0,14.0,4.0,28.0
2,47,1,1,239,861.0,21,49.0,1,1.0,8,6,27.0,19.0,1.0,1.0
1,39,2,2,643,,NIU,,1,1.0,2,12,10.0,,,
1,31,1,1,175,70.0,22,35.0,1,1.0,18,12,28.0,17.0,7.0,12.0
1,37,1,1,1978,1449.0,27,42.0,1,1.0,1,4,3.0,4.0,10.0,29.0
1,43,1,1,1189,890.0,29,45.0,1,1.0,20,4,13.0,7.0,11.0,20.0
1,30,1,1,1057,727.0,27,32.0,1,1.0,9,6,22.0,6.0,1.0,24.0
2,37,1,1,282,163.0,22,44.0,1,1.0,1,3,23.0,9.0,10.0,28.0
1,48,1,1,1925,1409.0,18,54.0,1,1.0,6,12,18.0,31.0,4.0,21.0
1,35,1,1,265,838.0,26,32.0,1,1.0,7,7,16.0,12.0,4.0,31.0
1,29,2,2,1913,,NIU,,1,1.0,9,3,20.0,,,
1,26,2,2,820,,NIU,,1,1.0,26,7,10.0,,,
1,21,2,2,1479,,NIU,,1,1.0,21,9,9.0,,,
2,35,1,1,28,912.0,29,39.0,1,1.0,5,3,27.0,10.0,5.0,26.0
1,33,1,1,263,232.0,32,34.0,1,1.0,22,10,8.0,28.0,7.0,20.0
1,19,2,2,298,,NIU,,1,1.0,28,4,27.0,,,
1,39,1,1,52,690.0,21,40.0,1,1.0,24,7,21.0,21.0,6.0,2.0
1,40,1,1,2405,1850.0,22,42.0,1,1.0,12,12,2.0,1.0,1.0,1.0
1,20,1,2,19,54.0,19,21.0,1,1.0,27,9,14.0,26.0,9.0,10.0
2,20,2,2,579,,NIU,,1,1.0,21,12,27.0,,,
1,21,2,2,293,,NIU,,1,1.0,21,11,14.0,,,
2,32,1,1,1063,641.0,24,37.0,1,1.0,22,3,16.0,17.0,11.0,9.0
2,47,1,1,455,770.0,20,50.0,1,1.0,8,1,8.0,19.0,5.0,22.0
1,30,3,2,114,34.0,25,,1,1.0,9,7,11.0,3.0,3.0,29.0
1,33,1,1,1979,995.0,21,32.0,1,1.0,22,2,21.0,16.0,11.0,9.0
1,33,1,1,665,262.0,20,41.0,1,1.0,15,12,28.0,5.0,6.0,13.0
1,34,1,1,72,14.0,23,39.0,1,1.0,15,2,29.0,4.0,4.0,3.0
1,31,2,2,520,,NIU,,1,1.0,10,7,12.0,,,
2,44,1,1,1330,843.0,19,46.0,2,1.0,16,2,21.0,27.0,1.0,22.0
1,22,2,2,154,,NIU,,1,1.0,23,4,13.0,,,
1,39,1,1,79,823.0,25,37.0,1,1.0,24,6,7.0,7.0,3.0,31.0
1,36,1,1,554,346.0,26,44.0,1,,5,7,3.0,4.0,11.0,6.0
1,20,2,2,469,,NIU,,1,1.0,27,10,29.0,,,
2,44,1,1,1330,843.0,19,46.0,2,1.0,16,2,21.0,27.0,1.0,22.0
1,42,1,1,997,875.0,28,39.0,3,,14,11,31.0,5.0,6.0,23.0
1,38,2,2,1,,NIU,,1,1.0,1,1,25.0,,,
1,34,1,1,221,1423.0,24,37.0,1,1.0,15,9,5.0,17.0,1.0,19.0
2,17,2,2,62,,NIU,,1,1.0,25,3,29.0,,,
2,31,1,2,237,410.0,26,32.0,3,,18,4,20.0,3.0,1.0,13.0
1,40,1,2,1283,944.0,34,36.0,1,1.0,2,5,14.0,10.0,7.0,6.0
1,49,3,2,1480,870.0,26,,1,1.0,6,6,17.0,24.0,2.0,24.0
2,32,1,1,1334,215.0,16,45.0,1,1.0,18,6,19.0,13.0,5.0,30.0
1,25,2,2,406,,NIU,,1,1.0,29,9,22.0,,,
2,48,1,2,855,1849.0,23,59.0,1,1.0,3,6,1.0,27.0,1.0,16.0
1,41,1,1,1209,1036.0,28,38.0,1,1.0,12,7,3.0,5.0,2.0,10.0
1,41,3,1,1150,850.0,31,,1,1.0,12,1,20.0,17.0,7.0,14.0
1,27,2,2,2,,NIU,,1,1.0,19,3,15.0,,,
1,46,2,2,252,,NIU,,1,1.0,4,9,22.0,,,
2,33,1,2,157,42.0,26,33.0,1,1.0,22,4,30.0,10.0,1.0,5.0
1,35,1,1,1241,874.0,21,43.0,1,1.0,7,6,30.0,7.0,5.0,7.0
1,44,3,1,535,333.0,22,,1,1.0,11,12,9.0,15.0,4.0,10.0
1,22,2,2,2404,,NIU,,1,1.0,23,4,3.0,,,
1,37,1,1,1423,811.0,33,37.0,1,1.0,13,2,28.0,11.0,1.0,8.0
1,16,2,2,838,,NIU,,1,1.0,32,7,12.0,,,
1,27,2,2,734,,NIU,,1,1.0,19,4,18.0,,,
1,33,1,1,63,36.0,21,39.0,1,1.0,22,4,29.0,20.0,8.0,10.0
2,24,1,1,1599,969.0,20,26.0,1,1.0,29,3,17.0,11.0,1.0,18.0
1,25,1,2,893,30.0,25,30.0,1,1.0,26,3,5.0,26.0,1.0,6.0
1,21,2,2,293,,NIU,,1,1.0,21,11,14.0,,,
1,40,1,1,883,735.0,31,43.0,1,1.0,12,9,22.0,4.0,11.0,12.0
1,40,3,1,729,434.0,19,,1,1.0,2,5,19.0,18.0,8.0,19.0
2,20,2,2,309,,NIU,,1,1.0,27,11,27.0,,,
1,41,1,1,413,107.0,22,47.0,1,1.0,12,8,9.0,22.0,2.0,3.0
1,22,1,2,253,214.0,20,24.0,1,1.0,23,10,27.0,28.0,4.0,20.0
1,43,2,2,185,,NIU,,1,1.0,20,6,17.0,,,
1,25,2,2,108,,NIU,,1,1.0,29,2,4.0,,,
1,20,2,2,575,,NIU,,4,4.0,21,4,30.0,,,
1,48,1,1,1319,928.0,11,53.0,5,3.0,3,7,4.0,38.0,11.0,8.0
1,35,2,2,750,,NIU,,1,1.0,5,3,9.0,,,
1,28,2,2,21,,NIU,,2,1.0,19,11,28.0,,,
1,35,1,1,1010,671.0,20,37.0,1,1.0,7,5,19.0,9.0,2.0,18.0
2,38,3,1,627,396.0,19,,1,1.0,1,10,2.0,22.0,1.0,12.0
2,22,2,2,582,,NIU,,1,1.0,23,10,15.0,,,
1,36,1,2,323,195.0,32,43.0,1,1.0,5,8,8.0,11.0,2.0,10.0
2,19,2,2,1405,,NIU,,1,1.0,27,4,27.0,,,
1,43,1,1,1218,893.0,17,52.0,4,1.0,20,6,25.0,19.0,7.0,12.0
1,36,1,1,1948,1122.0,27,36.0,1,1.0,5,6,10.0,17.0,11.0,29.0
1,25,2,2,434,,NIU,,1,1.0,29,1,27.0,,,
1,40,1,1,291,217.0,19,44.0,1,1.0,2,2,16.0,18.0,3.0,23.0
1,18,2,2,471,,NIU,,1,1.0,25,6,10.0,,,
1,27,2,2,2,,NIU,,1,1.0,19,3,15.0,,,
2,32,1,1,66,15.0,19,39.0,4,1.0,18,2,22.0,5.0,2.0,29.0
1,34,1,1,72,14.0,23,39.0,1,1.0,15,2,29.0,4.0,4.0,3.0
2,34,1,1,827,457.0,20,36.0,1,1.0,15,6,8.0,7.0,6.0,26.0
1,18,2,2,69,,NIU,,1,1.0,25,10,2.0,,,
1,49,1,1,93,368.0,23,53.0,1,1.0,36,4,8.0,19.0,5.0,9.0
2,31,1,1,2403,1848.0,24,40.0,1,1.0,10,7,8.0,8.0,3.0,4.0
2,22,2,2,1011,,NIU,,1,1.0,23,9,3.0,,,
1,16,2,2,445,,NIU,,1,1.0,33,9,2.0,,,
2,37,1,1,14,2.0,18,43.0,1,1.0,13,10,14.0,1.0,9.0,5.0
2,37,1,1,17,57.0,29,38.0,1,1.0,1,3,6.0,12.0,2.0,7.0
1,27,1,1,1473,754.0,17,26.0,5,1.0,19,3,2.0,4.0,2.0,19.0
1,31,2,2,236,,NIU,,1,1.0,10,10,15.0,,,
2,32,1,1,53,857.0,23,33.0,1,1.0,18,10,30.0,12.0,6.0,5.0
1,24,2,2,751,,NIU,,1,1.0,17,1,24.0,,,
2,39,1,1,1960,1433.0,14,49.0,1,1.0,2,12,2.0,27.0,8.0,1.0
2,25,1,2,642,481.0,25,30.0,1,1.0,29,6,14.0,26.0,2.0,24.0
1,43,1,1,1499,1121.0,22,48.0,1,1.0,20,11,29.0,2.0,1.0,14.0
2,41,1,1,272,207.0,19,43.0,1,1.0,12,6,14.0,15.0,7.0,14.0
1,16,2,2,727,,NIU,,1,1.0,33,3,22.0,,,
1,41,1,1,127,31.0,18,43.0,1,1.0,12,2,8.0,15.0,4.0,1.0
2,29,1,1,2402,1847.0,24,38.0,1,5.0,34,7,3.0,3.0,8.0,19.0
1,19,2,2,364,,NIU,,1,1.0,27,12,15.0,,,
1,43,1,1,556,355.0,29,48.0,1,1.0,16,4,29.0,7.0,4.0,16.0
1,26,2,2,1168,,NIU,,1,1.0,26,7,4.0,,,
2,33,1,1,368,147.0,21,40.0,1,1.0,22,2,17.0,16.0,10.0,26.0
1,38,3,1,110,49.0,21,,1,1.0,1,6,22.0,21.0,3.0,6.0
1,48,1,1,168,90.0,21,50.0,1,1.0,3,1,19.0,19.0,5.0,28.0
1,47,1,1,71,143.0,23,51.0,1,1.0,3,3,8.0,14.0,8.0,23.0
1,18,2,2,92,,NIU,,1,1.0,25,5,15.0,,,
2,17,2,2,76,,NIU,,1,1.0,25,4,13.0,,,
1,23,2,2,167,,NIU,,1,1.0,31,7,19.0,,,
2,40,1,1,519,340.0,22,39.0,1,1.0,2,2,1.0,21.0,4.0,15.0
2,34,1,1,524,299.0,22,35.0,1,1.0,15,11,9.0,20.0,6.0,5.0
2,32,1,1,760,317.0,22,34.0,3,,22,3,18.0,4.0,10.0,7.0
1,38,1,2,6,3.0,31,37.0,1,1.0,1,11,10.0,10.0,5.0,30.0
1,48,3,1,1385,84.0,21,,1,1.0,3,5,14.0,23.0,1.0,15.0
2,24,1,1,1498,741.0,19,28.0,1,1.0,17,7,7.0,3.0,10.0,29.0
1,41,3,1,271,99.0,30,,1,1.0,12,7,28.0,4.0,1.0,4.0
1,45,1,1,315,441.0,19,48.0,1,1.0,11,1,5.0,27.0,4.0,24.0
1,33,1,1,1097,144.0,17,49.0,3,3.0,22,8,15.0,13.0,3.0,17.0
1,25,2,2,216,,NIU,,1,1.0,29,5,2.0,,,
1,33,1,1,2401,1846.0,27,44.0,1,1.0,22,11,18.0,10.0,3.0,6.0
1,16,2,2,148,,NIU,,1,1.0,32,1,21.0,,,
2,42,1,1,1497,1120.0,21,61.0,4,4.0,14,6,25.0,18.0,11.0,6.0
2,33,1,1,1496,1119.0,18,34.0,1,1.0,22,8,4.0,9.0,2.0,22.0
1,42,1,1,1563,1047.0,29,53.0,1,1.0,14,7,28.0,5.0,8.0,28.0
2,22,1,1,1278,937.0,21,30.0,1,1.0,23,4,25.0,26.0,1.0,20.0
2,30,1,1,658,489.0,22,29.0,1,1.0,10,12,8.0,12.0,6.0,19.0
1,21,2,2,164,,NIU,,1,1.0,21,9,28.0,,,
2,25,1,1,1426,1015.0,23,26.0,1,1.0,29,11,27.0,28.0,4.0,1.0
1,32,1,1,187,101.0,24,39.0,1,1.0,18,11,26.0,8.0,7.0,14.0
1,36,1,1,1787,1185.0,20,39.0,2,,5,7,14.0,9.0,9.0,11.0
2,42,3,1,836,474.0,27,,1,1.0,14,4,5.0,7.0,4.0,29.0
1,43,1,1,373,593.0,29,45.0,1,1.0,20,8,19.0,7.0,2.0,9.0
1,43,1,1,1198,783.0,25,42.0,1,1.0,20,10,13.0,1.0,2.0,16.0
2,38,3,1,1060,144.0,22,,1,1.0,1,7,1.0,13.0,3.0,17.0
1,26,2,2,820,,NIU,,1,1.0,26,7,10.0,,,
1,19,2,2,1541,,NIU,,1,1.0,28,6,6.0,,,
2,49,3,1,340,720.0,15,,1,1.0,6,6,3.0,35.0,5.0,26.0
1,36,2,2,160,,NIU,,1,1.0,5,7,7.0,,,
1,47,1,1,96,53.0,29,50.0,1,1.0,3,12,6.0,1.0,7.0,25.0
2,24,2,2,1004,,NIU,,2,1.0,17,8,26.0,,,
1,35,2,2,338,,NIU,,1,1.0,7,11,27.0,,,
2,23,2,2,56,,NIU,,1,1.0,17,3,8.0,,,
1,39,1,1,475,360.0,18,51.0,1,1.0,2,4,23.0,18.0,10.0,21.0
1,44,1,1,144,1021.0,34,47.0,1,1.0,16,6,17.0,4.0,6.0,17.0
2,49,1,1,380,227.0,29,52.0,1,1.0,36,3,6.0,2.0,6.0,31.0
2,49,1,1,994,668.0,25,54.0,2,,36,3,10.0,14.0,1.0,5.0
2,24,2,2,1478,,NIU,,1,1.0,17,7,17.0,,,
1,28,1,1,1161,1345.0,20,30.0,1,1.0,19,9,23.0,8.0,6.0,23.0
2,25,2,2,669,,NIU,,1,1.0,29,11,9.0,,,
1,16,2,2,445,,NIU,,1,1.0,33,9,2.0,,,
1,28,1,1,2400,1845.0,24,38.0,1,1.0,19,9,3.0,11.0,2.0,9.0
1,32,1,1,631,452.0,31,32.0,1,1.0,18,9,22.0,26.0,1.0,23.0
1,20,1,2,622,453.0,18,41.0,1,1.0,27,7,18.0,28.0,9.0,4.0
2,27,1,1,1693,1140.0,18,37.0,1,1.0,19,4,1.0,4.0,12.0,14.0
1,35,1,1,29,231.0,21,37.0,1,1.0,7,8,18.0,7.0,1.0,7.0
1,16,2,2,124,,NIU,,1,1.0,32,8,7.0,,,
1,48,1,1,709,520.0,17,46.0,1,1.0,3,10,10.0,32.0,5.0,29.0
1,35,1,1,117,50.0,21,34.0,3,1.0,7,2,18.0,7.0,11.0,12.0
1,37,2,2,525,,NIU,,1,1.0,13,10,28.0,,,
1,32,3,1,138,81.0,24,,1,1.0,18,8,23.0,12.0,7.0,11.0
2,19,2,2,528,,NIU,,2,1.0,28,8,9.0,,,
1,31,1,1,25,11.0,25,36.0,1,1.0,10,2,3.0,3.0,4.0,10.0
2,43,3,1,1397,957.0,17,,1,1.0,20,11,25.0,27.0,5.0,14.0
2,29,1,1,1606,1266.0,22,40.0,3,1.0,34,5,5.0,8.0,2.0,22.0
1,37,1,1,1232,964.0,23,36.0,1,1.0,13,4,23.0,5.0,4.0,28.0
2,42,1,1,899,126.0,25,41.0,2,1.0,14,11,15.0,21.0,2.0,26.0
1,40,1,1,610,358.0,18,54.0,1,1.0,2,1,15.0,18.0,4.0,17.0
2,30,1,1,1213,1844.0,24,35.0,1,1.0,9,5,18.0,10.0,8.0,5.0
2,25,2,2,1300,,NIU,,1,1.0,29,9,29.0,,,
1,21,2,2,164,,NIU,,1,1.0,21,9,28.0,,,
1,45,1,1,2399,1843.0,20,49.0,1,1.0,4,4,23.0,27.0,2.0,20.0
1,19,2,2,364,,NIU,,1,1.0,27,12,15.0,,,
2,48,1,1,346,682.0,21,54.0,1,1.0,3,6,7.0,23.0,12.0,4.0
1,45,1,1,850,873.0,28,45.0,1,1.0,11,9,3.0,13.0,10.0,7.0
2,48,1,1,969,560.0,21,53.0,1,1.0,3,6,9.0,23.0,4.0,13.0
1,26,1,2,1727,129.0,25,36.0,2,1.0,30,4,9.0,28.0,1.0,28.0
2,43,1,1,1180,1009.0,33,36.0,1,1.0,20,2,11.0,4.0,2.0,30.0
1,37,1,1,937,635.0,21,38.0,4,1.0,1,3,9.0,13.0,2.0,6.0
1,22,1,2,180,58.0,20,27.0,1,1.0,23,5,11.0,25.0,1.0,16.0
1,46,2,2,195,,NIU,,1,1.0,4,9,20.0,,,
2,27,1,1,1952,1118.0,22,31.0,2,1.0,30,11,16.0,3.0,11.0,14.0
2,19,2,2,258,,NIU,,1,1.0,28,2,26.0,,,
1,18,2,2,1640,,NIU,,1,1.0,25,8,21.0,,,
1,36,1,1,354,219.0,24,39.0,1,1.0,5,2,30.0,20.0,9.0,7.0
1,49,1,1,542,251.0,22,57.0,1,1.0,36,4,13.0,29.0,12.0,17.0
1,47,1,1,239,455.0,21,55.0,1,1.0,8,6,27.0,19.0,3.0,16.0
1,25,2,2,216,,NIU,,1,1.0,29,5,2.0,,,
1,40,1,1,1614,1261.0,25,45.0,1,1.0,12,4,15.0,9.0,10.0,6.0
1,44,3,1,73,398.0,19,,1,1.0,16,9,22.0,14.0,10.0,19.0
2,15,2,2,16,,NIU,,5,3.0,35,10,11.0,,,
2,36,1,1,1007,567.0,17,44.0,1,1.0,5,11,16.0,1.0,7.0,27.0
1,30,1,1,959,546.0,13,33.0,5,3.0,9,8,26.0,13.0,6.0,15.0
1,23,2,2,211,,NIU,,1,1.0,17,4,24.0,,,
1,39,1,1,2398,1842.0,30,38.0,1,1.0,24,1,13.0,12.0,7.0,7.0
1,32,3,1,1316,816.0,17,,5,3.0,18,2,21.0,7.0,9.0,16.0
1,39,1,1,2421,1111.0,29,45.0,1,1.0,24,2,13.0,4.0,1.0,28.0
2,29,1,1,1268,1863.0,17,32.0,1,1.0,34,7,1.0,16.0,11.0,11.0
1,45,1,1,382,75.0,19,49.0,1,1.0,11,5,30.0,27.0,6.0,19.0
1,22,1,1,1739,1347.0,19,33.0,1,1.0,23,11,24.0,6.0,8.0,15.0
2,37,1,1,659,490.0,24,38.0,4,1.0,13,9,30.0,16.0,5.0,10.0
2,29,1,1,1923,1419.0,25,29.0,1,1.0,9,3,18.0,11.0,10.0,13.0
2,22,2,2,9,,NIU,,1,1.0,23,5,23.0,,,
2,30,1,1,2420,1862.0,23,40.0,1,1.0,9,10,28.0,10.0,6.0,12.0
1,39,1,1,1025,22.0,22,41.0,1,1.0,24,10,23.0,13.0,9.0,21.0
2,25,2,2,259,,NIU,,1,1.0,26,3,23.0,,,
2,36,1,1,1638,1861.0,18,44.0,1,1.0,13,3,2.0,1.0,5.0,26.0
2,34,1,1,2419,1860.0,23,35.0,2,1.0,7,4,4.0,20.0,5.0,20.0
2,20,2,2,762,,NIU,,1,1.0,27,8,24.0,,,
1,30,2,2,835,,NIU,,1,1.0,10,3,29.0,,,
1,20,1,2,622,453.0,18,41.0,1,1.0,27,7,18.0,28.0,9.0,4.0
1,41,1,1,1179,698.0,24,42.0,1,1.0,12,7,16.0,13.0,7.0,19.0
1,43,3,1,573,278.0,18,,1,1.0,20,5,31.0,14.0,9.0,28.0
2,15,2,2,929,,NIU,,2,1.0,35,7,2.0,,,
2,40,1,1,327,157.0,27,41.0,1,1.0,2,10,28.0,5.0,10.0,19.0
1,30,1,1,977,1331.0,23,31.0,1,1.0,9,1,21.0,8.0,11.0,25.0
2,32,1,1,760,317.0,22,34.0,3,,22,3,18.0,4.0,10.0,7.0
1,45,3,1,363,548.0,17,,5,3.0,11,10,28.0,23.0,6.0,21.0
2,19,2,2,42,,NIU,,1,1.0,28,10,1.0,,,
2,39,1,1,563,601.0,20,40.0,1,1.0,24,11,8.0,1.0,7.0,2.0
2,23,2,2,1269,,NIU,,1,1.0,31,8,16.0,,,
2,30,1,1,2418,1110.0,20,35.0,1,1.0,9,8,9.0,4.0,7.0,17.0
1,31,1,1,1529,1098.0,21,35.0,1,1.0,10,1,29.0,17.0,1.0,10.0
1,47,1,1,96,53.0,29,50.0,1,1.0,3,12,6.0,1.0,7.0,25.0
1,34,1,1,32,772.0,24,34.0,1,1.0,15,1,24.0,4.0,3.0,4.0
1,23,1,1,299,211.0,23,31.0,1,1.0,17,4,17.0,28.0,12.0,7.0
2,32,2,2,394,,NIU,,1,1.0,18,10,10.0,,,
2,27,1,1,1642,1164.0,23,32.0,1,1.0,19,3,22.0,3.0,12.0,30.0
2,30,1,1,671,372.0,20,29.0,3,,9,7,17.0,4.0,10.0,25.0
2,23,1,1,1244,909.0,18,30.0,1,1.0,31,6,8.0,3.0,5.0,22.0
1,34,1,2,149,12.0,28,30.0,1,1.0,15,7,10.0,3.0,1.0,7.0
1,46,2,2,1039,,NIU,,1,1.0,4,1,20.0,,,
1,44,1,1,141,120.0,24,47.0,1,1.0,16,5,28.0,2.0,2.0,8.0
1,27,2,2,397,,NIU,,1,1.0,30,11,22.0,,,
2,34,1,1,2417,1859.0,19,36.0,1,1.0,7,4,5.0,13.0,3.0,21.0
1,36,1,1,799,1293.0,17,42.0,1,1.0,5,10,6.0,1.0,6.0,12.0
1,33,1,1,275,186.0,20,37.0,1,1.0,22,10,26.0,5.0,8.0,3.0
1,47,3,1,561,237.0,29,,1,1.0,3,3,19.0,1.0,7.0,18.0
2,42,3,1,978,652.0,27,,1,1.0,14,5,20.0,9.0,2.0,21.0
1,49,1,1,567,244.0,26,46.0,1,1.0,6,5,4.0,24.0,7.0,15.0
1,38,1,1,801,514.0,23,57.0,1,1.0,1,11,8.0,9.0,3.0,15.0
1,42,1,1,1957,1435.0,21,45.0,1,1.0,14,8,12.0,18.0,7.0,12.0
2,49,1,1,703,1071.0,21,48.0,1,1.0,6,8,25.0,29.0,7.0,16.0
1,22,2,2,217,,NIU,,1,1.0,23,9,30.0,,,
1,21,1,2,2416,1858.0,21,25.0,5,3.0,21,7,17.0,26.0,8.0,30.0
1,37,1,1,2415,1418.0,31,40.0,1,1.0,1,12,2.0,10.0,5.0,29.0
2,39,1,1,47,194.0,22,49.0,1,1.0,24,4,18.0,21.0,11.0,1.0
1,38,1,1,801,514.0,23,57.0,1,1.0,1,11,8.0,9.0,3.0,15.0
1,36,1,1,140,302.0,23,39.0,1,1.0,13,12,3.0,5.0,2.0,6.0
1,33,1,1,517,1012.0,29,31.0,1,1.0,15,9,3.0,11.0,8.0,10.0
1,29,1,2,420,153.0,21,34.0,1,1.0,34,5,23.0,12.0,7.0,29.0
1,30,1,1,191,205.0,20,32.0,1,1.0,9,11,28.0,17.0,5.0,1.0
2,20,2,2,1781,,NIU,,4,4.0,27,4,12.0,,,
2,45,1,1,95,181.0,17,48.0,1,1.0,11,7,28.0,29.0,8.0,3.0
2,19,2,2,61,,NIU,,1,1.0,27,4,3.0,,,
1,31,1,1,1782,1022.0,23,39.0,1,1.0,10,6,3.0,12.0,3.0,23.0
1,36,2,2,160,,NIU,,1,1.0,5,7,7.0,,,
1,39,1,1,269,1.0,24,41.0,1,1.0,24,7,29.0,9.0,2.0,1.0
1,38,3,1,483,621.0,21,,1,1.0,24,12,2.0,21.0,4.0,2.0
1,18,2,2,1522,,NIU,,1,1.0,25,5,22.0,,,
1,31,2,2,134,,NIU,,1,1.0,10,2,6.0,,,
1,42,1,1,286,16.0,19,44.0,1,1.0,14,1,17.0,15.0,4.0,8.0
1,41,1,1,749,529.0,23,45.0,3,1.0,12,2,1.0,1.0,3.0,2.0
1,34,1,1,378,220.0,27,36.0,1,1.0,15,8,14.0,8.0,8.0,8.0
1,46,1,1,1239,1109.0,22,41.0,1,1.0,4,5,25.0,14.0,8.0,2.0
1,23,2,2,958,,NIU,,1,1.0,31,11,5.0,,,
1,33,3,1,1058,427.0,27,,1,1.0,15,4,21.0,10.0,10.0,19.0
1,22,2,2,1573,,NIU,,1,1.0,23,1,12.0,,,
1,18,2,2,1240,,NIU,,5,3.0,28,4,17.0,,,
1,43,2,2,518,,NIU,,1,1.0,20,7,5.0,,,
1,15,2,2,266,,NIU,,1,1.0,35,7,25.0,,,
1,37,3,1,51,535.0,22,,5,3.0,1,3,21.0,13.0,12.0,10.0
1,27,1,1,220,104.0,20,36.0,1,1.0,30,5,22.0,8.0,8.0,18.0
1,41,1,1,1805,603.0,25,41.0,1,1.0,12,9,9.0,9.0,7.0,26.0
1,49,3,1,13,8.0,27,,1,1.0,36,3,9.0,15.0,1.0,28.0
2,48,1,1,1711,1159.0,22,50.0,1,1.0,3,7,30.0,19.0,5.0,1.0
2,33,1,1,2414,1857.0,19,41.0,1,1.0,22,9,30.0,7.0,2.0,28.0
1,16,2,2,148,,NIU,,1,1.0,32,1,21.0,,,
1,42,3,1,18,10.0,23,,1,1.0,14,9,18.0,1.0,9.0,27.0
1,27,2,2,2,,NIU,,1,1.0,19,3,15.0,,,
1,15,2,2,266,,NIU,,1,1.0,35,7,25.0,,,
1,49,1,1,1053,738.0,21,57.0,1,1.0,36,3,8.0,29.0,8.0,26.0
1,33,2,2,967,,NIU,,1,1.0,22,11,17.0,,,
2,17,2,2,1552,,NIU,,1,1.0,25,4,31.0,,,
2,40,1,1,50,292.0,29,44.0,1,1.0,2,2,17.0,20.0,8.0,1.0
1,32,1,2,237,779.0,25,34.0,1,1.0,18,4,20.0,10.0,4.0,16.0
2,40,1,1,46,277.0,17,45.0,1,1.0,2,8,12.0,24.0,3.0,15.0
1,15,2,2,2413,,NIU,,1,1.0,35,7,27.0,,,
1,34,1,1,414,206.0,28,35.0,1,1.0,15,6,13.0,10.0,3.0,26.0
2,20,1,1,424,736.0,16,24.0,1,1.0,27,1,7.0,11.0,11.0,13.0
1,31,1,2,130,43.0,26,36.0,1,1.0,10,4,30.0,11.0,1.0,10.0
2,26,1,1,2409,1243.0,19,53.0,5,,30,12,15.0,8.0,9.0,7.0
1,40,1,1,33,528.0,26,43.0,1,1.0,2,8,6.0,7.0,3.0,15.0
1,29,3,1,385,193.0,20,,1,1.0,9,12,31.0,17.0,4.0,14.0
1,22,2,2,1845,,NIU,,1,1.0,23,2,15.0,,,
2,23,2,2,56,,NIU,,1,1.0,17,3,8.0,,,
1,35,1,1,176,71.0,17,41.0,1,1.0,7,8,3.0,21.0,6.0,7.0
2,32,2,2,948,,NIU,,2,1.0,22,3,20.0,,,
1,20,2,2,583,,NIU,,2,2.0,27,9,26.0,,,
2,32,1,1,1681,1171.0,18,41.0,1,1.0,18,6,27.0,7.0,11.0,6.0
2,16,2,2,124,,NIU,,1,1.0,32,8,7.0,,,
2,23,1,1,2408,1856.0,21,40.0,1,1.0,17,9,8.0,6.0,12.0,10.0
2,18,2,2,452,,NIU,,5,3.0,25,1,11.0,,,
2,20,2,2,309,,NIU,,1,1.0,27,11,27.0,,,
1,24,1,2,1075,637.0,23,27.0,1,1.0,29,4,14.0,28.0,1.0,25.0
1,48,1,1,584,245.0,22,55.0,1,1.0,3,1,11.0,19.0,3.0,31.0
1,33,1,2,100,93.0,26,39.0,1,1.0,22,5,23.0,8.0,4.0,15.0
2,31,2,2,885,,NIU,,1,1.0,10,5,2.0,,,
1,41,1,1,484,323.0,27,42.0,1,1.0,12,5,4.0,5.0,6.0,19.0
1,20,2,2,228,,NIU,,2,1.0,27,10,4.0,,,
2,16,2,2,386,,NIU,,1,1.0,32,1,20.0,,,
1,17,2,2,2407,,NIU,,1,1.0,33,7,1.0,,,
1,25,2,2,829,,NIU,,1,1.0,26,12,2.0,,,
1,42,3,1,151,164.0,23,,1,1.0,14,1,15.0,1.0,6.0,28.0
2,29,1,1,1364,1023.0,28,27.0,1,1.0,9,3,19.0,28.0,5.0,8.0
1,33,1,1,1615,1260.0,24,36.0,1,1.0,15,12,13.0,17.0,8.0,24.0
1,41,1,1,395,179.0,27,40.0,1,1.0,12,2,6.0,7.0,12.0,30.0
1,47,3,1,552,356.0,22,,1,1.0,8,7,24.0,27.0,8.0,21.0
1,45,1,1,70,33.0,25,53.0,1,1.0,11,2,15.0,2.0,8.0,26.0
2,42,1,1,35,676.0,18,45.0,1,1.0,14,8,2.0,14.0,5.0,29.0
2,45,1,1,1396,962.0,16,52.0,1,1.0,4,9,12.0,30.0,1.0,21.0
1,36,2,2,722,,NIU,,1,1.0,5,10,15.0,,,
2,45,1,1,1092,293.0,18,49.0,1,1.0,11,2,6.0,23.0,12.0,18.0
2,16,2,2,999,,NIU,,3,,32,8,14.0,,,
2,15,2,2,1588,,NIU,,1,1.0,35,4,9.0,,,
1,20,1,2,622,453.0,18,41.0,1,1.0,27,7,18.0,28.0,9.0,4.0
2,16,2,2,1662,,NIU,,1,1.0,32,11,23.0,,,
2,37,1,1,721,409.0,22,46.0,1,1.0,13,5,12.0,9.0,2.0,27.0
2,17,1,1,924,549.0,16,39.0,2,1.0,25,12,9.0,28.0,10.0,4.0
2,33,1,1,1496,1119.0,18,34.0,1,1.0,22,8,4.0,9.0,2.0,22.0
1,38,1,2,6,3.0,31,37.0,1,1.0,1,11,10.0,10.0,5.0,30.0
1,35,1,1,5,7.0,22,40.0,1,1.0,7,1,2.0,5.0,10.0,22.0
2,39,1,1,563,601.0,20,40.0,1,1.0,24,11,8.0,1.0,7.0,2.0
1,32,1,2,170,66.0,29,33.0,1,1.0,18,9,2.0,25.0,4.0,25.0
1,40,1,1,2438,889.0,30,43.0,1,1.0,2,11,6.0,17.0,1.0,3.0
1,47,2,2,342,,NIU,,1,1.0,8,6,24.0,,,
2,18,2,2,452,,NIU,,5,3.0,25,1,11.0,,,
1,17,2,2,767,,NIU,,1,1.0,33,1,23.0,,,
1,39,1,1,58,35.0,21,48.0,1,1.0,24,11,23.0,1.0,3.0,31.0
2,44,1,1,39,1117.0,15,53.0,1,1.0,11,4,9.0,30.0,7.0,19.0
2,22,1,2,548,312.0,16,24.0,1,1.0,23,9,27.0,3.0,1.0,27.0
2,24,1,1,2437,1887.0,17,38.0,1,1.0,29,12,5.0,12.0,11.0,15.0
1,39,1,1,212,109.0,23,43.0,1,1.0,2,12,17.0,13.0,10.0,30.0
1,45,1,1,85,9.0,29,43.0,1,1.0,4,3,23.0,13.0,1.0,23.0
1,45,2,2,412,,NIU,,1,1.0,4,12,1.0,,,
2,15,2,2,1442,,NIU,,1,1.0,35,5,2.0,,,
1,21,1,2,4,4.0,21,33.0,1,1.0,21,6,14.0,26.0,6.0,13.0
1,27,2,2,685,,NIU,,1,1.0,30,4,17.0,,,
2,34,1,2,674,381.0,27,37.0,1,1.0,15,6,19.0,8.0,10.0,12.0
2,33,1,2,157,42.0,26,33.0,1,1.0,22,4,30.0,10.0,1.0,5.0
1,37,1,1,51,187.0,22,53.0,1,1.0,1,3,21.0,9.0,1.0,11.0
1,32,2,2,22,,NIU,,1,1.0,18,7,19.0,,,
1,47,1,1,23,20.0,26,47.0,2,1.0,8,8,11.0,18.0,5.0,7.0
2,35,1,1,29,696.0,16,38.0,1,1.0,7,8,18.0,1.0,6.0,19.0
1,19,2,2,824,,NIU,,1,1.0,28,10,22.0,,,
1,18,2,2,463,,NIU,,1,1.0,25,6,18.0,,,
2,17,2,2,76,,NIU,,1,1.0,25,4,13.0,,,
2,37,1,1,1220,1022.0,30,45.0,1,1.0,1,4,18.0,12.0,3.0,23.0
2,45,1,1,166,95.0,14,52.0,1,1.0,4,3,10.0,32.0,2.0,6.0
2,26,1,1,1708,1886.0,20,33.0,1,1.0,26,9,3.0,3.0,6.0,20.0
2,30,1,1,658,489.0,22,29.0,1,1.0,10,12,8.0,12.0,6.0,19.0
1,26,2,2,87,,NIU,,1,1.0,26,1,16.0,,,
2,26,1,1,645,62.0,23,27.0,2,1.0,26,8,14.0,25.0,6.0,21.0
1,28,1,1,2436,1885.0,25,30.0,1,1.0,34,12,8.0,6.0,3.0,1.0
2,47,1,1,31,511.0,44,48.0,1,1.0,8,5,21.0,6.0,10.0,28.0
2,39,1,1,232,100.0,23,42.0,1,1.0,2,3,7.0,13.0,7.0,7.0
1,33,1,1,63,36.0,21,39.0,1,1.0,22,4,29.0,20.0,8.0,10.0
1,17,2,2,84,,NIU,,1,1.0,33,2,25.0,,,
2,37,1,1,14,2.0,18,43.0,1,1.0,13,10,14.0,1.0,9.0,5.0
2,34,1,1,827,457.0,20,36.0,1,1.0,15,6,8.0,7.0,6.0,26.0
1,38,1,1,687,740.0,19,55.0,2,1.0,1,10,17.0,22.0,2.0,14.0
2,33,1,1,1850,1367.0,29,38.0,1,1.0,15,4,25.0,11.0,1.0,15.0
1,24,2,2,1147,,NIU,,1,1.0,17,4,4.0,,,
2,18,2,2,1193,,NIU,,1,1.0,25,2,24.0,,,
1,47,1,2,697,468.0,30,47.0,1,1.0,8,10,20.0,21.0,1.0,16.0
1,39,3,1,161,63.0,27,,1,1.0,2,3,3.0,16.0,2.0,6.0
1,37,2,2,525,,NIU,,1,1.0,13,10,28.0,,,
2,28,1,1,1439,976.0,19,33.0,1,1.0,19,9,5.0,12.0,8.0,22.0
1,45,3,1,95,854.0,32,,1,1.0,11,7,28.0,5.0,3.0,5.0
1,49,1,1,466,336.0,20,51.0,1,1.0,6,7,6.0,30.0,8.0,12.0
1,44,3,1,736,504.0,36,,1,1.0,11,4,21.0,12.0,2.0,11.0
1,37,1,1,224,121.0,28,35.0,1,1.0,13,5,2.0,12.0,9.0,19.0
2,33,1,1,615,537.0,18,36.0,1,1.0,22,11,24.0,7.0,1.0,31.0
1,43,3,1,318,1108.0,21,,1,1.0,20,10,14.0,15.0,1.0,15.0
1,45,3,1,246,133.0,22,,1,1.0,4,3,25.0,24.0,2.0,20.0
2,19,2,2,1382,,NIU,,3,,28,1,12.0,,,
1,32,1,1,1641,1176.0,22,35.0,1,1.0,22,9,5.0,4.0,6.0,29.0
1,31,1,1,2435,1884.0,19,41.0,1,1.0,10,8,7.0,20.0,6.0,17.0
2,37,1,1,1291,973.0,22,40.0,1,1.0,13,10,7.0,9.0,3.0,17.0
2,45,1,1,695,499.0,23,52.0,1,1.0,11,5,27.0,15.0,8.0,17.0
1,40,1,1,851,624.0,23,39.0,1,1.0,2,7,24.0,13.0,4.0,19.0
2,26,1,1,917,337.0,19,32.0,2,1.0,30,9,18.0,8.0,1.0,14.0
1,35,2,2,602,,NIU,,1,1.0,7,4,27.0,,,
1,32,1,1,470,12.0,27,30.0,3,1.0,22,3,19.0,3.0,1.0,7.0
2,36,1,1,2434,1874.0,14,38.0,3,,5,9,30.0,18.0,5.0,19.0
2,37,1,1,282,163.0,22,44.0,1,1.0,1,3,23.0,9.0,10.0,28.0
2,27,1,1,2433,1873.0,19,37.0,1,1.0,30,7,8.0,12.0,12.0,5.0
1,27,2,2,397,,NIU,,1,1.0,30,11,22.0,,,
1,20,2,2,923,,NIU,,1,1.0,27,2,20.0,,,
1,48,1,1,1108,540.0,26,51.0,1,1.0,3,9,30.0,15.0,3.0,25.0
1,45,1,1,43,25.0,19,50.0,1,1.0,11,8,2.0,19.0,9.0,13.0
1,35,1,1,176,71.0,17,41.0,1,1.0,7,8,3.0,21.0,6.0,7.0
2,40,1,1,519,340.0,22,39.0,1,1.0,2,2,1.0,21.0,4.0,15.0
2,17,2,2,247,,NIU,,1,1.0,33,5,13.0,,,
2,49,1,1,1016,563.0,23,48.0,1,1.0,36,12,5.0,19.0,2.0,12.0
1,40,1,1,1159,97.0,23,50.0,4,1.0,2,9,9.0,13.0,5.0,12.0
1,35,1,1,1709,1093.0,20,43.0,1,1.0,7,7,13.0,7.0,1.0,16.0
1,44,1,1,407,9.0,28,47.0,1,1.0,16,6,11.0,13.0,1.0,23.0
2,43,1,1,185,208.0,23,47.0,1,1.0,20,6,17.0,2.0,8.0,22.0
1,35,1,1,5,7.0,22,40.0,1,1.0,7,1,2.0,5.0,10.0,22.0
1,18,2,2,98,,NIU,,1,1.0,25,2,5.0,,,
1,27,1,2,329,608.0,25,28.0,1,1.0,30,11,28.0,28.0,4.0,22.0
1,35,1,1,503,692.0,21,45.0,3,,7,8,17.0,7.0,2.0,23.0
2,35,1,1,2432,1872.0,17,34.0,1,1.0,7,9,11.0,1.0,11.0,24.0
1,49,3,1,262,130.0,22,,1,1.0,6,5,14.0,23.0,10.0,15.0
1,35,1,1,117,50.0,21,34.0,3,1.0,7,2,18.0,7.0,11.0,12.0
2,26,1,1,645,62.0,23,27.0,2,1.0,26,8,14.0,25.0,6.0,21.0
2,29,1,1,1364,1023.0,28,27.0,1,1.0,9,3,19.0,28.0,5.0,8.0
1,28,2,2,675,,NIU,,1,1.0,34,3,14.0,,,
1,32,1,2,952,728.0,26,34.0,1,1.0,18,7,5.0,3.0,1.0,12.0
1,38,1,1,687,740.0,19,55.0,2,1.0,1,10,17.0,22.0,2.0,14.0
2,47,1,1,357,149.0,21,48.0,1,1.0,8,8,5.0,19.0,11.0,10.0
2,47,1,2,324,197.0,43,47.0,1,1.0,8,7,19.0,11.0,10.0,4.0
1,31,1,1,2431,1903.0,25,32.0,1,1.0,10,8,10.0,10.0,1.0,17.0
1,36,1,1,1228,750.0,28,37.0,1,1.0,5,1,30.0,8.0,4.0,29.0
1,42,3,1,18,10.0,23,,1,1.0,14,9,18.0,1.0,9.0,27.0
1,38,1,1,1119,633.0,36,37.0,1,1.0,24,12,3.0,6.0,11.0,18.0
1,31,1,1,2430,1092.0,26,30.0,1,1.0,10,5,6.0,3.0,2.0,11.0
1,49,1,1,490,359.0,22,54.0,1,1.0,6,5,9.0,23.0,10.0,8.0
1,23,2,2,568,,NIU,,1,1.0,17,9,22.0,,,
2,24,2,2,361,,NIU,,1,1.0,17,1,19.0,,,
2,49,1,1,527,13.0,18,56.0,1,1.0,6,11,3.0,31.0,9.0,10.0
2,34,1,1,602,1902.0,29,42.0,1,1.0,7,4,27.0,3.0,6.0,8.0
2,16,2,2,401,,NIU,,1,1.0,32,10,21.0,,,
2,42,1,1,704,465.0,23,42.0,1,1.0,14,9,30.0,22.0,11.0,16.0
2,23,2,2,438,,NIU,,1,1.0,31,2,14.0,,,
2,48,1,1,1302,828.0,17,58.0,1,1.0,3,9,28.0,32.0,2.0,27.0
1,48,1,2,692,407.0,43,49.0,1,1.0,3,10,27.0,3.0,2.0,7.0
2,47,1,1,1087,749.0,18,55.0,1,1.0,3,4,18.0,30.0,5.0,7.0
1,44,1,1,494,310.0,21,46.0,1,1.0,16,6,10.0,24.0,9.0,8.0
1,32,1,1,1710,748.0,27,32.0,1,1.0,18,9,17.0,3.0,2.0,26.0
2,35,1,1,1022,716.0,22,39.0,1,1.0,7,10,21.0,16.0,4.0,13.0
1,46,1,1,1751,1254.0,24,41.0,1,1.0,4,1,5.0,15.0,12.0,12.0
2,47,1,1,357,149.0,21,48.0,1,1.0,8,8,5.0,19.0,11.0,10.0
1,31,1,1,1689,341.0,25,39.0,1,1.0,18,9,11.0,10.0,8.0,28.0
1,30,1,1,1437,1007.0,26,34.0,1,1.0,10,12,30.0,11.0,3.0,31.0
1,27,2,2,1251,,NIU,,1,1.0,30,10,16.0,,,
1,33,2,2,957,,NIU,,1,1.0,15,12,31.0,,,
1,34,1,2,149,12.0,28,30.0,1,1.0,15,7,10.0,3.0,1.0,7.0
2,22,2,2,1011,,NIU,,1,1.0,23,9,3.0,,,
1,16,2,2,124,,NIU,,1,1.0,32,8,7.0,,,
2,49,1,1,527,13.0,18,56.0,1,1.0,6,11,3.0,31.0,9.0,10.0
1,48,1,1,168,90.0,21,50.0,1,1.0,3,1,19.0,19.0,5.0,28.0
1,19,2,2,481,,NIU,,1,1.0,27,3,10.0,,,
1,37,1,1,1594,1091.0,30,39.0,1,1.0,13,7,30.0,8.0,12.0,23.0
2,33,3,1,733,424.0,24,,1,1.0,15,3,5.0,17.0,3.0,22.0
1,44,1,1,660,416.0,28,42.0,1,1.0,16,8,17.0,13.0,5.0,14.0
2,40,1,1,50,292.0,29,44.0,1,1.0,2,2,17.0,20.0,8.0,1.0
2,41,1,1,1133,810.0,29,51.0,2,1.0,12,6,13.0,16.0,4.0,4.0
1,36,1,1,235,384.0,25,38.0,1,1.0,13,3,25.0,20.0,2.0,7.0
2,40,1,1,519,340.0,22,39.0,1,1.0,2,2,1.0,21.0,4.0,15.0
2,30,1,1,817,498.0,20,30.0,1,1.0,9,2,13.0,17.0,4.0,18.0
1,34,3,1,281,862.0,22,,1,1.0,15,8,28.0,16.0,1.0,7.0
1,32,1,1,2453,42.0,25,32.0,1,1.0,18,1,31.0,10.0,1.0,5.0
1,40,3,1,1260,107.0,20,,1,1.0,2,3,23.0,22.0,2.0,3.0
1,47,3,1,59,366.0,18,,1,1.0,8,1,29.0,30.0,2.0,10.0
1,17,2,2,146,,NIU,,1,1.0,33,4,4.0,,,
2,19,2,2,848,,NIU,,1,1.0,28,7,2.0,,,
1,31,1,1,175,70.0,22,35.0,1,1.0,18,12,28.0,17.0,7.0,12.0
2,26,1,1,2452,1901.0,20,28.0,1,1.0,26,11,15.0,3.0,9.0,6.0
2,30,1,1,1972,609.0,20,33.0,1,1.0,10,4,13.0,4.0,8.0,8.0
1,36,1,1,626,1407.0,26,39.0,1,1.0,5,9,23.0,17.0,4.0,13.0
2,19,2,2,528,,NIU,,2,1.0,28,8,9.0,,,
1,38,1,1,2451,1896.0,28,41.0,1,1.0,24,3,29.0,4.0,9.0,27.0
2,17,2,2,1723,,NIU,,1,1.0,33,1,30.0,,,
1,28,1,1,515,318.0,18,33.0,5,3.0,19,10,5.0,4.0,1.0,1.0
1,28,1,1,172,534.0,20,38.0,1,1.0,19,11,30.0,8.0,10.0,7.0
1,49,1,1,533,704.0,26,49.0,1,1.0,36,4,2.0,24.0,2.0,28.0
1,20,2,2,57,,NIU,,1,1.0,27,8,28.0,,,
2,43,3,1,1397,957.0,17,,1,1.0,20,11,25.0,27.0,5.0,14.0
2,41,2,2,1009,,NIU,,1,1.0,12,6,22.0,,,
1,27,2,2,397,,NIU,,1,1.0,30,11,22.0,,,
1,24,2,2,143,,NIU,,1,1.0,17,2,25.0,,,
2,31,1,2,34,128.0,29,24.0,1,1.0,10,9,7.0,28.0,4.0,3.0
2,15,2,2,1170,,NIU,,1,1.0,35,10,20.0,,,
1,30,1,2,177,282.0,24,29.0,1,1.0,9,3,7.0,3.0,2.0,9.0
2,27,1,1,1600,1154.0,22,31.0,1,1.0,30,6,31.0,3.0,11.0,20.0
2,17,2,2,657,,NIU,,1,1.0,33,7,17.0,,,
1,29,1,2,607,362.0,25,31.0,1,1.0,34,2,2.0,11.0,5.0,11.0
1,39,1,1,1707,1104.0,20,47.0,1,1.0,24,3,3.0,22.0,12.0,27.0
1,23,2,2,381,,NIU,,1,1.0,17,3,24.0,,,
2,39,2,1,647,,NIU,,3,1.0,24,5,16.0,,,
1,36,1,1,554,346.0,26,44.0,1,,5,7,3.0,4.0,11.0,6.0
1,43,1,1,707,500.0,34,49.0,1,1.0,20,2,30.0,12.0,9.0,14.0
1,44,3,2,529,250.0,20,,1,1.0,11,3,24.0,14.0,4.0,28.0
2,47,1,2,324,197.0,43,47.0,1,1.0,8,7,19.0,11.0,10.0,4.0
1,36,3,1,1294,936.0,26,,1,1.0,5,3,8.0,17.0,4.0,20.0
1,44,1,1,39,592.0,20,45.0,1,1.0,11,4,9.0,14.0,2.0,29.0
2,28,2,2,139,,NIU,,1,1.0,19,2,8.0,,,
2,32,1,1,1105,170.0,25,31.0,1,1.0,22,4,16.0,12.0,12.0,12.0
2,18,2,2,92,,NIU,,1,1.0,25,5,15.0,,,
2,18,2,2,2450,,NIU,,1,1.0,25,11,1.0,,,
1,49,1,1,189,106.0,30,51.0,1,1.0,6,9,6.0,22.0,2.0,18.0
2,22,2,2,678,,NIU,,1,1.0,23,5,25.0,,,
1,45,1,1,1199,780.0,20,52.0,1,1.0,11,5,20.0,14.0,9.0,1.0
2,25,1,1,2449,1895.0,19,42.0,5,1.0,29,6,27.0,10.0,3.0,12.0
2,45,1,1,1092,293.0,18,49.0,1,1.0,11,2,6.0,23.0,12.0,18.0
2,25,2,2,306,,NIU,,2,1.0,29,5,28.0,,,
2,16,2,2,1098,,NIU,,1,1.0,32,10,12.0,,,
2,23,2,2,438,,NIU,,1,1.0,31,2,14.0,,,
2,49,1,1,501,1115.0,15,55.0,1,,6,5,8.0,35.0,2.0,12.0
1,44,3,1,73,352.0,22,,1,1.0,16,9,22.0,15.0,11.0,9.0
2,43,1,1,2448,1894.0,27,43.0,5,3.0,20,5,26.0,13.0,2.0,11.0
2,40,1,1,1558,1285.0,12,38.0,1,1.0,12,3,25.0,29.0,4.0,3.0
2,48,1,1,1603,1304.0,16,60.0,1,1.0,3,9,1.0,32.0,5.0,19.0
1,43,1,1,318,614.0,31,42.0,1,1.0,20,10,14.0,16.0,7.0,9.0
1,42,1,1,1401,755.0,31,40.0,1,1.0,14,6,20.0,20.0,3.0,31.0
2,25,1,1,1973,1078.0,23,28.0,1,1.0,29,6,31.0,25.0,12.0,30.0
2,27,1,2,213,112.0,24,24.0,1,1.0,30,7,21.0,25.0,4.0,11.0
1,35,1,1,155,69.0,24,36.0,1,1.0,7,8,13.0,20.0,8.0,3.0
2,39,1,1,232,100.0,23,42.0,1,1.0,2,3,7.0,13.0,7.0,7.0
1,43,1,1,1702,1333.0,20,41.0,1,1.0,20,11,13.0,24.0,12.0,8.0
2,22,2,2,288,,NIU,,2,1.0,23,9,25.0,,,
2,41,1,1,74,561.0,21,50.0,1,1.0,12,8,22.0,2.0,12.0,10.0
1,47,1,1,59,478.0,25,51.0,1,1.0,8,1,29.0,15.0,3.0,23.0
1,31,1,2,941,591.0,24,40.0,1,1.0,18,4,11.0,8.0,1.0,15.0
2,21,1,1,477,655.0,18,25.0,1,1.0,23,3,9.0,6.0,2.0,25.0
2,43,1,1,574,263.0,18,46.0,1,1.0,20,5,1.0,27.0,4.0,19.0
2,41,2,2,464,,NIU,,1,1.0,12,5,3.0,,,
1,38,1,2,870,616.0,34,32.0,4,4.0,1,10,25.0,11.0,3.0,30.0
1,20,1,2,19,54.0,19,21.0,1,1.0,27,9,14.0,26.0,9.0,10.0
1,32,2,2,735,,NIU,,1,1.0,22,3,30.0,,,
2,18,2,2,1083,,NIU,,1,1.0,25,8,9.0,,,
2,44,1,1,308,707.0,19,48.0,1,1.0,16,2,10.0,27.0,2.0,2.0
2,36,1,1,886,734.0,13,38.0,5,3.0,5,2,27.0,24.0,11.0,8.0
1,30,3,1,118,46.0,21,,1,1.0,9,7,8.0,12.0,7.0,8.0
1,27,2,2,1251,,NIU,,1,1.0,30,10,16.0,,,
1,15,2,2,457,,NIU,,1,1.0,32,3,14.0,,,
1,36,1,1,219,113.0,16,41.0,1,1.0,5,8,28.0,2.0,7.0,1.0
1,23,1,1,1907,1128.0,21,32.0,1,1.0,31,5,15.0,25.0,3.0,15.0
2,36,1,1,814,479.0,33,33.0,1,1.0,5,1,27.0,6.0,8.0,10.0
2,26,1,2,1546,1077.0,25,24.0,1,1.0,26,9,12.0,26.0,1.0,12.0
1,30,1,1,1145,1202.0,27,32.0,1,1.0,9,10,19.0,6.0,5.0,13.0
2,40,1,1,54,300.0,33,45.0,1,1.0,2,8,5.0,8.0,5.0,24.0
1,32,3,1,1878,1355.0,29,,1,1.0,18,2,18.0,6.0,8.0,9.0
1,49,3,1,1454,747.0,29,,1,1.0,6,9,8.0,2.0,3.0,25.0
1,20,2,2,662,,NIU,,1,1.0,27,8,6.0,,,
2,39,1,1,513,313.0,20,47.0,1,1.0,24,1,5.0,22.0,2.0,4.0
2,24,1,1,461,320.0,20,24.0,3,,29,4,2.0,3.0,3.0,28.0
1,46,1,1,20,122.0,27,46.0,1,1.0,4,11,3.0,22.0,3.0,7.0
1,23,1,1,2447,1893.0,17,28.0,1,1.0,31,2,17.0,10.0,5.0,5.0
1,21,2,2,115,,NIU,,1,1.0,21,6,9.0,,,
2,30,1,1,1488,1425.0,22,30.0,1,1.0,10,4,6.0,17.0,11.0,31.0
2,45,1,1,577,688.0,19,52.0,1,1.0,4,4,5.0,23.0,11.0,9.0
1,28,2,2,21,,NIU,,2,1.0,19,11,28.0,,,
1,35,1,1,1547,1076.0,23,38.0,1,1.0,7,2,11.0,16.0,3.0,12.0
1,44,1,1,842,97.0,28,45.0,2,1.0,16,7,11.0,13.0,5.0,12.0
2,39,1,1,1516,1892.0,21,40.0,1,1.0,24,2,22.0,1.0,1.0,29.0
1,21,2,2,689,,NIU,,1,1.0,21,9,26.0,,,
2,30,1,1,661,596.0,20,37.0,1,1.0,9,2,25.0,17.0,6.0,12.0
1,40,1,1,1120,714.0,28,41.0,1,1.0,2,11,24.0,16.0,2.0,17.0
2,48,1,1,268,137.0,27,48.0,1,1.0,3,10,21.0,18.0,3.0,11.0
1,32,3,1,138,81.0,24,,1,1.0,18,8,23.0,12.0,7.0,11.0
2,40,2,2,198,,NIU,,1,1.0,2,6,22.0,,,
2,18,2,2,968,,NIU,,1,1.0,28,12,11.0,,,
1,49,3,1,262,130.0,22,,1,1.0,6,5,14.0,23.0,10.0,15.0
1,29,2,2,1913,,NIU,,1,1.0,9,3,20.0,,,
2,40,1,1,182,89.0,21,44.0,1,1.0,2,1,11.0,1.0,6.0,5.0
2,24,2,2,810,,NIU,,1,1.0,17,11,14.0,,,
2,42,1,1,1962,1217.0,22,40.0,1,1.0,14,11,3.0,2.0,3.0,14.0
1,30,1,1,2446,1891.0,24,31.0,1,1.0,10,4,4.0,8.0,12.0,26.0
1,41,3,1,271,99.0,30,,1,1.0,12,7,28.0,4.0,1.0,4.0
1,48,1,1,433,377.0,31,28.0,1,1.0,3,10,16.0,21.0,1.0,21.0
1,34,1,1,1840,1310.0,28,35.0,1,1.0,15,11,16.0,3.0,9.0,11.0
1,30,1,1,215,140.0,25,32.0,1,1.0,10,4,29.0,3.0,5.0,9.0
1,18,2,2,12,,NIU,,1,1.0,25,10,27.0,,,
1,20,3,1,981,689.0,19,,1,1.0,21,3,23.0,28.0,10.0,10.0
2,25,2,2,931,,NIU,,4,1.0,29,10,25.0,,,
1,40,1,1,851,624.0,23,39.0,1,1.0,2,7,24.0,13.0,4.0,19.0
2,21,2,2,112,,NIU,,1,1.0,23,4,7.0,,,
1,42,1,1,1695,1346.0,32,44.0,1,1.0,14,1,5.0,17.0,1.0,18.0
2,46,1,2,843,448.0,19,47.0,1,1.0,4,2,26.0,23.0,10.0,7.0
1,28,1,1,1793,1312.0,25,34.0,1,1.0,34,12,10.0,6.0,10.0,23.0
1,26,2,2,439,,NIU,,1,1.0,30,4,13.0,,,
1,45,2,2,163,,NIU,,1,1.0,11,8,10.0,,,
2,41,1,1,435,24.0,20,42.0,1,1.0,12,2,23.0,2.0,9.0,20.0
1,38,1,1,2445,1890.0,25,46.0,1,1.0,1,2,25.0,5.0,10.0,23.0
1,22,2,2,2439,,NIU,,1,1.0,23,1,7.0,,,
1,49,1,1,421,184.0,25,61.0,1,1.0,6,2,1.0,14.0,2.0,28.0
2,35,1,1,1071,847.0,22,38.0,1,1.0,7,1,19.0,16.0,1.0,20.0
1,39,1,2,47,510.0,25,39.0,1,1.0,24,4,18.0,5.0,7.0,28.0
2,16,2,2,448,,NIU,,1,1.0,32,8,11.0,,,
2,35,1,1,2470,1889.0,21,39.0,1,1.0,5,3,21.0,7.0,7.0,12.0
1,41,1,1,413,107.0,22,47.0,1,1.0,12,8,9.0,22.0,2.0,3.0
2,46,1,1,691,503.0,18,47.0,1,1.0,4,11,16.0,23.0,10.0,19.0
2,35,3,2,196,65.0,25,,1,1.0,5,3,1.0,4.0,6.0,4.0
2,16,2,2,174,,NIU,,1,1.0,33,3,23.0,,,
2,29,1,1,1221,872.0,22,28.0,1,1.0,34,7,11.0,10.0,7.0,17.0
2,33,2,2,1808,,NIU,,1,1.0,22,1,9.0,,,
1,19,2,2,188,,NIU,,1,1.0,28,1,1.0,,,
1,21,2,2,293,,NIU,,1,1.0,21,11,14.0,,,
1,37,1,1,2469,1888.0,28,39.0,1,1.0,1,9,25.0,4.0,11.0,23.0
1,21,2,2,313,,NIU,,1,1.0,21,11,22.0,,,
1,35,1,1,755,524.0,21,38.0,1,1.0,7,10,26.0,7.0,1.0,4.0
1,45,3,1,39,190.0,18,,1,1.0,11,4,9.0,19.0,4.0,29.0
2,18,2,2,92,,NIU,,1,1.0,25,5,15.0,,,
1,45,2,2,163,,NIU,,1,1.0,11,8,10.0,,,
2,44,1,1,472,307.0,34,42.0,1,1.0,16,2,26.0,17.0,9.0,22.0
1,25,2,2,434,,NIU,,1,1.0,29,1,27.0,,,
1,44,1,1,251,115.0,26,45.0,1,1.0,16,9,16.0,1.0,12.0,24.0
1,38,2,2,1,,NIU,,1,1.0,1,1,25.0,,,
1,44,1,1,536,291.0,18,52.0,1,1.0,16,1,21.0,27.0,6.0,22.0
1,43,1,1,1280,943.0,28,48.0,1,1.0,16,3,20.0,9.0,1.0,21.0
1,45,1,1,2468,1919.0,22,40.0,1,1.0,11,2,4.0,24.0,5.0,15.0
1,29,1,1,1639,569.0,23,34.0,1,1.0,34,5,11.0,10.0,1.0,31.0
2,15,2,2,608,,NIU,,1,1.0,35,8,19.0,,,
1,40,1,1,1512,1442.0,19,41.0,1,1.0,12,12,30.0,18.0,7.0,11.0
1,27,1,1,1473,754.0,17,26.0,5,1.0,19,3,2.0,4.0,2.0,19.0
1,49,3,1,48,68.0,17,,1,1.0,6,2,4.0,33.0,11.0,7.0
1,49,1,1,189,106.0,30,51.0,1,1.0,6,9,6.0,22.0,2.0,18.0
1,37,1,1,487,258.0,16,45.0,4,1.0,13,5,4.0,2.0,6.0,6.0
1,45,1,2,450,338.0,27,49.0,1,1.0,11,8,16.0,1.0,7.0,9.0
1,24,2,2,197,,NIU,,1,1.0,17,1,20.0,,,
2,40,1,1,3,85.0,19,46.0,1,1.0,2,8,16.0,18.0,10.0,17.0
2,37,3,1,632,426.0,21,,1,1.0,13,7,2.0,9.0,9.0,20.0
1,42,1,1,1809,1075.0,21,46.0,1,1.0,20,4,8.0,15.0,3.0,20.0
1,33,1,2,100,93.0,26,39.0,1,1.0,22,5,23.0,8.0,4.0,15.0
1,35,1,1,621,1203.0,28,39.0,2,1.0,7,11,6.0,10.0,7.0,13.0
2,39,1,1,226,1918.0,19,32.0,1,1.0,24,7,6.0,22.0,9.0,20.0
1,32,1,1,1549,1152.0,17,35.0,1,1.0,18,8,9.0,9.0,3.0,9.0
1,16,2,2,347,,NIU,,1,1.0,32,2,10.0,,,
1,38,1,1,1305,903.0,29,38.0,1,1.0,1,7,27.0,17.0,2.0,22.0
1,37,1,1,2467,1917.0,28,37.0,4,4.0,13,1,16.0,17.0,10.0,7.0
1,49,1,1,1053,738.0,21,57.0,1,1.0,36,3,8.0,29.0,8.0,26.0
1,45,1,1,335,212.0,35,43.0,1,1.0,11,6,22.0,4.0,12.0,21.0
1,30,2,2,191,,NIU,,1,1.0,9,11,28.0,,,
1,38,1,1,41,476.0,24,39.0,3,1.0,1,9,16.0,5.0,1.0,5.0
1,32,1,2,170,66.0,29,33.0,1,1.0,18,9,2.0,25.0,4.0,25.0
1,45,3,1,246,133.0,22,,1,1.0,4,3,25.0,24.0,2.0,20.0
2,15,2,2,929,,NIU,,2,1.0,35,7,2.0,,,
1,20,2,2,583,,NIU,,2,2.0,27,9,26.0,,,
1,16,2,2,148,,NIU,,1,1.0,32,1,21.0,,,
1,25,2,2,2466,,NIU,,1,1.0,29,11,26.0,,,
2,22,2,2,582,,NIU,,1,1.0,23,10,15.0,,,
1,21,2,2,950,,NIU,,1,1.0,21,9,6.0,,,
2,35,1,1,29,696.0,16,38.0,1,1.0,7,8,18.0,1.0,6.0,19.0
1,23,2,2,705,,NIU,,1,1.0,31,11,3.0,,,
1,44,1,1,1736,462.0,20,50.0,1,1.0,11,12,12.0,14.0,2.0,3.0
1,32,1,1,1481,839.0,29,38.0,1,1.0,22,3,11.0,11.0,12.0,12.0
1,21,2,2,1173,,NIU,,1,1.0,21,8,7.0,,,
1,42,3,1,18,10.0,23,,1,1.0,14,9,18.0,1.0,9.0,27.0
1,21,1,2,4,4.0,21,33.0,1,1.0,21,6,14.0,26.0,6.0,13.0
2,33,2,2,1808,,NIU,,1,1.0,22,1,9.0,,,
1,46,1,1,120,23.0,20,47.0,1,1.0,4,10,13.0,19.0,1.0,11.0
1,30,1,1,959,546.0,13,33.0,5,3.0,9,8,26.0,13.0,6.0,15.0
1,31,2,2,135,,NIU,,1,1.0,10,1,26.0,,,
1,40,1,1,208,114.0,23,41.0,1,1.0,12,3,22.0,1.0,11.0,5.0
2,21,2,2,145,,NIU,,2,1.0,21,8,24.0,,,
2,39,1,1,939,708.0,20,48.0,1,1.0,24,6,23.0,22.0,8.0,12.0
1,38,1,2,6,3.0,31,37.0,1,1.0,1,11,10.0,10.0,5.0,30.0
2,25,1,1,509,297.0,18,31.0,1,1.0,29,6,23.0,8.0,3.0,20.0
2,40,1,1,312,171.0,23,43.0,1,1.0,2,7,28.0,21.0,2.0,20.0
1,17,2,2,767,,NIU,,1,1.0,33,1,23.0,,,
2,44,1,1,328,173.0,24,60.0,2,1.0,16,8,7.0,2.0,2.0,12.0
2,45,1,1,234,851.0,22,52.0,1,1.0,11,5,2.0,24.0,1.0,31.0
2,35,2,2,569,,NIU,,1,1.0,7,6,29.0,,,
2,41,1,1,435,24.0,20,42.0,1,1.0,12,2,23.0,2.0,9.0,20.0
2,46,1,1,1373,939.0,21,48.0,1,1.0,4,6,11.0,27.0,11.0,19.0
1,22,2,2,1571,,NIU,,1,1.0,23,1,14.0,,,
1,30,1,1,863,860.0,24,32.0,1,1.0,9,1,31.0,3.0,4.0,28.0
2,47,1,1,357,149.0,21,48.0,1,1.0,8,8,5.0,19.0,11.0,10.0
1,44,1,1,144,1021.0,34,47.0,1,1.0,16,6,17.0,4.0,6.0,17.0
1,19,1,2,320,150.0,19,20.0,1,1.0,28,6,9.0,26.0,1.0,2.0
1,21,2,2,831,,NIU,,2,2.0,23,3,11.0,,,
1,43,1,1,233,123.0,28,46.0,1,1.0,20,10,4.0,7.0,4.0,18.0
2,22,2,2,582,,NIU,,1,1.0,23,10,15.0,,,
1,40,2,2,46,,NIU,,1,1.0,2,8,12.0,,,
2,46,1,1,1239,1916.0,17,51.0,5,3.0,4,5,25.0,30.0,7.0,8.0
1,48,1,1,1082,619.0,27,48.0,1,1.0,3,11,15.0,18.0,2.0,23.0
1,22,2,2,683,,NIU,,1,1.0,31,4,13.0,,,
1,49,1,1,803,491.0,19,59.0,1,1.0,6,7,17.0,31.0,10.0,16.0
2,36,1,1,1048,685.0,32,29.0,4,1.0,5,10,1.0,11.0,8.0,27.0
1,45,1,1,982,705.0,32,47.0,1,1.0,11,6,14.0,5.0,11.0,15.0
1,45,1,1,70,33.0,25,53.0,1,1.0,11,2,15.0,2.0,8.0,26.0
1,18,2,2,98,,NIU,,1,1.0,25,2,5.0,,,
1,35,1,1,2465,1915.0,27,36.0,1,1.0,7,2,28.0,12.0,10.0,12.0
2,22,2,2,2464,,NIU,,1,1.0,31,12,12.0,,,
2,19,2,2,19,,NIU,,1,1.0,27,9,14.0,,,
2,37,1,1,715,411.0,20,44.0,3,,1,12,19.0,21.0,6.0,14.0
1,49,3,1,648,440.0,18,,1,1.0,36,4,17.0,33.0,3.0,23.0
1,30,3,1,118,46.0,21,,1,1.0,9,7,8.0,12.0,7.0,8.0
1,45,3,1,332,769.0,19,,1,1.0,11,5,17.0,19.0,1.0,4.0
1,16,2,2,102,,NIU,,1,1.0,32,10,9.0,,,
1,46,1,1,807,432.0,27,46.0,1,1.0,4,9,13.0,1.0,5.0,19.0
1,19,2,2,188,,NIU,,1,1.0,28,1,1.0,,,
1,22,2,2,1904,,NIU,,1,1.0,23,7,19.0,,,
1,43,1,2,1433,934.0,23,44.0,1,1.0,16,4,31.0,2.0,10.0,14.0
1,28,1,2,936,636.0,28,28.0,2,2.0,19,6,26.0,26.0,1.0,13.0
1,46,1,1,37,86.0,21,46.0,1,1.0,4,11,21.0,14.0,6.0,8.0
2,25,1,1,1426,1015.0,23,26.0,1,1.0,29,11,27.0,28.0,4.0,1.0
2,46,2,2,668,,NIU,,1,1.0,4,5,8.0,,,
2,47,1,1,737,1200.0,16,54.0,1,1.0,8,11,22.0,32.0,8.0,28.0
1,43,1,1,1595,600.0,38,43.0,1,1.0,16,12,17.0,3.0,3.0,25.0
1,41,1,1,83,316.0,22,42.0,1,2.0,12,7,15.0,22.0,5.0,5.0
1,45,1,1,43,25.0,19,50.0,1,1.0,11,8,2.0,19.0,9.0,13.0
1,32,1,1,470,12.0,27,30.0,3,1.0,22,3,19.0,3.0,1.0,7.0
2,34,1,1,524,299.0,22,35.0,1,1.0,15,11,9.0,20.0,6.0,5.0
2,40,1,1,3,85.0,19,46.0,1,1.0,2,8,16.0,18.0,10.0,17.0
1,40,1,1,54,342.0,26,55.0,4,1.0,2,8,5.0,7.0,8.0,25.0
2,37,1,1,240,131.0,22,40.0,1,1.0,1,4,21.0,13.0,11.0,25.0
1,36,2,2,884,,NIU,,1,1.0,13,3,16.0,,,
2,33,1,1,875,387.0,17,47.0,1,1.0,22,4,18.0,9.0,5.0,6.0
2,35,1,1,321,1062.0,23,39.0,1,1.0,7,10,22.0,16.0,5.0,13.0
2,24,1,1,111,1914.0,19,30.0,1,1.0,17,9,14.0,3.0,12.0,27.0
2,37,1,1,1295,1074.0,25,37.0,1,1.0,13,4,24.0,20.0,8.0,27.0
2,48,3,1,1328,757.0,15,,3,,3,5,20.0,33.0,9.0,22.0
1,49,1,1,421,184.0,25,61.0,1,1.0,6,2,1.0,14.0,2.0,28.0
2,34,1,1,524,299.0,22,35.0,1,1.0,15,11,9.0,20.0,6.0,5.0
2,18,2,2,1400,,NIU,,4,4.0,25,4,7.0,,,
1,22,2,2,383,,NIU,,1,1.0,23,5,4.0,,,
1,15,2,2,1370,,NIU,,1,1.0,35,10,12.0,,,
1,33,1,1,1367,580.0,24,32.0,1,1.0,22,1,13.0,17.0,2.0,26.0
1,28,2,2,21,,NIU,,2,1.0,19,11,28.0,,,
1,44,3,1,73,352.0,22,,1,1.0,16,9,22.0,15.0,11.0,9.0
1,34,2,2,1272,,NIU,,1,1.0,15,5,28.0,,,
1,48,1,1,199,118.0,22,48.0,1,1.0,3,4,4.0,27.0,5.0,17.0
1,26,2,2,256,,NIU,,1,1.0,26,8,6.0,,,
1,43,1,1,1280,943.0,28,48.0,1,1.0,16,3,20.0,9.0,1.0,21.0
1,18,2,2,1200,,NIU,,1,1.0,25,7,26.0,,,
1,43,1,1,2463,1913.0,23,42.0,1,1.0,20,5,27.0,2.0,3.0,12.0
1,16,2,2,598,,NIU,,2,1.0,32,6,11.0,,,
1,22,2,2,205,,NIU,,4,4.0,23,5,15.0,,,
2,38,1,1,202,167.0,18,38.0,1,1.0,1,11,7.0,2.0,2.0,28.0
1,47,2,2,109,,NIU,,1,1.0,3,4,15.0,,,
1,16,2,2,1230,,NIU,,1,1.0,32,8,28.0,,,
1,20,2,2,228,,NIU,,2,1.0,27,10,4.0,,,
1,20,2,2,57,,NIU,,1,1.0,27,8,28.0,,,
2,44,3,1,407,974.0,20,,1,1.0,16,6,11.0,14.0,4.0,4.0
1,49,1,1,65,159.0,34,53.0,1,1.0,6,4,18.0,7.0,7.0,30.0
2,47,1,1,173,96.0,21,53.0,1,1.0,8,10,26.0,19.0,2.0,30.0
1,27,2,2,891,,NIU,,1,1.0,30,8,5.0,,,
1,19,2,2,468,,NIU,,1,1.0,28,9,17.0,,,
1,37,1,1,352,627.0,25,37.0,1,1.0,13,9,12.0,20.0,9.0,9.0
1,30,1,1,267,776.0,27,32.0,1,1.0,10,4,15.0,6.0,2.0,22.0
2,29,1,1,2462,1912.0,23,32.0,1,1.0,34,4,16.0,10.0,3.0,11.0
1,49,1,1,635,989.0,27,56.0,1,1.0,36,3,11.0,15.0,3.0,17.0
1,24,2,2,197,,NIU,,1,1.0,17,1,20.0,,,
1,29,1,2,521,27.0,26,31.0,1,1.0,34,7,18.0,6.0,8.0,4.0
2,32,2,2,394,,NIU,,1,1.0,18,10,10.0,,,
2,41,1,1,280,1252.0,36,44.0,1,1.0,12,6,11.0,3.0,5.0,8.0
1,47,1,1,96,53.0,29,50.0,1,1.0,3,12,6.0,1.0,7.0,25.0
1,30,1,2,1870,1384.0,26,32.0,1,1.0,9,10,23.0,11.0,1.0,26.0
1,27,1,2,828,480.0,25,27.0,1,1.0,30,8,20.0,28.0,6.0,6.0
1,48,1,1,27,18.0,27,52.0,1,1.0,3,1,21.0,2.0,5.0,9.0
1,28,1,2,1510,1157.0,25,35.0,1,1.0,19,7,28.0,25.0,7.0,27.0
2,15,2,2,864,,NIU,,1,1.0,32,4,3.0,,,
2,39,1,1,939,708.0,20,48.0,1,1.0,24,6,23.0,22.0,8.0,12.0
1,22,2,2,217,,NIU,,1,1.0,23,9,30.0,,,
2,21,2,2,510,,NIU,,1,1.0,21,5,4.0,,,
1,20,1,2,19,54.0,19,21.0,1,1.0,27,9,14.0,26.0,9.0,10.0
1,46,2,2,954,,NIU,,2,1.0,4,11,7.0,,,
2,39,1,1,1146,808.0,22,44.0,2,2.0,24,1,20.0,21.0,2.0,22.0
1,24,2,2,819,,NIU,,1,1.0,17,6,6.0,,,
1,41,1,1,1583,40.0,20,38.0,1,1.0,12,1,2.0,2.0,4.0,8.0
2,19,1,1,1703,1332.0,15,21.0,5,1.0,28,1,20.0,6.0,4.0,20.0
2,19,2,2,1296,,NIU,,1,1.0,28,1,17.0,,,
2,46,2,2,1297,,NIU,,1,1.0,4,10,24.0,,,
1,38,3,1,110,49.0,21,,1,1.0,1,6,22.0,21.0,3.0,6.0
2,35,1,1,80,644.0,13,42.0,1,1.0,7,11,12.0,18.0,7.0,4.0
1,48,1,1,168,90.0,21,50.0,1,1.0,3,1,19.0,19.0,5.0,28.0
1,24,1,1,1789,1315.0,20,30.0,1,1.0,29,4,19.0,11.0,9.0,6.0
2,25,2,2,664,,NIU,,2,2.0,29,1,9.0,,,
1,30,1,1,215,140.0,25,32.0,1,1.0,10,4,29.0,3.0,5.0,9.0
1,26,3,1,723,344.0,20,,1,1.0,26,11,20.0,10.0,3.0,5.0
1,40,2,1,242,,NIU,,1,1.0,2,7,10.0,,,
1,45,1,1,85,9.0,29,43.0,1,1.0,4,3,23.0,13.0,1.0,23.0
2,17,1,1,924,549.0,16,39.0,2,1.0,25,12,9.0,28.0,10.0,4.0
1,44,3,1,736,504.0,36,,1,1.0,11,4,21.0,12.0,2.0,11.0
2,47,1,1,2461,1911.0,16,49.0,1,1.0,8,11,1.0,31.0,10.0,18.0
2,33,1,1,368,147.0,21,40.0,1,1.0,22,2,17.0,16.0,10.0,26.0
1,34,1,1,431,375.0,21,38.0,1,1.0,7,12,17.0,5.0,1.0,28.0
2,40,1,1,182,89.0,21,44.0,1,1.0,2,1,11.0,1.0,6.0,5.0
1,27,2,2,734,,NIU,,1,1.0,19,4,18.0,,,
2,48,3,2,49,19.0,34,,1,1.0,3,5,22.0,5.0,9.0,26.0
1,31,1,1,1340,899.0,21,36.0,1,1.0,10,10,24.0,4.0,3.0,9.0
1,38,2,2,1445,,NIU,,1,1.0,1,11,2.0,,,
1,41,1,1,314,162.0,26,46.0,3,1.0,12,2,13.0,9.0,8.0,31.0
2,27,1,2,821,471.0,27,28.0,1,1.0,30,11,18.0,26.0,2.0,16.0
1,26,3,1,723,344.0,20,,1,1.0,26,11,20.0,10.0,3.0,5.0
1,47,3,1,561,237.0,29,,1,1.0,3,3,19.0,1.0,7.0,18.0
1,19,2,2,364,,NIU,,1,1.0,27,12,15.0,,,
1,45,1,1,43,25.0,19,50.0,1,1.0,11,8,2.0,19.0,9.0,13.0
1,41,1,1,314,162.0,26,46.0,3,1.0,12,2,13.0,9.0,8.0,31.0
1,31,2,2,1203,,NIU,,1,1.0,18,12,22.0,,,
2,36,1,1,846,397.0,24,39.0,1,1.0,5,9,16.0,20.0,4.0,6.0
2,23,2,2,557,,NIU,,3,,31,7,15.0,,,
1,49,3,1,2456,1910.0,18,,1,1.0,6,8,4.0,32.0,7.0,29.0
2,34,1,1,1114,423.0,20,41.0,1,1.0,15,11,21.0,7.0,3.0,28.0
2,47,1,1,184,13.0,16,51.0,1,1.0,8,1,2.0,31.0,9.0,10.0
2,15,2,2,2455,,NIU,,2,1.0,35,8,28.0,,,
1,45,1,1,356,138.0,25,46.0,2,1.0,11,6,9.0,2.0,3.0,10.0
1,37,1,1,1232,964.0,23,36.0,1,1.0,13,4,23.0,5.0,4.0,28.0
2,42,1,1,1772,1302.0,16,46.0,1,1.0,14,9,28.0,27.0,7.0,19.0
1,35,1,1,176,71.0,17,41.0,1,1.0,7,8,3.0,21.0,6.0,7.0
1,46,2,2,252,,NIU,,1,1.0,4,9,22.0,,,
1,36,2,2,722,,NIU,,1,1.0,5,10,15.0,,,
1,49,1,1,2486,1909.0,25,59.0,4,4.0,36,3,28.0,14.0,5.0,12.0
2,26,1,2,889,552.0,25,31.0,1,1.0,26,9,16.0,26.0,10.0,15.0
1,32,2,2,735,,NIU,,1,1.0,22,3,30.0,,,
1,16,2,2,334,,NIU,,1,1.0,32,2,15.0,,,
2,18,2,2,918,,NIU,,2,2.0,25,5,2.0,,,
1,48,1,1,818,517.0,18,57.0,1,1.0,3,11,6.0,30.0,6.0,25.0
2,24,1,1,2485,1908.0,19,29.0,1,1.0,17,8,4.0,3.0,3.0,22.0
1,47,1,1,31,92.0,34,42.0,1,1.0,8,5,21.0,5.0,1.0,3.0
1,49,1,1,714,437.0,20,54.0,1,1.0,6,7,27.0,30.0,11.0,22.0
2,31,1,1,1115,272.0,24,31.0,1,1.0,10,7,15.0,10.0,9.0,24.0
1,49,3,1,48,842.0,20,,1,1.0,6,2,4.0,30.0,8.0,21.0
1,36,1,1,523,27.0,32,32.0,1,1.0,5,9,8.0,6.0,8.0,4.0
1,32,1,1,730,435.0,16,53.0,1,1.0,18,3,30.0,13.0,11.0,3.0
1,20,2,2,923,,NIU,,1,1.0,27,2,20.0,,,
1,34,1,1,431,375.0,21,38.0,1,1.0,7,12,17.0,5.0,1.0,28.0
1,48,1,1,2484,84.0,21,51.0,1,,3,8,28.0,23.0,1.0,15.0
2,20,2,2,888,,NIU,,1,1.0,21,12,11.0,,,
2,31,1,1,775,458.0,29,42.0,2,1.0,10,6,29.0,25.0,6.0,11.0
1,19,2,2,248,,NIU,,1,1.0,27,12,27.0,,,
1,40,1,1,2483,1907.0,31,42.0,1,1.0,12,12,15.0,17.0,1.0,27.0
1,41,1,1,127,31.0,18,43.0,1,1.0,12,2,8.0,15.0,4.0,1.0
1,36,1,2,1101,283.0,23,43.0,1,1.0,5,1,15.0,16.0,6.0,1.0
2,26,1,1,917,337.0,19,32.0,2,1.0,30,9,18.0,8.0,1.0,14.0
2,28,1,1,785,526.0,19,35.0,1,1.0,19,2,9.0,17.0,10.0,31.0
1,30,1,2,447,254.0,28,28.0,1,1.0,9,6,3.0,25.0,6.0,9.0
2,38,1,1,2482,1906.0,28,40.0,1,1.0,24,12,7.0,4.0,1.0,2.0
2,35,1,1,206,145.0,24,34.0,1,1.0,5,12,15.0,16.0,11.0,22.0
1,24,2,2,143,,NIU,,1,1.0,17,2,25.0,,,
1,46,2,2,252,,NIU,,1,1.0,4,9,22.0,,,
1,16,2,2,347,,NIU,,1,1.0,32,2,10.0,,,
1,19,2,2,104,,NIU,,1,1.0,27,4,22.0,,,
2,39,1,1,1151,94.0,22,42.0,3,,24,9,26.0,13.0,9.0,24.0
1,47,2,2,342,,NIU,,1,1.0,8,6,24.0,,,
1,48,1,1,553,345.0,31,60.0,1,1.0,3,2,27.0,13.0,7.0,6.0
1,23,1,1,299,211.0,23,31.0,1,1.0,17,4,17.0,28.0,12.0,7.0
1,44,3,2,1329,930.0,26,,1,2.0,16,8,22.0,1.0,11.0,16.0
2,44,1,1,877,599.0,16,50.0,1,1.0,11,4,11.0,29.0,5.0,12.0
1,29,1,1,1191,1029.0,20,38.0,1,1.0,34,9,7.0,12.0,9.0,22.0
1,34,1,2,360,155.0,32,35.0,1,1.0,15,11,19.0,28.0,1.0,11.0
2,18,2,2,918,,NIU,,2,2.0,25,5,2.0,,,
1,38,2,2,1,,NIU,,1,1.0,1,1,25.0,,,
1,15,2,2,508,,NIU,,1,1.0,35,9,25.0,,,
1,44,1,1,1854,283.0,31,43.0,1,1.0,16,1,18.0,16.0,6.0,1.0
1,44,1,2,502,247.0,28,50.0,3,,16,1,25.0,9.0,1.0,22.0
2,46,2,2,1297,,NIU,,1,1.0,4,10,24.0,,,
1,48,1,1,89,332.0,19,43.0,1,1.0,3,6,8.0,30.0,6.0,8.0
2,16,2,2,231,,NIU,,1,1.0,33,3,3.0,,,
2,44,3,1,407,974.0,20,,1,1.0,16,6,11.0,14.0,4.0,4.0
1,36,1,1,793,166.0,23,41.0,1,1.0,13,3,11.0,5.0,8.0,6.0
2,37,1,1,282,163.0,22,44.0,1,1.0,1,3,23.0,9.0,10.0,28.0
1,35,1,1,5,7.0,22,40.0,1,1.0,7,1,2.0,5.0,10.0,22.0
2,22,1,2,548,312.0,16,24.0,1,1.0,23,9,27.0,3.0,1.0,27.0
1,21,2,2,617,,NIU,,5,3.0,21,6,28.0,,,
1,35,1,1,5,7.0,22,40.0,1,1.0,7,1,2.0,5.0,10.0,22.0
2,40,1,1,1206,1028.0,15,35.0,1,1.0,2,11,9.0,27.0,12.0,15.0
1,39,3,1,161,63.0,27,,1,1.0,2,3,3.0,16.0,2.0,6.0
1,34,1,1,1684,515.0,26,37.0,1,1.0,15,11,17.0,12.0,2.0,13.0
1,48,3,1,322,519.0,15,,1,1.0,3,5,29.0,34.0,10.0,7.0
2,19,2,2,1810,,NIU,,1,1.0,28,7,3.0,,,
1,26,2,2,1008,,NIU,,1,1.0,30,3,18.0,,,
1,49,1,1,714,437.0,20,54.0,1,1.0,6,7,27.0,30.0,11.0,22.0
1,47,3,1,454,305.0,19,,1,1.0,8,11,13.0,23.0,7.0,18.0
1,49,3,1,48,68.0,17,,1,1.0,6,2,4.0,33.0,11.0,7.0
1,24,2,2,819,,NIU,,1,1.0,17,6,6.0,,,
1,46,1,1,99,911.0,17,47.0,1,1.0,4,5,28.0,29.0,9.0,3.0
1,46,1,1,1747,1167.0,28,44.0,1,1.0,4,9,16.0,21.0,5.0,10.0
2,28,1,1,826,1905.0,23,32.0,1,1.0,19,5,16.0,3.0,3.0,11.0
1,20,3,1,981,689.0,19,,1,1.0,21,3,23.0,28.0,10.0,10.0
2,40,2,2,198,,NIU,,1,1.0,2,6,22.0,,,
1,41,3,1,1029,547.0,27,,1,1.0,12,6,16.0,7.0,4.0,13.0
1,25,2,2,764,,NIU,,1,1.0,29,10,17.0,,,
2,42,3,1,978,652.0,27,,1,1.0,14,5,20.0,9.0,2.0,21.0
2,29,1,1,1446,985.0,19,34.0,1,1.0,34,7,10.0,4.0,3.0,1.0
2,20,2,2,1781,,NIU,,4,4.0,27,4,12.0,,,
1,40,3,1,428,249.0,19,,1,1.0,2,7,29.0,2.0,9.0,12.0
1,41,1,1,74,168.0,20,46.0,1,1.0,12,8,22.0,18.0,1.0,13.0
1,39,1,1,1361,892.0,21,38.0,1,1.0,24,6,26.0,1.0,2.0,7.0
1,38,3,1,458,303.0,18,,5,1.0,1,2,4.0,2.0,8.0,12.0
1,35,1,1,1709,1093.0,20,43.0,1,1.0,7,7,13.0,7.0,1.0,16.0
1,15,2,2,1811,,NIU,,4,1.0,35,6,16.0,,,
1,34,1,1,2481,1904.0,19,38.0,1,1.0,7,12,10.0,9.0,12.0,28.0
1,38,1,1,2480,1935.0,31,39.0,1,1.0,1,7,11.0,8.0,10.0,23.0
1,36,1,1,554,346.0,26,44.0,1,,5,7,3.0,4.0,11.0,6.0
1,37,1,1,2479,1358.0,22,38.0,1,1.0,1,4,13.0,9.0,2.0,14.0
2,35,2,2,1309,,NIU,,1,1.0,7,9,7.0,,,
2,25,2,2,259,,NIU,,1,1.0,26,3,23.0,,,
2,40,1,1,3,85.0,19,46.0,1,1.0,2,8,16.0,18.0,10.0,17.0
1,45,1,1,1176,791.0,28,45.0,1,1.0,11,5,13.0,13.0,9.0,22.0
2,24,2,2,1285,,NIU,,1,1.0,29,12,29.0,,,
1,36,1,1,779,1934.0,25,37.0,1,1.0,5,11,13.0,4.0,9.0,12.0
2,16,2,2,1350,,NIU,,1,1.0,33,12,13.0,,,
1,22,2,2,253,,NIU,,1,1.0,23,10,27.0,,,
1,25,1,1,2478,1927.0,22,35.0,1,1.0,26,3,8.0,6.0,2.0,3.0
1,24,2,2,751,,NIU,,1,1.0,17,1,24.0,,,
2,45,1,1,1091,611.0,20,48.0,1,1.0,4,3,3.0,27.0,7.0,6.0
1,35,1,1,1010,671.0,20,37.0,1,1.0,7,5,19.0,9.0,2.0,18.0
2,28,1,1,2477,1111.0,18,28.0,1,1.0,19,6,28.0,4.0,1.0,28.0
1,23,2,2,879,,NIU,,1,1.0,31,2,12.0,,,
1,15,2,2,457,,NIU,,1,1.0,32,3,14.0,,,
2,25,1,1,1245,1408.0,22,43.0,1,1.0,29,7,19.0,6.0,12.0,14.0
1,30,1,2,485,38.0,27,30.0,1,1.0,9,10,27.0,6.0,3.0,19.0
1,46,1,1,392,433.0,25,45.0,3,,4,9,25.0,2.0,10.0,3.0
1,28,2,2,1243,,NIU,,1,1.0,19,11,20.0,,,
2,18,2,2,441,,NIU,,1,1.0,25,3,18.0,,,
1,17,2,2,587,,NIU,,1,1.0,33,1,2.0,,,
1,32,1,1,631,452.0,31,32.0,1,1.0,18,9,22.0,26.0,1.0,23.0
1,27,1,2,1162,807.0,24,27.0,1,1.0,30,6,23.0,6.0,6.0,19.0
2,39,1,1,939,708.0,20,48.0,1,1.0,24,6,23.0,22.0,8.0,12.0
1,33,1,1,2476,1926.0,22,36.0,1,1.0,22,2,29.0,4.0,4.0,20.0
1,49,3,1,48,68.0,17,,1,1.0,6,2,4.0,33.0,11.0,7.0
1,30,1,1,511,322.0,17,32.0,1,1.0,9,2,1.0,16.0,4.0,26.0
1,48,1,1,1082,619.0,27,48.0,1,1.0,3,11,15.0,18.0,2.0,23.0
1,36,1,1,787,401.0,22,42.0,1,1.0,5,11,17.0,5.0,1.0,30.0
1,40,3,1,3,21.0,27,,1,1.0,2,8,16.0,5.0,3.0,16.0
1,16,2,2,347,,NIU,,1,1.0,32,2,10.0,,,
1,28,1,1,2475,706.0,21,34.0,1,1.0,19,9,10.0,10.0,1.0,27.0
2,46,1,1,738,420.0,19,57.0,1,1.0,4,5,20.0,23.0,5.0,19.0
1,45,3,1,363,548.0,17,,5,3.0,11,10,28.0,23.0,6.0,21.0
1,36,1,1,1948,1122.0,27,36.0,1,1.0,5,6,10.0,17.0,11.0,29.0
2,38,1,1,1812,1061.0,30,47.0,1,1.0,1,6,28.0,12.0,6.0,2.0
1,42,1,1,192,102.0,18,47.0,1,1.0,14,6,9.0,14.0,11.0,31.0
1,39,1,1,763,482.0,19,46.0,1,1.0,24,6,18.0,2.0,5.0,13.0
1,37,1,1,1813,1060.0,34,40.0,1,1.0,13,10,2.0,6.0,7.0,20.0
2,47,1,1,210,110.0,28,62.0,1,1.0,3,4,24.0,2.0,12.0,14.0
1,39,2,2,643,,NIU,,1,1.0,2,12,10.0,,,
2,38,1,1,202,167.0,18,38.0,1,1.0,1,11,7.0,2.0,2.0,28.0
1,46,1,1,1256,916.0,22,48.0,1,1.0,4,2,18.0,24.0,7.0,9.0
1,44,1,1,536,291.0,18,52.0,1,1.0,16,1,21.0,27.0,6.0,22.0
1,26,1,1,534,264.0,20,26.0,1,1.0,26,10,2.0,3.0,4.0,5.0
2,22,2,2,526,,NIU,,1,1.0,23,9,21.0,,,
1,27,2,2,2,,NIU,,1,1.0,19,3,15.0,,,
1,24,2,2,1235,,NIU,,1,1.0,17,7,26.0,,,
1,48,1,1,478,24.0,27,50.0,1,1.0,3,2,12.0,2.0,9.0,20.0
1,38,1,1,666,389.0,22,45.0,1,1.0,1,10,18.0,13.0,12.0,4.0
2,15,2,2,679,,NIU,,1,1.0,35,9,2.0,,,
1,43,1,1,2474,1949.0,40,41.0,1,1.0,20,7,10.0,25.0,9.0,27.0
1,48,3,2,580,268.0,28,,1,1.0,3,1,14.0,2.0,2.0,5.0
1,36,3,1,1548,1153.0,31,,1,1.0,5,1,25.0,3.0,12.0,23.0
1,26,2,2,227,,NIU,,2,1.0,26,11,8.0,,,
2,37,1,1,344,191.0,22,50.0,4,1.0,13,11,28.0,9.0,2.0,16.0
2,37,1,1,17,57.0,29,38.0,1,1.0,1,3,6.0,12.0,2.0,7.0
1,38,1,1,684,506.0,29,47.0,1,1.0,1,8,7.0,17.0,10.0,27.0
1,49,3,1,1314,963.0,17,,2,1.0,6,1,18.0,32.0,1.0,3.0
2,15,2,2,832,,NIU,,1,1.0,35,7,15.0,,,
2,48,1,1,1888,1186.0,21,49.0,1,1.0,3,9,19.0,23.0,2.0,24.0
1,41,1,1,1141,998.0,18,41.0,1,1.0,12,1,12.0,15.0,5.0,16.0
1,38,1,1,945,542.0,28,38.0,1,1.0,1,11,25.0,17.0,1.0,23.0
2,31,1,1,650,454.0,17,39.0,1,1.0,18,4,17.0,7.0,2.0,3.0
1,39,1,1,212,109.0,23,43.0,1,1.0,2,12,17.0,13.0,10.0,30.0
1,35,2,2,2473,,NIU,,1,1.0,7,11,7.0,,,
1,49,1,1,558,315.0,21,51.0,1,1.0,6,1,1.0,23.0,7.0,9.0
2,30,1,1,319,161.0,27,31.0,1,1.0,9,8,10.0,6.0,1.0,6.0
2,48,3,2,49,19.0,34,,1,1.0,3,5,22.0,5.0,9.0,26.0
1,37,1,1,998,677.0,18,46.0,1,1.0,1,12,16.0,2.0,11.0,2.0
1,48,1,1,203,229.0,22,49.0,1,1.0,3,10,26.0,19.0,8.0,29.0
1,41,3,1,1172,269.0,22,,1,1.0,12,2,2.0,1.0,9.0,26.0
1,21,2,2,313,,NIU,,1,1.0,21,11,22.0,,,
2,30,1,1,661,596.0,20,37.0,1,1.0,9,2,25.0,17.0,6.0,12.0
1,26,2,2,227,,NIU,,2,1.0,26,11,8.0,,,
2,26,1,1,917,337.0,19,32.0,2,1.0,30,9,18.0,8.0,1.0,14.0
1,19,2,2,298,,NIU,,1,1.0,28,4,27.0,,,
1,45,1,1,719,522.0,24,47.0,1,1.0,4,12,7.0,18.0,9.0,6.0
1,29,1,1,1268,571.0,23,35.0,1,1.0,34,7,1.0,10.0,2.0,7.0
1,25,1,2,362,152.0,24,25.0,1,1.0,29,9,17.0,26.0,7.0,5.0
1,45,1,1,70,33.0,25,53.0,1,1.0,11,2,15.0,2.0,8.0,26.0
1,16,2,2,347,,NIU,,1,1.0,32,2,10.0,,,
1,38,1,1,712,436.0,20,48.0,1,1.0,1,11,21.0,1.0,8.0,19.0
1,37,1,1,352,627.0,25,37.0,1,1.0,13,9,12.0,20.0,9.0,9.0
1,44,1,1,536,291.0,18,52.0,1,1.0,16,1,21.0,27.0,6.0,22.0
2,24,1,1,2472,1948.0,16,37.0,1,1.0,17,5,27.0,12.0,2.0,24.0
2,18,2,2,105,,NIU,,1,1.0,25,6,28.0,,,
1,21,2,2,477,,NIU,,1,1.0,23,3,9.0,,,
1,39,1,1,2471,331.0,26,38.0,1,1.0,24,9,9.0,16.0,5.0,17.0
1,29,1,2,521,27.0,26,31.0,1,1.0,34,7,18.0,6.0,8.0,4.0
1,20,2,2,137,,NIU,,1,1.0,21,9,12.0,,,
1,21,2,2,91,,NIU,,1,1.0,21,10,26.0,,,
1,28,2,2,21,,NIU,,2,1.0,19,11,28.0,,,
1,45,1,1,382,75.0,19,49.0,1,1.0,11,5,30.0,27.0,6.0,19.0
1,19,2,2,188,,NIU,,1,1.0,28,1,1.0,,,
2,45,1,1,1755,901.0,25,44.0,1,1.0,11,8,6.0,22.0,6.0,23.0
1,36,1,2,323,195.0,32,43.0,1,1.0,5,8,8.0,11.0,2.0,10.0
1,44,1,1,774,477.0,20,44.0,1,1.0,16,11,20.0,24.0,4.0,29.0
1,40,1,1,33,134.0,25,46.0,1,1.0,2,8,6.0,9.0,11.0,15.0
1,38,2,2,1,,NIU,,1,1.0,1,1,25.0,,,
1,36,2,2,1321,,NIU,,1,1.0,5,2,1.0,,,
2,29,2,2,1682,,NIU,,1,1.0,34,2,16.0,,,
1,45,1,1,382,75.0,19,49.0,1,1.0,11,5,30.0,27.0,6.0,19.0
1,44,1,1,1219,269.0,26,44.0,1,1.0,16,6,25.0,1.0,9.0,26.0
1,27,1,1,2502,1126.0,19,29.0,1,1.0,30,9,23.0,12.0,3.0,4.0
2,37,1,1,107,37.0,25,37.0,1,1.0,13,2,27.0,16.0,2.0,19.0
1,24,2,2,819,,NIU,,1,1.0,17,6,6.0,,,
1,37,2,2,310,,NIU,,1,1.0,13,5,16.0,,,
2,21,2,2,159,,NIU,,1,1.0,21,7,16.0,,,
1,20,2,2,228,,NIU,,2,1.0,27,10,4.0,,,
1,29,3,2,780,494.0,25,,1,1.0,34,11,24.0,11.0,3.0,16.0
1,46,1,1,120,23.0,20,47.0,1,1.0,4,10,13.0,19.0,1.0,11.0
1,41,1,1,1179,698.0,24,42.0,1,1.0,12,7,16.0,13.0,7.0,19.0
2,45,1,1,695,499.0,23,52.0,1,1.0,11,5,27.0,15.0,8.0,17.0
1,35,2,2,338,,NIU,,1,1.0,7,11,27.0,,,
1,33,1,1,194,1445.0,26,35.0,1,1.0,22,11,19.0,8.0,3.0,19.0
1,47,3,1,498,255.0,19,,1,1.0,8,2,19.0,23.0,7.0,29.0
2,42,1,1,909,554.0,25,39.0,1,1.0,14,7,18.0,21.0,12.0,29.0
1,28,2,2,630,,NIU,,1,1.0,19,2,29.0,,,
2,27,2,2,348,,NIU,,1,1.0,19,3,4.0,,,
2,23,2,2,438,,NIU,,1,1.0,31,2,14.0,,,
2,44,1,1,178,228.0,22,45.0,1,1.0,16,8,26.0,15.0,8.0,30.0
1,28,1,1,1692,395.0,24,26.0,1,1.0,19,6,10.0,11.0,2.0,20.0
1,17,2,2,62,,NIU,,1,1.0,25,3,29.0,,,
1,40,1,1,393,154.0,22,46.0,1,1.0,2,2,11.0,1.0,1.0,17.0
2,24,2,2,568,,NIU,,1,1.0,17,9,22.0,,,
1,25,2,2,216,,NIU,,1,1.0,29,5,2.0,,,
1,17,2,2,654,,NIU,,1,1.0,33,2,27.0,,,
2,23,2,2,2501,,NIU,,1,1.0,31,8,20.0,,,
2,37,1,1,990,657.0,19,42.0,1,1.0,1,3,10.0,1.0,8.0,20.0
1,37,1,1,1194,788.0,27,40.0,1,1.0,13,10,1.0,4.0,1.0,11.0
1,38,2,2,1,,NIU,,1,1.0,1,1,25.0,,,
1,40,1,1,291,217.0,19,44.0,1,1.0,2,2,16.0,18.0,3.0,23.0
2,26,1,1,2500,571.0,20,31.0,1,1.0,26,2,17.0,10.0,2.0,7.0
1,38,1,2,6,3.0,31,37.0,1,1.0,1,11,10.0,10.0,5.0,30.0
1,16,2,2,347,,NIU,,1,1.0,32,2,10.0,,,
2,18,2,2,92,,NIU,,1,1.0,25,5,15.0,,,
1,47,1,1,59,478.0,25,51.0,1,1.0,8,1,29.0,15.0,3.0,23.0
1,30,1,1,682,376.0,26,35.0,1,1.0,9,7,16.0,6.0,9.0,25.0
1,40,2,1,242,,NIU,,1,1.0,2,7,10.0,,,
1,42,1,1,422,1059.0,19,45.0,1,1.0,14,10,5.0,15.0,9.0,28.0
1,34,1,2,149,12.0,28,30.0,1,1.0,15,7,10.0,3.0,1.0,7.0
1,47,1,1,540,151.0,35,49.0,1,1.0,8,1,23.0,16.0,11.0,29.0
1,30,3,1,118,46.0,21,,1,1.0,9,7,8.0,12.0,7.0,8.0
1,30,1,1,88,47.0,27,30.0,1,1.0,9,2,21.0,6.0,2.0,27.0
2,24,3,1,1038,1947.0,21,,1,1.0,17,9,11.0,6.0,12.0,28.0
1,23,2,2,297,,NIU,,1,1.0,17,3,20.0,,,
1,39,1,1,475,360.0,18,51.0,1,1.0,2,4,23.0,18.0,10.0,21.0
1,41,1,1,979,674.0,14,59.0,5,1.0,12,9,4.0,23.0,3.0,20.0
2,36,1,1,814,479.0,33,33.0,1,1.0,5,1,27.0,6.0,8.0,10.0
1,37,1,1,2499,1946.0,28,32.0,1,1.0,13,5,11.0,17.0,7.0,19.0
1,42,1,1,812,464.0,31,43.0,3,,14,5,16.0,20.0,4.0,22.0
2,25,1,2,984,450.0,25,30.0,1,1.0,29,8,10.0,26.0,8.0,10.0
1,27,1,2,1162,807.0,24,27.0,1,1.0,30,6,23.0,6.0,6.0,19.0
1,43,2,2,67,,NIU,,1,1.0,16,3,18.0,,,
1,34,1,1,72,14.0,23,39.0,1,1.0,15,2,29.0,4.0,4.0,3.0
2,32,2,2,394,,NIU,,1,1.0,18,10,10.0,,,
1,34,1,1,1074,702.0,30,40.0,1,1.0,15,5,27.0,11.0,11.0,19.0
2,40,1,1,46,277.0,17,45.0,1,1.0,2,8,12.0,24.0,3.0,15.0
2,47,1,2,324,197.0,43,47.0,1,1.0,8,7,19.0,11.0,10.0,4.0
2,43,2,2,370,,NIU,,1,1.0,16,9,19.0,,,
2,37,1,1,951,680.0,19,45.0,1,1.0,13,7,16.0,21.0,7.0,3.0
1,42,1,1,1971,1068.0,29,48.0,1,1.0,14,6,17.0,5.0,7.0,16.0
1,34,1,1,72,14.0,23,39.0,1,1.0,15,2,29.0,4.0,4.0,3.0
1,25,2,2,108,,NIU,,1,1.0,29,2,4.0,,,
1,27,1,1,1814,569.0,21,37.0,1,1.0,19,3,20.0,10.0,1.0,31.0
1,47,1,1,776,459.0,33,47.0,1,1.0,8,8,2.0,7.0,3.0,2.0
1,41,1,1,2498,1945.0,37,41.0,1,1.0,12,6,26.0,11.0,1.0,3.0
2,48,3,1,1328,757.0,15,,3,,3,5,20.0,33.0,9.0,22.0
1,36,1,1,294,172.0,21,40.0,1,1.0,5,9,6.0,7.0,6.0,8.0
2,20,2,2,869,,NIU,,1,1.0,27,2,11.0,,,
1,38,1,1,41,742.0,23,41.0,1,1.0,1,9,16.0,7.0,5.0,20.0
1,24,1,2,1000,576.0,24,27.0,4,1.0,17,11,28.0,26.0,8.0,18.0
2,44,1,1,495,311.0,22,48.0,1,1.0,16,2,7.0,15.0,5.0,3.0
1,46,1,1,852,638.0,20,48.0,1,1.0,8,4,29.0,19.0,6.0,14.0
1,40,1,1,33,134.0,25,46.0,1,1.0,2,8,6.0,9.0,11.0,15.0
1,35,2,2,55,,NIU,,1,1.0,5,12,5.0,,,
1,49,1,1,551,343.0,22,47.0,1,1.0,6,8,5.0,23.0,5.0,10.0
1,33,1,1,263,232.0,32,34.0,1,1.0,22,10,8.0,28.0,7.0,20.0
1,49,3,1,169,301.0,20,,1,1.0,36,3,13.0,31.0,11.0,18.0
1,22,2,2,86,,NIU,,1,1.0,23,7,16.0,,,
1,25,2,2,500,,NIU,,1,1.0,29,2,27.0,,,
1,21,2,2,372,,NIU,,1,1.0,21,11,20.0,,,
2,42,1,1,179,79.0,18,48.0,1,1.0,14,9,22.0,24.0,9.0,26.0
1,23,2,2,274,,NIU,,1,1.0,31,10,17.0,,,
1,35,1,1,155,69.0,24,36.0,1,1.0,7,8,13.0,20.0,8.0,3.0
1,45,1,1,382,75.0,19,49.0,1,1.0,11,5,30.0,27.0,6.0,19.0
1,43,2,2,67,,NIU,,1,1.0,16,3,18.0,,,
1,20,2,2,1021,,NIU,,1,1.0,27,8,8.0,,,
2,41,2,2,966,,NIU,,3,,12,11,10.0,,,
1,49,1,1,1822,1944.0,26,51.0,2,1.0,6,5,31.0,24.0,11.0,24.0
2,40,1,1,1050,718.0,26,44.0,4,1.0,2,2,13.0,7.0,2.0,16.0
2,20,2,2,888,,NIU,,1,1.0,21,12,11.0,,,
1,33,1,1,194,246.0,23,40.0,1,1.0,22,11,19.0,4.0,2.0,12.0
1,31,2,2,135,,NIU,,1,1.0,10,1,26.0,,,
1,25,2,2,108,,NIU,,1,1.0,29,2,4.0,,,
1,22,1,2,180,58.0,20,27.0,1,1.0,23,5,11.0,25.0,1.0,16.0
2,49,1,1,465,259.0,20,49.0,1,1.0,6,11,13.0,29.0,9.0,25.0
2,28,1,1,785,526.0,19,35.0,1,1.0,19,2,9.0,17.0,10.0,31.0
2,43,1,1,122,189.0,26,45.0,3,,16,3,19.0,21.0,6.0,3.0
2,43,1,2,1046,192.0,23,54.0,1,1.0,16,3,15.0,2.0,1.0,5.0
1,20,2,2,1273,,NIU,,1,1.0,27,10,15.0,,,
2,38,1,1,375,183.0,23,39.0,1,1.0,1,2,14.0,7.0,4.0,9.0
2,24,2,2,1038,,NIU,,2,2.0,17,9,11.0,,,
2,47,1,1,531,488.0,26,48.0,1,1.0,8,2,11.0,2.0,6.0,5.0
1,37,1,1,153,74.0,21,36.0,1,1.0,13,4,7.0,9.0,10.0,25.0
1,49,1,1,189,106.0,30,51.0,1,1.0,6,9,6.0,22.0,2.0,18.0
1,30,1,1,1057,727.0,27,32.0,1,1.0,9,6,22.0,6.0,1.0,24.0
1,31,1,2,130,43.0,26,36.0,1,1.0,10,4,30.0,11.0,1.0,10.0
1,22,2,2,359,,NIU,,1,1.0,31,9,7.0,,,
2,27,2,2,116,,NIU,,1,1.0,30,2,30.0,,,
1,20,2,2,408,,NIU,,1,1.0,21,12,8.0,,,
2,32,2,2,285,,NIU,,1,1.0,18,6,22.0,,,
1,21,2,2,316,,NIU,,1,1.0,21,7,6.0,,,
1,45,1,1,30,17.0,21,52.0,2,2.0,4,3,17.0,14.0,3.0,12.0
1,26,2,2,1032,,NIU,,1,1.0,26,8,17.0,,,
1,17,2,2,1936,,NIU,,1,1.0,25,4,16.0,,,
1,28,1,1,77,39.0,27,26.0,5,1.0,19,1,21.0,26.0,7.0,6.0
2,45,1,1,419,210.0,20,51.0,4,1.0,4,4,25.0,27.0,10.0,30.0
1,41,1,1,255,139.0,16,46.0,1,1.0,14,3,16.0,27.0,8.0,13.0
1,38,1,1,837,475.0,34,39.0,1,1.0,1,8,8.0,11.0,7.0,18.0
1,49,3,1,340,926.0,21,,1,1.0,6,6,3.0,29.0,10.0,19.0
2,32,1,1,1334,215.0,16,45.0,1,1.0,18,6,19.0,13.0,5.0,30.0
2,30,2,2,1738,,NIU,,1,1.0,9,5,30.0,,,
2,33,1,1,2497,1943.0,30,31.0,1,1.0,22,6,17.0,6.0,11.0,10.0
1,38,3,1,483,621.0,21,,1,1.0,24,12,2.0,21.0,4.0,2.0
2,41,1,1,83,484.0,25,57.0,1,1.0,12,7,15.0,13.0,11.0,28.0
1,31,1,1,1782,1022.0,23,39.0,1,1.0,10,6,3.0,12.0,3.0,23.0
1,27,2,2,2,,NIU,,1,1.0,19,3,15.0,,,
1,49,1,1,542,251.0,22,57.0,1,1.0,36,4,13.0,29.0,12.0,17.0
1,39,1,1,78,463.0,20,39.0,4,1.0,2,12,15.0,22.0,1.0,15.0
1,34,1,1,1074,702.0,30,40.0,1,1.0,15,5,27.0,11.0,11.0,19.0
1,22,2,2,840,,NIU,,3,,23,11,3.0,,,
1,41,1,1,413,107.0,22,47.0,1,1.0,12,8,9.0,22.0,2.0,3.0
2,16,2,2,209,,NIU,,3,,32,11,9.0,,,
2,36,1,1,279,76.0,27,37.0,1,1.0,5,11,7.0,12.0,6.0,21.0
1,43,1,1,233,123.0,28,46.0,1,1.0,20,10,4.0,7.0,4.0,18.0
1,21,1,2,4,4.0,21,33.0,1,1.0,21,6,14.0,26.0,6.0,13.0
2,20,1,1,424,736.0,16,24.0,1,1.0,27,1,7.0,11.0,11.0,13.0
1,22,1,2,253,214.0,20,24.0,1,1.0,23,10,27.0,28.0,4.0,20.0
1,15,2,2,1018,,NIU,,1,1.0,35,7,22.0,,,
2,16,2,2,156,,NIU,,1,1.0,32,2,26.0,,,
1,49,3,1,648,440.0,18,,1,1.0,36,4,17.0,33.0,3.0,23.0
2,30,1,1,2488,1942.0,29,34.0,1,1.0,10,3,19.0,28.0,9.0,8.0
1,24,2,2,143,,NIU,,1,1.0,17,2,25.0,,,
2,34,1,1,517,557.0,16,36.0,1,1.0,15,9,3.0,1.0,2.0,19.0
1,31,2,2,236,,NIU,,1,1.0,10,10,15.0,,,
2,38,1,1,1078,177.0,25,46.0,1,1.0,1,1,10.0,5.0,3.0,10.0
1,31,1,1,25,11.0,25,36.0,1,1.0,10,2,3.0,3.0,4.0,10.0
1,45,3,1,577,1428.0,21,,2,1.0,4,4,5.0,14.0,5.0,3.0
2,48,1,1,595,288.0,18,56.0,1,1.0,3,8,4.0,31.0,12.0,14.0
2,43,1,1,1434,935.0,22,56.0,1,1.0,16,12,8.0,18.0,2.0,5.0
2,17,2,2,815,,NIU,,1,1.0,33,6,18.0,,,
1,46,2,2,195,,NIU,,1,1.0,4,9,20.0,,,
1,19,2,2,824,,NIU,,1,1.0,28,10,22.0,,,
1,34,1,1,1252,913.0,18,36.0,1,1.0,15,2,25.0,9.0,6.0,13.0
1,36,1,1,294,172.0,21,40.0,1,1.0,5,9,6.0,7.0,6.0,8.0
1,37,1,1,570,347.0,22,40.0,1,1.0,13,8,26.0,9.0,8.0,16.0
1,33,1,1,263,232.0,32,34.0,1,1.0,22,10,8.0,28.0,7.0,20.0
2,44,1,1,495,311.0,22,48.0,1,1.0,16,2,7.0,15.0,5.0,3.0
1,36,2,2,160,,NIU,,1,1.0,5,7,7.0,,,
2,38,1,1,202,167.0,18,38.0,1,1.0,1,11,7.0,2.0,2.0,28.0
1,32,1,1,1710,748.0,27,32.0,1,1.0,18,9,17.0,3.0,2.0,26.0
2,23,2,2,56,,NIU,,1,1.0,17,3,8.0,,,
1,32,1,1,187,101.0,24,39.0,1,1.0,18,11,26.0,8.0,7.0,14.0
2,26,1,1,853,739.0,22,31.0,1,1.0,26,11,28.0,6.0,6.0,13.0
2,34,1,1,2487,1941.0,20,38.0,1,1.0,15,5,1.0,7.0,7.0,25.0
1,49,1,1,93,368.0,23,53.0,1,1.0,36,4,8.0,19.0,5.0,9.0
1,32,1,1,948,1940.0,18,36.0,3,,22,3,20.0,7.0,5.0,24.0
2,42,1,1,1497,1120.0,21,61.0,4,4.0,14,6,25.0,18.0,11.0,6.0
2,17,2,2,247,,NIU,,1,1.0,33,5,13.0,,,
1,27,2,2,1377,,NIU,,1,1.0,30,2,6.0,,,
2,43,1,1,653,393.0,18,43.0,1,1.0,20,1,1.0,14.0,1.0,31.0
2,45,1,1,411,176.0,18,54.0,1,1.0,11,6,10.0,23.0,5.0,5.0
1,42,2,2,1659,,NIU,,1,1.0,14,8,20.0,,,
1,25,2,2,752,,NIU,,2,2.0,29,9,13.0,,,
2,37,1,1,107,37.0,25,37.0,1,1.0,13,2,27.0,16.0,2.0,19.0
1,45,1,1,773,460.0,25,44.0,1,1.0,11,2,31.0,2.0,12.0,9.0
2,27,2,2,1628,,NIU,,2,2.0,30,7,23.0,,,
1,38,1,1,1873,1390.0,28,39.0,1,1.0,24,12,4.0,4.0,4.0,25.0
1,32,1,1,875,1939.0,28,38.0,1,1.0,22,4,18.0,11.0,1.0,16.0
1,45,1,1,773,460.0,25,44.0,1,1.0,11,2,31.0,2.0,12.0,9.0
1,20,2,2,583,,NIU,,2,2.0,27,9,26.0,,,
1,21,2,2,766,,NIU,,1,1.0,21,1,28.0,,,
1,45,1,1,947,994.0,19,70.0,1,1.0,11,6,2.0,19.0,10.0,9.0
1,25,2,2,783,,NIU,,2,1.0,26,12,15.0,,,
1,17,2,2,560,,NIU,,1,1.0,33,11,10.0,,,
1,21,2,2,416,,NIU,,1,1.0,21,11,1.0,,,
1,18,2,2,69,,NIU,,1,1.0,25,10,2.0,,,
1,36,1,1,1196,786.0,25,46.0,1,1.0,13,3,19.0,20.0,2.0,16.0
2,22,3,1,1030,703.0,14,,1,1.0,23,9,18.0,8.0,7.0,8.0
1,43,1,1,620,273.0,15,57.0,1,1.0,20,11,9.0,23.0,6.0,23.0
2,35,2,2,569,,NIU,,1,1.0,7,6,29.0,,,
1,33,2,2,162,,NIU,,1,1.0,22,7,28.0,,,
1,18,2,2,597,,NIU,,1,1.0,25,2,21.0,,,
2,30,1,1,993,669.0,29,28.0,1,1.0,9,4,30.0,28.0,12.0,2.0
2,28,3,1,1828,1032.0,22,,1,1.0,19,9,20.0,3.0,7.0,3.0
1,42,3,1,18,10.0,23,,1,1.0,14,9,18.0,1.0,9.0,27.0
2,35,2,1,1344,,NIU,,1,1.0,7,8,25.0,,,
2,26,2,2,634,,NIU,,3,1.0,26,7,8.0,,,
1,21,2,2,115,,NIU,,1,1.0,21,6,9.0,,,
1,21,2,2,617,,NIU,,5,3.0,21,6,28.0,,,
1,41,1,2,566,243.0,29,53.0,1,1.0,12,1,5.0,16.0,12.0,26.0
2,38,1,1,1543,1086.0,18,42.0,1,1.0,1,4,14.0,22.0,8.0,23.0
1,47,1,1,1104,686.0,18,50.0,1,1.0,8,11,28.0,29.0,7.0,25.0
2,24,1,1,1690,1210.0,21,31.0,1,1.0,17,2,5.0,6.0,1.0,31.0
2,19,2,2,1768,,NIU,,1,1.0,28,9,12.0,,,
2,26,2,2,2518,,NIU,,1,1.0,26,9,30.0,,,
1,25,2,2,1113,,NIU,,1,1.0,29,11,11.0,,,
2,40,3,1,1036,719.0,30,,1,1.0,2,1,3.0,17.0,4.0,1.0
2,38,1,1,1959,1434.0,24,42.0,1,1.0,1,7,17.0,7.0,12.0,2.0
2,46,1,1,1562,1138.0,24,48.0,1,1.0,4,10,23.0,15.0,10.0,2.0
2,35,1,1,1820,1238.0,17,42.0,1,1.0,5,4,8.0,1.0,1.0,4.0
1,31,1,1,1340,899.0,21,36.0,1,1.0,10,10,24.0,4.0,3.0,9.0
2,23,2,2,1064,,NIU,,1,1.0,31,6,22.0,,,
2,45,1,1,1091,611.0,20,48.0,1,1.0,4,3,3.0,27.0,7.0,6.0
1,29,1,1,1231,1149.0,21,37.0,1,1.0,9,9,11.0,12.0,5.0,26.0
1,18,2,2,69,,NIU,,1,1.0,25,10,2.0,,,
1,31,2,2,740,,NIU,,1,1.0,18,4,18.0,,,
1,21,2,2,91,,NIU,,1,1.0,21,10,26.0,,,
2,28,1,1,771,1938.0,22,31.0,1,1.0,19,9,19.0,10.0,12.0,27.0
2,37,1,1,746,661.0,23,38.0,1,1.0,1,12,7.0,7.0,1.0,13.0
1,36,1,2,323,195.0,32,43.0,1,1.0,5,8,8.0,11.0,2.0,10.0
1,30,1,1,600,350.0,26,39.0,1,1.0,9,5,20.0,11.0,8.0,2.0
1,21,2,2,831,,NIU,,2,2.0,23,3,11.0,,,
2,19,2,2,423,,NIU,,1,1.0,28,6,23.0,,,
2,40,3,1,1414,954.0,16,,5,1.0,12,3,17.0,14.0,7.0,28.0
2,19,2,2,1405,,NIU,,1,1.0,27,4,27.0,,,
2,47,1,2,1432,933.0,26,50.0,1,1.0,8,11,7.0,18.0,2.0,14.0
2,37,3,1,632,426.0,21,,1,1.0,13,7,2.0,9.0,9.0,20.0
2,23,2,2,474,,NIU,,1,1.0,31,2,27.0,,,
2,40,1,1,283,925.0,21,54.0,4,1.0,12,4,21.0,2.0,11.0,31.0
1,32,1,1,2517,1058.0,31,39.0,2,1.0,18,5,5.0,28.0,3.0,11.0
1,42,1,1,244,142.0,23,44.0,1,1.0,14,1,7.0,1.0,9.0,28.0
1,19,2,2,188,,NIU,,1,1.0,28,1,1.0,,,
1,48,1,1,467,328.0,23,52.0,1,1.0,6,3,17.0,27.0,9.0,4.0
1,26,1,2,425,59.0,22,26.0,1,1.0,26,4,16.0,6.0,5.0,24.0
1,31,2,2,236,,NIU,,1,1.0,10,10,15.0,,,
2,24,1,1,479,327.0,18,27.0,1,1.0,17,8,14.0,10.0,3.0,2.0
1,30,3,1,1136,1038.0,20,,1,1.0,9,11,15.0,4.0,12.0,28.0
1,37,1,1,570,347.0,22,40.0,1,1.0,13,8,26.0,9.0,8.0,16.0
1,26,1,2,782,532.0,25,27.0,2,2.0,26,7,25.0,28.0,3.0,25.0
2,15,2,2,530,,NIU,,1,1.0,32,3,23.0,,,
1,42,2,2,10,,NIU,,1,1.0,14,7,7.0,,,
1,30,1,2,1766,1063.0,26,49.0,1,1.0,9,7,5.0,6.0,1.0,21.0
2,22,3,1,113,48.0,13,,5,3.0,23,10,1.0,12.0,6.0,24.0
1,49,3,1,13,8.0,27,,1,1.0,36,3,9.0,15.0,1.0,28.0
1,26,2,2,1008,,NIU,,1,1.0,30,3,18.0,,,
1,22,2,2,571,,NIU,,1,1.0,23,1,6.0,,,
2,25,2,2,686,,NIU,,1,1.0,26,4,3.0,,,
1,27,1,2,492,361.0,21,28.0,1,1.0,19,12,26.0,10.0,2.0,16.0
2,43,1,1,389,429.0,34,45.0,1,1.0,20,2,28.0,17.0,1.0,29.0
1,35,1,1,24,568.0,22,40.0,1,1.0,7,8,15.0,5.0,2.0,14.0
1,24,2,2,910,,NIU,,1,1.0,17,4,26.0,,,
1,44,1,1,251,115.0,26,45.0,1,1.0,16,9,16.0,1.0,12.0,24.0
1,35,3,1,2516,1937.0,31,,2,1.0,7,6,22.0,11.0,7.0,7.0
2,22,1,2,548,312.0,16,24.0,1,1.0,23,9,27.0,3.0,1.0,27.0
1,20,2,2,1247,,NIU,,1,1.0,21,12,30.0,,,
1,25,2,2,1540,,NIU,,2,1.0,29,8,25.0,,,
1,48,1,1,203,229.0,22,49.0,1,1.0,3,10,26.0,19.0,8.0,29.0
2,30,1,1,2515,1936.0,23,26.0,1,1.0,10,3,11.0,8.0,3.0,3.0
1,27,2,2,900,,NIU,,1,1.0,30,7,30.0,,,
1,37,1,1,352,627.0,25,37.0,1,1.0,13,9,12.0,20.0,9.0,9.0
1,19,1,2,781,531.0,19,25.0,1,1.0,27,12,18.0,26.0,7.0,26.0
1,35,1,1,5,7.0,22,40.0,1,1.0,7,1,2.0,5.0,10.0,22.0
1,38,1,1,801,514.0,23,57.0,1,1.0,1,11,8.0,9.0,3.0,15.0
1,27,2,2,949,,NIU,,1,1.0,30,4,10.0,,,
1,46,1,1,655,386.0,25,50.0,1,2.0,4,8,11.0,18.0,3.0,3.0
1,45,1,1,335,212.0,35,43.0,1,1.0,11,6,22.0,4.0,12.0,21.0
2,19,1,1,1629,1057.0,18,21.0,1,1.0,28,10,7.0,28.0,5.0,15.0
1,23,2,2,1059,,NIU,,1,1.0,31,6,21.0,,,
2,36,1,1,1007,567.0,17,44.0,1,1.0,5,11,16.0,1.0,7.0,27.0
2,37,1,1,1819,1317.0,18,40.0,4,1.0,13,7,11.0,1.0,4.0,25.0
1,20,1,2,613,295.0,18,24.0,2,1.0,27,6,26.0,25.0,5.0,10.0
1,15,2,2,508,,NIU,,1,1.0,35,9,25.0,,,
1,21,2,2,617,,NIU,,5,3.0,21,6,28.0,,,
2,30,1,1,942,594.0,25,31.0,1,1.0,9,2,31.0,3.0,3.0,1.0
1,24,2,2,1568,,NIU,,1,1.0,17,9,28.0,,,
2,42,3,1,190,105.0,19,,1,1.0,14,1,31.0,24.0,10.0,18.0
2,36,1,1,676,1056.0,29,35.0,1,1.0,5,6,20.0,8.0,11.0,14.0
1,24,2,2,497,,NIU,,1,1.0,17,7,24.0,,,
2,38,1,1,1387,992.0,25,40.0,1,1.0,1,5,7.0,5.0,1.0,29.0
2,30,1,1,1792,1313.0,29,28.0,1,1.0,10,4,27.0,25.0,11.0,2.0
1,38,3,1,1005,730.0,33,,1,1.0,1,5,22.0,3.0,2.0,16.0
2,26,1,1,849,632.0,22,35.0,1,1.0,26,6,21.0,11.0,12.0,3.0
2,26,1,2,1546,1077.0,25,24.0,1,1.0,26,9,12.0,26.0,1.0,12.0
2,36,1,1,1289,818.0,19,39.0,1,1.0,13,12,25.0,1.0,11.0,17.0
1,25,1,1,2514,1967.0,21,29.0,1,1.0,29,10,24.0,11.0,2.0,11.0
2,44,1,1,1353,334.0,23,55.0,1,1.0,11,12,20.0,18.0,1.0,14.0
1,38,3,1,2513,1966.0,19,,1,1.0,1,1,1.0,1.0,6.0,8.0
1,40,1,1,1495,1362.0,16,40.0,5,3.0,2,6,5.0,14.0,4.0,5.0
2,41,1,1,629,1039.0,26,44.0,1,1.0,12,7,4.0,9.0,5.0,8.0
1,35,1,1,1307,805.0,26,38.0,1,1.0,7,4,29.0,12.0,9.0,9.0
1,24,2,2,337,,NIU,,1,1.0,17,1,8.0,,,
2,40,1,1,1468,768.0,20,44.0,1,1.0,2,5,17.0,2.0,3.0,8.0
2,19,2,2,859,,NIU,,1,1.0,28,10,8.0,,,
1,44,1,2,502,247.0,28,50.0,3,,16,1,25.0,9.0,1.0,22.0
1,21,2,2,1630,,NIU,,2,5.0,21,7,23.0,,,
1,36,3,1,1553,841.0,31,,1,1.0,5,10,8.0,3.0,1.0,2.0
1,44,2,2,1324,,NIU,,1,1.0,16,1,10.0,,,
2,24,1,1,1498,741.0,19,28.0,1,1.0,17,7,7.0,3.0,10.0,29.0
2,45,1,1,166,95.0,14,52.0,1,1.0,4,3,10.0,32.0,2.0,6.0
1,21,2,2,811,,NIU,,1,1.0,21,8,5.0,,,
1,34,1,1,2512,1965.0,26,40.0,1,1.0,15,9,26.0,8.0,7.0,5.0
1,25,2,2,82,,NIU,,1,1.0,26,4,22.0,,,
2,33,1,1,1560,1284.0,21,42.0,1,1.0,22,7,1.0,20.0,1.0,27.0
1,43,1,1,1236,1034.0,23,48.0,1,1.0,16,4,19.0,2.0,7.0,12.0
1,22,2,2,359,,NIU,,1,1.0,31,9,7.0,,,
1,18,2,2,40,,NIU,,1,1.0,25,11,17.0,,,
1,19,1,2,320,150.0,19,20.0,1,1.0,28,6,9.0,26.0,1.0,2.0
1,29,1,2,243,141.0,26,34.0,1,1.0,34,2,25.0,6.0,5.0,16.0
2,45,1,1,695,499.0,23,52.0,1,1.0,11,5,27.0,15.0,8.0,17.0
1,42,1,1,1261,924.0,19,45.0,1,1.0,14,2,9.0,24.0,2.0,8.0
1,45,3,1,867,630.0,25,,1,1.0,11,10,8.0,2.0,7.0,27.0
2,36,1,1,121,111.0,18,48.0,1,1.0,5,9,25.0,21.0,10.0,25.0
2,22,1,1,2511,1964.0,18,25.0,1,1.0,31,3,7.0,11.0,2.0,23.0
1,36,1,1,2510,1963.0,29,36.0,1,1.0,5,7,20.0,8.0,3.0,15.0
2,40,1,1,708,501.0,18,48.0,2,,2,10,10.0,15.0,2.0,30.0
2,24,2,2,731,,NIU,,1,1.0,17,1,17.0,,,
1,48,1,1,880,663.0,17,52.0,1,1.0,6,3,15.0,32.0,4.0,5.0
1,27,2,2,2,,NIU,,1,1.0,19,3,15.0,,,
1,16,2,2,838,,NIU,,1,1.0,32,7,12.0,,,
1,48,1,1,584,245.0,22,55.0,1,1.0,3,1,11.0,19.0,3.0,31.0
1,18,2,2,1240,,NIU,,5,3.0,28,4,17.0,,,
2,37,1,1,1121,713.0,29,43.0,1,1.0,1,3,11.0,12.0,7.0,6.0
2,25,1,1,509,297.0,18,31.0,1,1.0,29,6,23.0,8.0,3.0,20.0
1,36,2,2,792,,NIU,,2,1.0,5,5,23.0,,,
2,31,1,1,718,485.0,30,58.0,1,1.0,10,2,17.0,28.0,8.0,26.0
1,24,2,2,214,,NIU,,1,1.0,29,3,13.0,,,
1,44,3,1,736,504.0,36,,1,1.0,11,4,21.0,12.0,2.0,11.0
1,27,1,1,417,200.0,19,31.0,1,1.0,19,12,9.0,12.0,1.0,5.0
2,20,2,2,1786,,NIU,,1,1.0,27,5,15.0,,,
1,45,1,1,1537,1055.0,17,51.0,1,1.0,11,7,2.0,23.0,6.0,19.0
2,18,2,2,284,,NIU,,4,1.0,25,6,20.0,,,
1,34,1,1,1877,1389.0,23,35.0,1,1.0,15,6,28.0,20.0,3.0,20.0
1,49,1,1,606,363.0,30,54.0,1,1.0,6,5,6.0,22.0,3.0,28.0
1,42,1,1,192,102.0,18,47.0,1,1.0,14,6,9.0,14.0,11.0,31.0
1,40,1,1,291,217.0,19,44.0,1,1.0,2,2,16.0,18.0,3.0,23.0
2,18,2,2,289,,NIU,,1,1.0,28,12,9.0,,,
1,20,2,2,575,,NIU,,4,4.0,21,4,30.0,,,
1,46,1,1,1014,156.0,29,43.0,1,1.0,4,8,8.0,21.0,4.0,19.0
1,34,1,2,800,64.0,31,37.0,1,1.0,15,4,16.0,25.0,4.0,12.0
2,27,2,2,348,,NIU,,1,1.0,19,3,4.0,,,
1,26,2,2,1153,,NIU,,1,1.0,26,8,1.0,,,
1,17,2,2,146,,NIU,,1,1.0,33,4,4.0,,,
2,16,2,2,1647,,NIU,,1,1.0,32,5,15.0,,,
1,38,1,1,1538,1054.0,21,39.0,1,1.0,24,3,27.0,21.0,6.0,17.0
1,35,1,1,1765,760.0,19,40.0,1,1.0,7,10,1.0,13.0,10.0,16.0
1,25,1,1,1676,1253.0,21,34.0,1,1.0,29,5,6.0,11.0,12.0,8.0
1,32,1,1,730,435.0,16,53.0,1,1.0,18,3,30.0,13.0,11.0,3.0
2,37,1,1,17,57.0,29,38.0,1,1.0,1,3,6.0,12.0,2.0,7.0
1,19,2,2,481,,NIU,,1,1.0,27,3,10.0,,,
1,39,1,1,269,1.0,24,41.0,1,1.0,24,7,29.0,9.0,2.0,1.0
2,43,1,1,1434,935.0,22,56.0,1,1.0,16,12,8.0,18.0,2.0,5.0
2,27,1,1,2506,1962.0,20,30.0,1,1.0,30,1,2.0,10.0,7.0,16.0
2,46,1,1,1223,950.0,22,47.0,1,1.0,4,10,9.0,24.0,4.0,11.0
1,49,3,1,1139,180.0,20,,1,1.0,6,11,29.0,30.0,3.0,3.0
2,18,2,2,105,,NIU,,1,1.0,25,6,28.0,,,
1,31,1,1,7,5.0,27,41.0,1,1.0,10,1,6.0,6.0,4.0,8.0
1,30,1,1,921,1961.0,27,30.0,1,1.0,9,7,10.0,6.0,12.0,19.0
1,32,1,1,470,12.0,27,30.0,3,1.0,22,3,19.0,3.0,1.0,7.0
2,19,2,2,2505,,NIU,,1,1.0,28,4,5.0,,,
1,36,1,1,1347,996.0,17,53.0,1,1.0,5,5,24.0,1.0,6.0,27.0
2,18,2,2,284,,NIU,,4,1.0,25,6,20.0,,,
1,37,1,1,398,235.0,23,44.0,1,1.0,13,1,31.0,5.0,4.0,10.0
1,23,2,2,167,,NIU,,1,1.0,31,7,19.0,,,
1,45,1,2,234,306.0,40,36.0,1,1.0,11,5,2.0,11.0,9.0,17.0
1,25,1,2,362,152.0,24,25.0,1,1.0,29,9,17.0,26.0,7.0,5.0
2,19,2,2,19,,NIU,,1,1.0,27,9,14.0,,,
2,34,1,1,2504,1960.0,22,32.0,1,1.0,15,2,20.0,20.0,4.0,4.0
1,35,2,2,55,,NIU,,1,1.0,5,12,5.0,,,
1,16,2,2,102,,NIU,,1,1.0,32,10,9.0,,,
2,25,2,2,108,,NIU,,1,1.0,29,2,4.0,,,
1,23,2,2,403,,NIU,,1,1.0,31,6,12.0,,,
1,20,1,2,19,54.0,19,21.0,1,1.0,27,9,14.0,26.0,9.0,10.0
2,46,2,2,541,,NIU,,1,1.0,4,10,16.0,,,
1,41,1,1,1805,603.0,25,41.0,1,1.0,12,9,9.0,9.0,7.0,26.0
1,48,1,1,183,87.0,17,59.0,1,1.0,3,4,28.0,31.0,5.0,20.0
2,41,1,1,280,2.0,23,42.0,1,1.0,12,6,11.0,1.0,9.0,5.0
2,22,1,1,2503,1959.0,19,27.0,1,1.0,23,4,23.0,6.0,11.0,9.0
1,26,2,1,376,,NIU,,1,1.0,26,6,23.0,,,
2,25,2,2,2534,,NIU,,1,1.0,29,7,28.0,,,
2,32,1,1,1906,1958.0,21,31.0,1,1.0,18,2,26.0,4.0,6.0,5.0
1,37,3,1,2533,1957.0,25,,1,1.0,13,6,1.0,16.0,11.0,1.0
2,38,1,1,2532,1956.0,24,37.0,1,1.0,1,1,9.0,5.0,1.0,6.0
1,32,1,1,546,266.0,18,42.0,1,1.0,18,8,21.0,7.0,9.0,7.0
1,43,3,1,318,1108.0,21,,1,1.0,20,10,14.0,15.0,1.0,15.0
2,42,3,1,836,474.0,27,,1,1.0,14,4,5.0,7.0,4.0,29.0
1,23,2,2,1069,,NIU,,1,1.0,31,5,31.0,,,
1,48,1,1,584,245.0,22,55.0,1,1.0,3,1,11.0,19.0,3.0,31.0
2,23,2,2,111,,NIU,,1,1.0,17,9,14.0,,,
2,34,1,1,1824,1221.0,25,32.0,1,1.0,7,12,22.0,17.0,2.0,6.0
2,39,1,1,78,284.0,27,42.0,1,1.0,2,12,15.0,16.0,7.0,17.0
1,35,1,1,621,272.0,28,38.0,2,1.0,7,11,6.0,10.0,9.0,24.0
2,47,1,1,1087,749.0,18,55.0,1,1.0,3,4,18.0,30.0,5.0,7.0
1,36,1,1,2531,12.0,31,36.0,1,1.0,13,4,14.0,3.0,1.0,7.0
1,33,1,1,263,232.0,32,34.0,1,1.0,22,10,8.0,28.0,7.0,20.0
1,25,2,2,783,,NIU,,2,1.0,26,12,15.0,,,
2,48,1,1,250,127.0,29,48.0,1,1.0,3,8,25.0,1.0,6.0,14.0
1,44,1,1,1219,269.0,26,44.0,1,1.0,16,6,25.0,1.0,9.0,26.0
2,35,1,1,1799,126.0,18,42.0,5,3.0,7,5,22.0,21.0,2.0,26.0
2,35,1,1,1926,1406.0,21,36.0,1,1.0,7,6,15.0,7.0,12.0,15.0
2,35,1,1,28,1.0,20,45.0,1,1.0,5,3,27.0,9.0,2.0,1.0
2,27,1,2,821,471.0,27,28.0,1,1.0,30,11,18.0,26.0,2.0,16.0
1,20,2,2,604,,NIU,,1,1.0,21,12,7.0,,,
1,15,2,2,457,,NIU,,1,1.0,32,3,14.0,,,
1,42,1,1,286,16.0,19,44.0,1,1.0,14,1,17.0,15.0,4.0,8.0
1,38,1,2,103,45.0,25,37.0,1,1.0,1,8,5.0,5.0,10.0,9.0
1,43,3,1,1348,878.0,19,,1,1.0,20,5,15.0,14.0,2.0,20.0
1,48,1,1,1825,1220.0,35,65.0,1,1.0,3,8,2.0,5.0,2.0,30.0
2,38,1,1,572,290.0,24,41.0,1,1.0,1,10,11.0,7.0,5.0,28.0
1,45,1,1,1450,999.0,25,44.0,1,1.0,11,5,1.0,2.0,5.0,22.0
1,49,1,1,93,368.0,23,53.0,1,1.0,36,4,8.0,19.0,5.0,9.0
1,49,3,1,48,68.0,17,,1,1.0,6,2,4.0,33.0,11.0,7.0
1,47,3,1,59,366.0,18,,1,1.0,8,1,29.0,30.0,2.0,10.0
1,44,1,1,842,97.0,28,45.0,2,1.0,16,7,11.0,13.0,5.0,12.0
1,27,2,2,2530,,NIU,,1,1.0,30,4,20.0,,,
2,44,1,1,897,574.0,19,50.0,3,,16,11,16.0,14.0,6.0,23.0
1,30,1,1,2529,1955.0,27,31.0,1,1.0,9,8,7.0,6.0,5.0,9.0
1,25,2,2,82,,NIU,,1,1.0,26,4,22.0,,,
1,28,1,2,1896,1404.0,27,28.0,1,1.0,19,11,29.0,26.0,10.0,30.0
1,35,1,1,5,7.0,22,40.0,1,1.0,7,1,2.0,5.0,10.0,22.0
2,42,1,2,927,565.0,35,46.0,1,1.0,20,4,30.0,8.0,2.0,4.0
2,19,2,2,1795,,NIU,,1,1.0,27,3,17.0,,,
2,21,1,1,1837,1231.0,17,24.0,4,1.0,23,4,10.0,11.0,5.0,1.0
1,45,1,1,2528,1954.0,27,44.0,1,1.0,11,6,29.0,1.0,1.0,31.0
1,39,1,1,2527,1953.0,32,39.0,1,1.0,24,8,28.0,8.0,3.0,22.0
2,40,2,2,198,,NIU,,1,1.0,2,6,22.0,,,
2,46,1,1,578,23.0,20,51.0,3,,4,6,22.0,19.0,1.0,11.0
1,23,2,2,218,,NIU,,1,1.0,17,12,17.0,,,
1,42,1,1,1809,1075.0,21,46.0,1,1.0,20,4,8.0,15.0,3.0,20.0
1,38,3,1,458,303.0,18,,5,1.0,1,2,4.0,2.0,8.0,12.0
1,41,1,1,287,188.0,26,46.0,1,1.0,14,12,8.0,9.0,2.0,19.0
1,41,1,1,1209,1036.0,28,38.0,1,1.0,12,7,3.0,5.0,2.0,10.0
2,47,1,1,184,13.0,16,51.0,1,1.0,8,1,2.0,31.0,9.0,10.0
2,19,2,2,61,,NIU,,1,1.0,27,4,3.0,,,
1,35,1,1,1052,40.0,15,39.0,4,1.0,5,3,2.0,2.0,4.0,8.0
1,47,1,1,96,53.0,29,50.0,1,1.0,3,12,6.0,1.0,7.0,25.0
1,21,2,2,1040,,NIU,,4,1.0,21,1,6.0,,,
2,40,1,1,1024,182.0,17,46.0,2,1.0,12,12,14.0,24.0,1.0,16.0
1,31,1,1,1879,1378.0,23,35.0,1,1.0,10,5,18.0,12.0,3.0,27.0
1,41,1,1,305,339.0,19,43.0,1,1.0,14,12,16.0,15.0,10.0,20.0
1,16,2,2,838,,NIU,,1,1.0,32,7,12.0,,,
2,25,2,2,1425,,NIU,,1,1.0,29,1,8.0,,,
2,30,1,1,267,1438.0,20,32.0,1,1.0,10,4,15.0,4.0,4.0,26.0
1,40,1,1,2526,1952.0,33,53.0,1,1.0,2,11,17.0,10.0,7.0,24.0
2,26,2,2,1493,,NIU,,1,1.0,26,5,19.0,,,
2,24,2,2,75,,NIU,,1,1.0,17,10,1.0,,,
2,45,1,1,95,181.0,17,48.0,1,1.0,11,7,28.0,29.0,8.0,3.0
1,17,2,2,62,,NIU,,1,1.0,25,3,29.0,,,
1,44,3,1,535,333.0,22,,1,1.0,11,12,9.0,15.0,4.0,10.0
2,36,1,1,886,734.0,13,38.0,5,3.0,5,2,27.0,24.0,11.0,8.0
1,41,1,1,1539,473.0,27,46.0,1,1.0,12,8,14.0,7.0,2.0,6.0
1,35,1,2,1758,1172.0,20,46.0,1,1.0,7,9,22.0,7.0,6.0,7.0
1,49,3,1,262,130.0,22,,1,1.0,6,5,14.0,23.0,10.0,15.0
1,44,3,1,830,192.0,24,,1,1.0,16,6,28.0,2.0,1.0,5.0
1,28,1,1,77,39.0,27,26.0,5,1.0,19,1,21.0,26.0,7.0,6.0
1,48,3,2,580,268.0,28,,1,1.0,3,1,14.0,2.0,2.0,5.0
2,41,1,1,1318,883.0,19,49.0,2,2.0,12,8,28.0,15.0,8.0,31.0
1,42,1,1,997,1021.0,31,45.0,1,1.0,14,11,31.0,4.0,6.0,17.0
1,40,1,1,610,358.0,18,54.0,1,1.0,2,1,15.0,18.0,4.0,17.0
2,30,2,2,1705,,NIU,,1,1.0,9,5,24.0,,,
1,23,2,2,1224,,NIU,,1,1.0,31,7,1.0,,,
2,15,2,2,1287,,NIU,,1,1.0,35,1,26.0,,,
1,42,1,1,244,142.0,23,44.0,1,1.0,14,1,7.0,1.0,9.0,28.0
1,49,1,1,426,146.0,18,63.0,1,1.0,6,11,22.0,31.0,6.0,18.0
2,41,1,1,629,1053.0,22,45.0,1,1.0,12,7,4.0,22.0,12.0,7.0
1,49,1,1,426,146.0,18,63.0,1,1.0,6,11,22.0,31.0,6.0,18.0
1,27,1,1,220,104.0,20,36.0,1,1.0,30,5,22.0,8.0,8.0,18.0
2,43,1,1,854,993.0,30,39.0,1,1.0,20,4,5.0,16.0,2.0,14.0
1,49,1,1,93,551.0,28,54.0,1,1.0,36,4,8.0,18.0,5.0,27.0
2,30,1,1,670,383.0,19,34.0,1,1.0,9,4,27.0,4.0,2.0,5.0
1,30,3,1,118,46.0,21,,1,1.0,9,7,8.0,12.0,7.0,8.0
1,33,1,1,788,1133.0,27,36.0,1,1.0,22,9,14.0,10.0,2.0,27.0
1,37,1,1,937,635.0,21,38.0,4,1.0,1,3,9.0,13.0,2.0,6.0
1,22,2,2,1266,,NIU,,1,1.0,23,10,19.0,,,
2,49,5,1,1492,,NIU,,1,1.0,36,12,29.0,,,
1,41,1,1,979,674.0,14,59.0,5,1.0,12,9,4.0,23.0,3.0,20.0
1,20,2,2,1460,,NIU,,1,1.0,27,7,6.0,,,
1,23,2,2,1257,,NIU,,5,3.0,31,10,18.0,,,
1,20,2,2,57,,NIU,,1,1.0,27,8,28.0,,,
1,18,2,2,300,,NIU,,1,1.0,25,3,9.0,,,
1,43,1,1,233,123.0,28,46.0,1,1.0,20,10,4.0,7.0,4.0,18.0
1,47,1,1,748,399.0,25,49.0,1,1.0,3,12,31.0,15.0,7.0,28.0
1,30,1,1,1057,727.0,27,32.0,1,1.0,9,6,22.0,6.0,1.0,24.0
1,34,3,1,68,230.0,25,,1,1.0,15,8,3.0,17.0,2.0,1.0
2,28,1,1,1887,1187.0,18,32.0,1,1.0,19,1,4.0,4.0,10.0,1.0
1,15,2,2,266,,NIU,,1,1.0,35,7,25.0,,,
1,48,1,1,203,229.0,22,49.0,1,1.0,3,10,26.0,19.0,8.0,29.0
1,40,1,1,50,253.0,20,41.0,1,1.0,2,2,17.0,2.0,8.0,7.0
1,27,2,2,949,,NIU,,1,1.0,30,4,10.0,,,
1,35,1,1,5,7.0,22,40.0,1,1.0,7,1,2.0,5.0,10.0,22.0
1,49,1,1,466,336.0,20,51.0,1,1.0,6,7,6.0,30.0,8.0,12.0
2,30,1,1,644,260.0,20,34.0,1,1.0,9,7,23.0,4.0,10.0,24.0
1,20,2,2,1273,,NIU,,1,1.0,27,10,15.0,,,
1,38,1,1,1192,1030.0,20,47.0,1,1.0,1,2,18.0,1.0,1.0,11.0
1,36,1,1,1228,750.0,28,37.0,1,1.0,5,1,30.0,8.0,4.0,29.0
1,45,1,1,1841,1327.0,31,50.0,1,1.0,4,4,13.0,7.0,1.0,10.0
1,36,1,1,1394,959.0,21,39.0,1,1.0,5,7,22.0,9.0,11.0,30.0
1,22,2,2,1846,,NIU,,1,1.0,23,10,9.0,,,
1,45,1,1,85,9.0,29,43.0,1,1.0,4,3,23.0,13.0,1.0,23.0
1,25,1,2,2523,1058.0,24,24.0,1,1.0,29,11,23.0,28.0,3.0,11.0
1,17,2,2,1976,,NIU,,1,1.0,33,6,3.0,,,
1,24,2,2,90,,NIU,,1,1.0,17,1,29.0,,,
1,39,3,1,161,63.0,27,,1,1.0,2,3,3.0,16.0,2.0,6.0
1,28,1,1,1646,1129.0,25,35.0,1,1.0,19,10,24.0,6.0,5.0,1.0
1,44,1,1,660,416.0,28,42.0,1,1.0,16,8,17.0,13.0,5.0,14.0
1,45,1,1,85,9.0,29,43.0,1,1.0,4,3,23.0,13.0,1.0,23.0
1,28,2,2,675,,NIU,,1,1.0,34,3,14.0,,,
2,23,2,2,111,,NIU,,1,1.0,17,9,14.0,,,
1,27,1,1,1175,795.0,24,29.0,1,1.0,30,9,16.0,25.0,5.0,28.0
2,43,1,1,911,733.0,24,44.0,1,1.0,20,5,18.0,22.0,8.0,9.0
1,24,1,1,1169,655.0,21,26.0,1,1.0,17,10,28.0,6.0,2.0,25.0
1,45,3,1,246,133.0,22,,1,1.0,4,3,25.0,24.0,2.0,20.0
1,48,1,1,27,18.0,27,52.0,1,1.0,3,1,21.0,2.0,5.0,9.0
2,26,2,2,1410,,NIU,,1,1.0,26,5,21.0,,,
2,39,1,1,232,100.0,23,42.0,1,1.0,2,3,7.0,13.0,7.0,7.0
1,43,1,1,402,175.0,34,41.0,1,2.0,20,1,26.0,12.0,7.0,27.0
1,47,1,2,64,29.0,26,50.0,1,1.0,8,4,6.0,2.0,1.0,27.0
1,36,1,1,140,987.0,34,37.0,1,1.0,13,12,3.0,25.0,2.0,21.0
1,30,2,2,158,,NIU,,1,1.0,9,1,28.0,,,
1,38,1,1,483,1283.0,22,44.0,1,1.0,24,12,2.0,13.0,4.0,21.0
2,42,3,1,1430,931.0,26,,1,1.0,14,6,1.0,13.0,11.0,5.0
1,21,2,2,316,,NIU,,1,1.0,21,7,6.0,,,
2,42,1,2,927,565.0,35,46.0,1,1.0,20,4,30.0,8.0,2.0,4.0
2,41,1,1,739,617.0,23,44.0,1,1.0,12,11,16.0,1.0,3.0,3.0
1,49,1,1,427,790.0,19,44.0,1,1.0,6,1,23.0,30.0,4.0,25.0
1,20,2,2,408,,NIU,,1,1.0,21,12,8.0,,,
2,32,2,2,285,,NIU,,1,1.0,18,6,22.0,,,
1,33,1,1,1673,1052.0,19,35.0,1,1.0,22,6,2.0,7.0,5.0,12.0
1,48,1,1,656,419.0,17,48.0,1,1.0,6,12,17.0,32.0,4.0,20.0
2,21,2,2,510,,NIU,,1,1.0,21,5,4.0,,,
1,20,2,2,137,,NIU,,1,1.0,21,9,12.0,,,
2,43,1,1,132,639.0,25,40.0,4,1.0,20,5,11.0,1.0,7.0,11.0
1,31,1,2,798,449.0,31,31.0,1,1.0,10,10,20.0,26.0,8.0,16.0
2,23,1,1,1244,909.0,18,30.0,1,1.0,31,6,8.0,3.0,5.0,22.0
2,16,2,2,386,,NIU,,1,1.0,32,1,20.0,,,
1,46,1,1,1239,1109.0,22,41.0,1,1.0,4,5,25.0,14.0,8.0,2.0
1,33,1,1,2522,1983.0,26,40.0,1,1.0,22,8,19.0,8.0,7.0,28.0
2,27,2,2,348,,NIU,,1,1.0,19,3,4.0,,,
1,47,1,1,142,82.0,28,46.0,1,1.0,8,3,17.0,1.0,7.0,28.0
2,33,1,2,157,42.0,26,33.0,1,1.0,22,4,30.0,10.0,1.0,5.0
1,35,2,2,603,,NIU,,1,1.0,7,5,4.0,,,
2,44,1,1,328,173.0,24,60.0,2,1.0,16,8,7.0,2.0,2.0,12.0
2,33,1,1,368,147.0,21,40.0,1,1.0,22,2,17.0,16.0,10.0,26.0
1,49,3,1,262,130.0,22,,1,1.0,6,5,14.0,23.0,10.0,15.0
2,46,1,1,1406,977.0,35,43.0,1,1.0,4,7,9.0,20.0,10.0,25.0
1,28,1,1,77,39.0,27,26.0,5,1.0,19,1,21.0,26.0,7.0,6.0
1,25,1,2,1427,620.0,25,29.0,1,1.0,29,5,18.0,26.0,5.0,24.0
1,42,2,2,10,,NIU,,1,1.0,14,7,7.0,,,
1,41,1,1,1009,1246.0,24,43.0,1,1.0,12,6,22.0,21.0,3.0,24.0
2,42,1,1,1233,895.0,18,42.0,4,1.0,14,2,29.0,14.0,1.0,20.0
1,35,1,1,155,69.0,24,36.0,1,1.0,7,8,13.0,20.0,8.0,3.0
1,45,1,1,193,22.0,28,45.0,1,1.0,11,7,30.0,13.0,9.0,21.0
1,17,2,2,895,,NIU,,1,1.0,33,5,10.0,,,
1,18,2,2,106,,NIU,,1,1.0,25,9,30.0,,,
1,39,2,2,1117,,NIU,,1,1.0,24,2,31.0,,,
1,31,2,2,343,,NIU,,1,1.0,18,12,29.0,,,
2,40,1,1,327,157.0,27,41.0,1,1.0,2,10,28.0,5.0,10.0,19.0
1,42,3,1,151,164.0,23,,1,1.0,14,1,15.0,1.0,6.0,28.0
2,23,2,2,111,,NIU,,1,1.0,17,9,14.0,,,
1,34,1,1,32,772.0,24,34.0,1,1.0,15,1,24.0,4.0,3.0,4.0
1,26,1,1,2521,1982.0,22,36.0,1,1.0,26,9,28.0,11.0,3.0,11.0
2,43,2,2,370,,NIU,,1,1.0,16,9,19.0,,,
1,36,1,1,698,469.0,17,40.0,1,1.0,13,3,5.0,22.0,6.0,21.0
1,38,2,2,1,,NIU,,1,1.0,1,1,25.0,,,
1,19,2,2,481,,NIU,,1,1.0,27,3,10.0,,,
2,17,2,2,62,,NIU,,1,1.0,25,3,29.0,,,
1,31,1,2,125,492.0,28,32.0,1,1.0,10,9,23.0,25.0,7.0,24.0
2,46,1,1,37,675.0,27,53.0,2,1.0,4,11,21.0,1.0,4.0,22.0
1,28,1,1,77,39.0,27,26.0,5,1.0,19,1,21.0,26.0,7.0,6.0
2,34,1,1,68,715.0,29,31.0,1,1.0,15,8,3.0,3.0,10.0,2.0
2,30,1,1,2520,1981.0,20,32.0,1,1.0,9,9,13.0,4.0,12.0,23.0
1,47,3,1,616,539.0,22,,1,1.0,3,3,23.0,27.0,5.0,20.0
1,16,2,2,1102,,NIU,,1,1.0,32,7,28.0,,,
1,32,1,1,1720,252.0,26,35.0,1,1.0,18,6,4.0,10.0,5.0,1.0
1,32,3,1,138,81.0,24,,1,1.0,18,8,23.0,12.0,7.0,11.0
1,21,2,2,1630,,NIU,,2,5.0,21,7,23.0,,,
1,30,1,1,682,376.0,26,35.0,1,1.0,9,7,16.0,6.0,9.0,25.0
1,36,1,1,1816,659.0,17,46.0,4,4.0,5,10,25.0,22.0,10.0,31.0
2,28,3,1,302,242.0,20,,1,1.0,19,4,11.0,8.0,5.0,8.0
1,29,2,2,777,,NIU,,1,1.0,34,11,3.0,,,
2,36,2,2,676,,NIU,,1,1.0,5,6,20.0,,,
1,24,2,2,497,,NIU,,1,1.0,17,7,24.0,,,
2,49,1,1,1355,831.0,21,53.0,2,1.0,6,6,19.0,29.0,12.0,1.0
1,15,2,2,266,,NIU,,1,1.0,35,7,25.0,,,
1,27,1,2,44,44.0,21,28.0,1,1.0,30,6,1.0,10.0,1.0,11.0
2,37,1,1,721,409.0,22,46.0,1,1.0,13,5,12.0,9.0,2.0,27.0
1,24,2,2,90,,NIU,,1,1.0,17,1,29.0,,,
2,17,2,2,625,,NIU,,1,1.0,33,6,13.0,,,
1,19,1,2,320,150.0,19,20.0,1,1.0,28,6,9.0,26.0,1.0,2.0
1,35,1,1,5,7.0,22,40.0,1,1.0,7,1,2.0,5.0,10.0,22.0
1,36,3,1,1337,1980.0,25,,1,1.0,5,9,10.0,4.0,9.0,11.0
2,16,2,2,174,,NIU,,1,1.0,33,3,23.0,,,
1,33,1,1,1313,473.0,19,37.0,1,1.0,22,11,5.0,7.0,2.0,6.0
1,18,2,2,98,,NIU,,1,1.0,25,2,5.0,,,
1,47,1,1,207,116.0,28,51.0,1,1.0,8,7,12.0,1.0,4.0,4.0
1,49,1,1,635,989.0,27,56.0,1,1.0,36,3,11.0,15.0,3.0,17.0
1,44,1,1,790,52.0,22,51.0,1,1.0,16,1,11.0,18.0,1.0,1.0
1,29,1,1,1061,587.0,23,34.0,4,4.0,34,4,12.0,3.0,8.0,2.0
2,35,2,2,919,,NIU,,1,1.0,7,1,1.0,,,
1,36,1,1,219,113.0,16,41.0,1,1.0,5,8,28.0,2.0,7.0,1.0
1,29,3,2,119,234.0,21,,1,1.0,34,1,10.0,12.0,12.0,20.0
1,32,1,1,1003,341.0,26,35.0,1,1.0,18,6,14.0,10.0,8.0,28.0
2,46,1,1,691,503.0,18,47.0,1,1.0,4,11,16.0,23.0,10.0,19.0
2,17,2,2,76,,NIU,,1,1.0,25,4,13.0,,,
1,35,2,1,1893,,NIU,,1,1.0,7,11,1.0,,,
1,38,3,1,110,49.0,21,,1,1.0,1,6,22.0,21.0,3.0,6.0
1,27,1,1,1451,1000.0,22,37.0,1,1.0,30,7,12.0,3.0,10.0,27.0
1,31,1,2,130,43.0,26,36.0,1,1.0,10,4,30.0,11.0,1.0,10.0
1,29,1,1,2519,276.0,24,31.0,1,1.0,34,5,24.0,11.0,6.0,15.0
2,40,1,1,519,340.0,22,39.0,1,1.0,2,2,1.0,21.0,4.0,15.0
2,36,1,1,1961,1207.0,22,38.0,1,,5,8,26.0,7.0,1.0,2.0
1,39,2,2,643,,NIU,,1,1.0,2,12,10.0,,,
1,38,1,2,6,3.0,31,37.0,1,1.0,1,11,10.0,10.0,5.0,30.0
1,41,1,2,566,243.0,29,53.0,1,1.0,12,1,5.0,16.0,12.0,26.0
1,44,3,1,830,192.0,24,,1,1.0,16,6,28.0,2.0,1.0,5.0
1,40,1,1,50,253.0,20,41.0,1,1.0,2,2,17.0,2.0,8.0,7.0
1,47,1,1,1104,686.0,18,50.0,1,1.0,8,11,28.0,29.0,7.0,25.0
1,29,1,2,607,362.0,25,31.0,1,1.0,34,2,2.0,11.0,5.0,11.0
1,33,1,1,907,975.0,27,32.0,4,1.0,22,5,1.0,10.0,11.0,29.0
2,20,1,1,2550,378.0,15,31.0,1,1.0,27,9,5.0,11.0,10.0,10.0
1,42,1,1,1261,924.0,19,45.0,1,1.0,14,2,9.0,24.0,2.0,8.0
2,35,2,2,1366,,NIU,,1,1.0,7,8,29.0,,,
2,44,1,1,472,307.0,34,42.0,1,1.0,16,2,26.0,17.0,9.0,22.0
2,48,2,2,833,,NIU,,2,1.0,6,3,30.0,,,
1,41,1,1,1539,473.0,27,46.0,1,1.0,12,8,14.0,7.0,2.0,6.0
1,21,2,2,316,,NIU,,1,1.0,21,7,6.0,,,
2,43,1,1,1872,1373.0,21,47.0,1,1.0,16,3,11.0,15.0,9.0,25.0
1,22,2,2,171,,NIU,,1,1.0,31,12,8.0,,,
2,37,1,1,721,409.0,22,46.0,1,1.0,13,5,12.0,9.0,2.0,27.0
1,39,1,1,1187,887.0,28,37.0,1,1.0,24,9,7.0,20.0,12.0,22.0
1,23,3,2,56,417.0,18,,1,1.0,17,3,8.0,3.0,10.0,20.0
1,49,1,1,426,146.0,18,63.0,1,1.0,6,11,22.0,31.0,6.0,18.0
1,28,1,1,77,39.0,27,26.0,5,1.0,19,1,21.0,26.0,7.0,6.0
2,47,1,1,173,96.0,21,53.0,1,1.0,8,10,26.0,19.0,2.0,30.0
1,38,2,2,1,,NIU,,1,1.0,1,1,25.0,,,
1,25,1,2,405,30.0,25,26.0,1,1.0,29,5,15.0,26.0,1.0,6.0
1,44,1,1,660,416.0,28,42.0,1,1.0,16,8,17.0,13.0,5.0,14.0
1,41,3,1,1029,547.0,27,,1,1.0,12,6,16.0,7.0,4.0,13.0
2,37,1,1,240,131.0,22,40.0,1,1.0,1,4,21.0,13.0,11.0,25.0
2,49,1,1,36,240.0,20,52.0,1,1.0,6,4,10.0,30.0,3.0,2.0
2,29,2,2,177,,NIU,,1,1.0,9,3,7.0,,,
1,42,3,1,10,271.0,23,,1,1.0,14,7,7.0,1.0,4.0,5.0
1,28,2,2,2549,,NIU,,1,1.0,19,2,22.0,,,
1,45,1,1,356,138.0,25,46.0,2,1.0,11,6,9.0,2.0,3.0,10.0
1,30,1,1,1579,76.0,21,30.0,1,1.0,9,8,3.0,12.0,6.0,21.0
1,48,3,1,932,577.0,29,,1,1.0,3,6,29.0,22.0,10.0,18.0
1,22,1,2,253,214.0,20,24.0,1,1.0,23,10,27.0,28.0,4.0,20.0
1,25,2,2,752,,NIU,,2,2.0,29,9,13.0,,,
1,28,2,2,1243,,NIU,,1,1.0,19,11,20.0,,,
1,21,2,2,744,,NIU,,1,1.0,23,12,3.0,,,
1,39,1,1,912,1329.0,33,37.0,1,1.0,24,8,22.0,10.0,8.0,29.0
1,49,3,1,48,68.0,17,,1,1.0,6,2,4.0,33.0,11.0,7.0
1,36,1,2,1101,283.0,23,43.0,1,1.0,5,1,15.0,16.0,6.0,1.0
1,25,2,2,764,,NIU,,1,1.0,29,10,17.0,,,
1,47,3,1,506,371.0,21,,1,1.0,8,5,20.0,19.0,7.0,26.0
1,46,3,1,847,446.0,30,,1,1.0,4,9,26.0,9.0,10.0,22.0
2,31,1,1,2548,1979.0,23,36.0,1,1.0,18,3,19.0,12.0,6.0,18.0
1,45,1,1,772,856.0,20,47.0,2,,11,2,28.0,14.0,7.0,30.0
1,37,1,1,1375,544.0,26,42.0,1,1.0,13,6,29.0,20.0,1.0,6.0
2,35,1,1,24,513.0,26,38.0,1,1.0,7,8,15.0,17.0,9.0,16.0
2,42,1,1,747,52.0,21,48.0,2,1.0,14,8,1.0,18.0,1.0,1.0
2,32,1,1,22,584.0,20,33.0,1,1.0,18,7,19.0,20.0,1.0,3.0
2,40,1,1,1901,1255.0,30,48.0,1,1.0,12,12,19.0,4.0,6.0,13.0
1,30,1,1,1017,588.0,21,34.0,1,1.0,9,11,20.0,17.0,11.0,16.0
2,44,1,1,472,307.0,34,42.0,1,1.0,16,2,26.0,17.0,9.0,22.0
1,49,1,1,943,325.0,31,49.0,1,1.0,36,12,19.0,1.0,1.0,3.0
1,44,1,1,732,493.0,24,45.0,1,1.0,11,12,4.0,2.0,2.0,29.0
1,48,1,1,27,18.0,27,52.0,1,1.0,3,1,21.0,2.0,5.0,9.0
1,17,2,2,1072,,NIU,,4,4.0,33,7,22.0,,,
2,17,2,2,1627,,NIU,,1,1.0,33,5,15.0,,,
1,49,3,1,340,926.0,21,,1,1.0,6,6,3.0,29.0,10.0,19.0
1,33,1,2,545,274.0,26,44.0,1,1.0,15,12,22.0,8.0,2.0,24.0
1,17,2,2,654,,NIU,,1,1.0,33,2,27.0,,,
2,25,2,2,306,,NIU,,2,1.0,29,5,28.0,,,
2,15,2,2,706,,NIU,,1,1.0,35,9,6.0,,,
1,38,2,2,451,,NIU,,1,1.0,1,5,8.0,,,
1,17,2,2,353,,NIU,,1,1.0,25,3,17.0,,,
2,42,1,1,1729,1241.0,18,48.0,1,1.0,20,12,28.0,14.0,10.0,13.0
1,27,1,2,492,361.0,21,28.0,1,1.0,19,12,26.0,10.0,2.0,16.0
1,19,2,2,878,,NIU,,1,1.0,28,9,9.0,,,
1,41,2,2,264,,NIU,,1,1.0,12,10,22.0,,,
1,33,3,1,1054,737.0,17,,3,,22,4,12.0,9.0,6.0,4.0
2,28,1,1,1464,1002.0,19,34.0,1,1.0,34,3,7.0,17.0,1.0,21.0
1,15,2,2,2547,,NIU,,4,1.0,35,1,3.0,,,
1,31,1,1,175,70.0,22,35.0,1,1.0,18,12,28.0,17.0,7.0,12.0
1,48,1,2,346,1978.0,32,57.0,1,1.0,3,6,7.0,13.0,4.0,29.0
1,18,2,2,12,,NIU,,1,1.0,25,10,27.0,,,
2,26,1,1,1458,753.0,19,37.0,1,1.0,26,1,1.0,10.0,5.0,17.0
2,46,2,2,541,,NIU,,1,1.0,4,10,16.0,,,
2,32,1,1,2546,1977.0,22,34.0,1,1.0,18,1,30.0,4.0,2.0,24.0
1,27,2,2,2,,NIU,,1,1.0,19,3,15.0,,,
1,30,1,1,682,376.0,26,35.0,1,1.0,9,7,16.0,6.0,9.0,25.0
2,22,2,2,526,,NIU,,1,1.0,23,9,21.0,,,
1,22,2,2,383,,NIU,,1,1.0,23,5,4.0,,,
2,43,3,1,1152,988.0,20,,1,1.0,20,5,7.0,24.0,12.0,7.0
1,27,1,2,44,44.0,21,28.0,1,1.0,30,6,1.0,10.0,1.0,11.0
1,23,2,2,705,,NIU,,1,1.0,31,11,3.0,,,
2,21,2,2,510,,NIU,,1,1.0,21,5,4.0,,,
2,31,1,1,1227,891.0,19,40.0,1,1.0,10,5,13.0,16.0,1.0,24.0
2,49,1,1,1413,953.0,21,52.0,1,1.0,6,2,8.0,29.0,11.0,23.0
2,48,1,1,549,94.0,32,56.0,3,1.0,6,3,4.0,13.0,9.0,24.0
1,41,1,1,2545,1976.0,31,40.0,1,1.0,14,4,13.0,4.0,1.0,8.0
1,38,1,1,325,233.0,31,46.0,1,1.0,1,7,26.0,8.0,2.0,28.0
2,49,1,1,317,148.0,25,51.0,1,1.0,6,1,12.0,24.0,9.0,18.0
2,27,1,2,213,112.0,24,24.0,1,1.0,30,7,21.0,25.0,4.0,11.0
1,34,1,1,431,375.0,21,38.0,1,1.0,7,12,17.0,5.0,1.0,28.0
1,45,1,1,1403,834.0,21,52.0,1,1.0,4,9,23.0,27.0,3.0,27.0
2,46,1,1,392,1051.0,19,46.0,1,1.0,4,9,25.0,19.0,5.0,26.0
1,42,1,1,192,102.0,18,47.0,1,1.0,14,6,9.0,14.0,11.0,31.0
1,35,1,1,2544,1975.0,24,46.0,1,1.0,7,6,23.0,20.0,1.0,13.0
2,19,2,2,258,,NIU,,1,1.0,28,2,26.0,,,
1,47,2,2,109,,NIU,,1,1.0,3,4,15.0,,,
2,21,2,2,112,,NIU,,1,1.0,23,4,7.0,,,
1,42,1,1,903,573.0,21,45.0,1,1.0,20,3,16.0,15.0,12.0,14.0
1,45,2,2,341,,NIU,,1,1.0,4,12,11.0,,,
2,33,1,1,2543,1110.0,22,36.0,1,1.0,22,11,11.0,4.0,7.0,17.0
1,46,3,1,908,562.0,30,,1,1.0,4,5,21.0,13.0,2.0,12.0
1,30,1,1,2542,1974.0,24,31.0,1,1.0,9,7,18.0,3.0,4.0,14.0
2,45,1,1,234,851.0,22,52.0,1,1.0,11,5,2.0,24.0,1.0,31.0
1,45,1,2,234,306.0,40,36.0,1,1.0,11,5,2.0,11.0,9.0,17.0
1,40,3,1,729,434.0,19,,1,1.0,2,5,19.0,18.0,8.0,19.0
1,21,2,2,857,,NIU,,1,1.0,21,6,17.0,,,
1,15,2,2,94,,NIU,,1,1.0,35,7,10.0,,,
2,38,1,1,375,183.0,23,39.0,1,1.0,1,2,14.0,7.0,4.0,9.0
2,31,1,1,1332,845.0,15,34.0,1,1.0,10,1,16.0,9.0,1.0,31.0
1,39,1,1,1025,22.0,22,41.0,1,1.0,24,10,23.0,13.0,9.0,21.0
1,20,2,2,137,,NIU,,1,1.0,21,9,12.0,,,
1,39,2,2,1117,,NIU,,1,1.0,24,2,31.0,,,
2,35,1,1,1863,1383.0,21,40.0,1,1.0,7,7,12.0,5.0,9.0,3.0
2,40,1,1,1024,182.0,17,46.0,2,1.0,12,12,14.0,24.0,1.0,16.0
2,24,2,2,731,,NIU,,1,1.0,17,1,17.0,,,
1,36,1,1,1408,756.0,26,37.0,1,1.0,13,3,20.0,4.0,10.0,10.0
2,16,2,2,174,,NIU,,1,1.0,33,3,23.0,,,
2,23,1,2,396,222.0,20,24.0,1,1.0,17,3,5.0,6.0,7.0,16.0
1,33,1,1,1466,764.0,20,36.0,1,1.0,22,6,31.0,5.0,7.0,6.0
2,35,1,1,24,1973.0,31,43.0,1,1.0,7,8,15.0,11.0,2.0,8.0
1,41,1,1,83,316.0,22,42.0,1,2.0,12,7,15.0,22.0,5.0,5.0
1,34,1,1,2541,1480.0,20,44.0,1,1.0,15,9,8.0,5.0,6.0,9.0
2,35,1,1,28,1.0,20,45.0,1,1.0,5,3,27.0,9.0,2.0,1.0
2,42,1,1,747,52.0,21,48.0,2,1.0,14,8,1.0,18.0,1.0,1.0
2,35,1,1,2539,698.0,19,44.0,1,1.0,7,8,4.0,13.0,7.0,19.0
2,46,1,1,128,357.0,22,52.0,1,1.0,8,3,19.0,14.0,4.0,2.0
1,36,1,1,922,555.0,22,44.0,1,1.0,5,6,30.0,7.0,4.0,15.0
1,37,1,1,224,121.0,28,35.0,1,1.0,13,5,2.0,12.0,9.0,19.0
2,45,1,1,260,125.0,21,46.0,1,1.0,11,10,23.0,14.0,7.0,10.0
2,40,1,1,182,89.0,21,44.0,1,1.0,2,1,11.0,1.0,6.0,5.0
1,25,2,2,507,,NIU,,1,1.0,29,5,26.0,,,
2,17,1,2,1514,1440.0,16,22.0,1,1.0,25,3,15.0,28.0,3.0,9.0
1,38,1,2,103,45.0,25,37.0,1,1.0,1,8,5.0,5.0,10.0,9.0
1,24,2,2,2538,,NIU,,1,1.0,17,6,3.0,,,
2,21,2,2,920,,NIU,,1,1.0,21,9,15.0,,,
2,35,1,1,537,321.0,16,41.0,1,1.0,7,5,13.0,22.0,2.0,1.0
1,16,2,2,1230,,NIU,,1,1.0,32,8,28.0,,,
2,34,1,1,827,457.0,20,36.0,1,1.0,15,6,8.0,7.0,6.0,26.0
2,36,1,1,676,1056.0,29,35.0,1,1.0,5,6,20.0,8.0,11.0,14.0
1,34,1,1,414,206.0,28,35.0,1,1.0,15,6,13.0,10.0,3.0,26.0
2,17,2,2,247,,NIU,,1,1.0,33,5,13.0,,,
1,24,2,2,214,,NIU,,1,1.0,29,3,13.0,,,
1,43,2,2,1354,,NIU,,1,1.0,16,4,8.0,,,
1,26,1,2,425,59.0,22,26.0,1,1.0,26,4,16.0,6.0,5.0,24.0
2,22,2,2,582,,NIU,,1,1.0,23,10,15.0,,,
1,32,1,1,1481,839.0,29,38.0,1,1.0,22,3,11.0,11.0,12.0,12.0
1,28,1,1,1079,697.0,20,40.0,1,1.0,34,12,27.0,17.0,11.0,18.0
2,31,1,2,237,410.0,26,32.0,3,,18,4,20.0,3.0,1.0,13.0
1,15,2,2,1475,,NIU,,1,1.0,35,6,8.0,,,
1,31,1,1,1463,710.0,25,51.0,1,1.0,10,6,18.0,10.0,1.0,19.0
1,49,3,1,13,8.0,27,,1,1.0,36,3,9.0,15.0,1.0,28.0
2,38,1,1,1441,984.0,26,43.0,1,1.0,1,8,16.0,16.0,2.0,13.0
2,21,2,2,953,,NIU,,1,1.0,21,2,23.0,,,
1,28,1,1,1491,1413.0,20,32.0,1,1.0,19,4,8.0,8.0,4.0,6.0
1,20,3,1,981,689.0,19,,1,1.0,21,3,23.0,28.0,10.0,10.0
2,24,1,1,1908,726.0,18,33.0,1,1.0,17,8,22.0,10.0,12.0,16.0
2,41,1,1,272,207.0,19,43.0,1,1.0,12,6,14.0,15.0,7.0,14.0
1,48,2,2,388,,NIU,,1,1.0,6,12,1.0,,,
1,19,2,2,104,,NIU,,1,1.0,27,4,22.0,,,
1,29,1,2,420,153.0,21,34.0,1,1.0,34,5,23.0,12.0,7.0,29.0
2,17,2,2,1914,,NIU,,1,1.0,33,8,25.0,,,
1,37,1,1,1303,927.0,21,43.0,1,1.0,13,7,12.0,13.0,12.0,11.0
1,40,1,1,54,342.0,26,55.0,4,1.0,2,8,5.0,7.0,8.0,25.0
2,25,2,2,259,,NIU,,1,1.0,26,3,23.0,,,
2,49,1,1,380,227.0,29,52.0,1,1.0,36,3,6.0,2.0,6.0,31.0
2,35,3,2,196,65.0,25,,1,1.0,5,3,1.0,4.0,6.0,4.0
2,18,2,2,12,,NIU,,1,1.0,25,10,27.0,,,
1,26,2,2,439,,NIU,,1,1.0,30,4,13.0,,,
2,45,1,1,260,125.0,21,46.0,1,1.0,11,10,23.0,14.0,7.0,10.0
1,47,3,1,552,356.0,22,,1,1.0,8,7,24.0,27.0,8.0,21.0
1,22,2,2,171,,NIU,,1,1.0,31,12,8.0,,,
2,48,1,1,2537,1479.0,17,52.0,1,1.0,6,4,23.0,32.0,8.0,13.0
1,17,2,2,654,,NIU,,1,1.0,33,2,27.0,,,
2,35,1,1,673,380.0,19,38.0,1,1.0,7,7,11.0,9.0,6.0,18.0
1,22,2,2,383,,NIU,,1,1.0,23,5,4.0,,,
1,21,2,2,91,,NIU,,1,1.0,21,10,26.0,,,
1,23,2,2,418,,NIU,,1,1.0,31,7,16.0,,,
2,24,2,2,810,,NIU,,1,1.0,17,11,14.0,,,
1,46,1,1,871,634.0,25,48.0,1,1.0,4,5,26.0,18.0,1.0,5.0
1,37,1,1,2536,1478.0,24,43.0,1,1.0,13,11,7.0,5.0,11.0,2.0
2,41,1,1,2535,1477.0,26,42.0,1,1.0,14,3,1.0,9.0,8.0,15.0
1,46,2,2,252,,NIU,,1,1.0,4,9,22.0,,,
1,47,1,1,31,92.0,34,42.0,1,1.0,8,5,21.0,5.0,1.0,3.0
1,31,1,1,1380,812.0,26,34.0,2,1.0,18,4,5.0,3.0,1.0,26.0
1,38,1,1,1436,1004.0,29,41.0,1,1.0,1,2,13.0,17.0,3.0,30.0
2,24,2,2,1478,,NIU,,1,1.0,17,7,17.0,,,
1,19,2,2,486,,NIU,,5,3.0,27,12,2.0,,,
1,40,3,1,428,249.0,19,,1,1.0,2,7,29.0,2.0,9.0,12.0
1,30,2,2,384,,NIU,,1,1.0,9,7,13.0,,,
1,49,1,1,204,117.0,21,54.0,1,1.0,6,11,10.0,29.0,3.0,14.0
1,29,1,2,243,141.0,26,34.0,1,1.0,34,2,25.0,6.0,5.0,16.0
2,41,2,2,464,,NIU,,1,1.0,12,5,3.0,,,
1,48,3,2,768,430.0,19,,1,1.0,3,7,24.0,30.0,3.0,26.0
1,39,3,1,304,201.0,25,,1,1.0,24,1,7.0,5.0,4.0,27.0
2,33,1,1,1449,970.0,19,35.0,1,1.0,15,3,23.0,7.0,8.0,4.0
2,27,2,2,116,,NIU,,1,1.0,30,2,30.0,,,
1,23,2,2,218,,NIU,,1,1.0,17,12,17.0,,,
1,28,2,2,1243,,NIU,,1,1.0,19,11,20.0,,,
2,47,3,1,355,165.0,17,,1,1.0,3,4,17.0,31.0,8.0,17.0
2,15,2,2,706,,NIU,,1,1.0,35,9,6.0,,,
2,43,1,1,67,78.0,16,43.0,1,1.0,16,3,18.0,23.0,8.0,31.0
1,26,1,1,1035,395.0,22,34.0,1,1.0,26,2,16.0,11.0,2.0,20.0
2,30,1,1,921,921.0,26,29.0,1,1.0,9,7,10.0,11.0,12.0,21.0
1,31,1,1,25,11.0,25,36.0,1,1.0,10,2,3.0,3.0,4.0,10.0
2,40,1,2,2566,1476.0,26,42.0,3,,12,4,27.0,7.0,8.0,3.0
1,25,2,2,539,,NIU,,1,1.0,29,7,1.0,,,
2,44,1,1,308,707.0,19,48.0,1,1.0,16,2,10.0,27.0,2.0,2.0
1,23,2,2,963,,NIU,,1,1.0,31,11,19.0,,,
2,36,2,2,1832,,NIU,,1,1.0,5,8,16.0,,,
2,24,1,1,461,320.0,20,24.0,3,,29,4,2.0,3.0,3.0,28.0
2,32,1,1,1070,64.0,30,44.0,1,1.0,22,3,29.0,25.0,4.0,12.0
1,31,1,1,7,5.0,27,41.0,1,1.0,10,1,6.0,6.0,4.0,8.0
2,15,2,2,832,,NIU,,1,1.0,35,7,15.0,,,
2,30,1,1,319,161.0,27,31.0,1,1.0,9,8,10.0,6.0,1.0,6.0
1,45,1,1,947,994.0,19,70.0,1,1.0,11,6,2.0,19.0,10.0,9.0
1,41,1,1,133,958.0,24,46.0,1,1.0,12,7,21.0,21.0,3.0,29.0
1,47,3,1,59,366.0,18,,1,1.0,8,1,29.0,30.0,2.0,10.0
2,36,1,1,400,169.0,16,37.0,1,1.0,5,6,18.0,2.0,5.0,28.0
2,18,2,2,452,,NIU,,5,3.0,25,1,11.0,,,
1,47,3,1,506,371.0,21,,1,1.0,8,5,20.0,19.0,7.0,26.0
1,19,2,2,878,,NIU,,1,1.0,28,9,9.0,,,
2,16,2,2,2565,,NIU,,1,1.0,33,3,6.0,,,
2,15,2,2,1903,,NIU,,5,3.0,32,3,6.0,,,
2,48,1,1,250,127.0,29,48.0,1,1.0,3,8,25.0,1.0,6.0,14.0
2,32,1,1,1085,650.0,14,43.0,1,1.0,18,1,21.0,21.0,7.0,23.0
1,49,1,1,542,251.0,22,57.0,1,1.0,36,4,13.0,29.0,12.0,17.0
2,22,3,1,1030,703.0,14,,1,1.0,23,9,18.0,8.0,7.0,8.0
1,38,1,2,6,3.0,31,37.0,1,1.0,1,11,10.0,10.0,5.0,30.0
2,29,1,1,971,699.0,24,31.0,3,,9,12,1.0,3.0,10.0,3.0
2,23,2,2,167,,NIU,,2,1.0,31,7,19.0,,,
2,43,1,1,1545,1080.0,19,53.0,1,1.0,20,1,13.0,14.0,2.0,5.0
1,15,2,2,995,,NIU,,3,1.0,35,5,24.0,,,
2,34,1,1,32,72.0,14,41.0,1,1.0,15,1,24.0,22.0,5.0,22.0
2,16,2,2,174,,NIU,,1,1.0,33,3,23.0,,,
2,32,3,1,53,88.0,14,,1,1.0,18,10,30.0,1.0,7.0,23.0
1,33,1,2,100,93.0,26,39.0,1,1.0,22,5,23.0,8.0,4.0,15.0
2,41,1,1,629,1053.0,22,45.0,1,1.0,12,7,4.0,22.0,12.0,7.0
1,33,1,1,1979,995.0,21,32.0,1,1.0,22,2,21.0,16.0,11.0,9.0
1,35,1,1,2564,1475.0,27,35.0,1,1.0,7,1,27.0,8.0,7.0,1.0
2,48,1,1,346,1181.0,16,55.0,1,1.0,3,6,7.0,33.0,5.0,12.0
1,15,2,2,1018,,NIU,,1,1.0,35,7,22.0,,,
1,45,1,1,30,17.0,21,52.0,2,2.0,4,3,17.0,14.0,3.0,12.0
1,21,2,2,811,,NIU,,1,1.0,21,8,5.0,,,
2,30,2,2,482,,NIU,,1,1.0,9,1,3.0,,,
1,15,2,2,559,,NIU,,1,1.0,35,6,24.0,,,
1,36,1,1,2563,1474.0,30,45.0,1,1.0,5,8,7.0,10.0,1.0,22.0
1,49,1,1,189,106.0,30,51.0,1,1.0,6,9,6.0,22.0,2.0,18.0
2,40,1,1,327,157.0,27,41.0,1,1.0,2,10,28.0,5.0,10.0,19.0
1,33,1,1,1750,1046.0,19,43.0,1,1.0,22,5,28.0,5.0,9.0,11.0
1,26,2,2,1485,,NIU,,1,1.0,26,9,2.0,,,
2,16,2,2,2562,,NIU,,3,1.0,32,11,22.0,,,
1,30,1,1,88,47.0,27,30.0,1,1.0,9,2,21.0,6.0,2.0,27.0
1,41,1,1,133,958.0,24,46.0,1,1.0,12,7,21.0,21.0,3.0,29.0
1,49,3,1,1086,597.0,21,,1,1.0,6,6,28.0,29.0,10.0,28.0
1,27,2,2,449,,NIU,,1,1.0,30,9,21.0,,,
1,39,2,2,1112,,NIU,,1,1.0,2,12,29.0,,,
1,39,1,1,58,1473.0,31,40.0,1,1.0,24,11,23.0,12.0,2.0,15.0
2,39,1,1,513,313.0,20,47.0,1,1.0,24,1,5.0,22.0,2.0,4.0
2,29,1,1,1912,1123.0,17,36.0,1,1.0,9,3,5.0,5.0,11.0,7.0
2,30,1,1,1095,378.0,26,42.0,1,1.0,10,3,27.0,11.0,10.0,10.0
2,40,1,1,489,324.0,18,48.0,1,1.0,12,9,1.0,15.0,8.0,1.0
1,30,1,1,1551,1150.0,24,38.0,1,1.0,9,1,26.0,3.0,6.0,23.0
1,23,2,2,753,,NIU,,1,1.0,31,11,28.0,,,
1,38,1,1,1800,1292.0,20,40.0,1,1.0,1,11,11.0,1.0,3.0,23.0
1,23,1,1,299,211.0,23,31.0,1,1.0,17,4,17.0,28.0,12.0,7.0
2,48,1,1,938,439.0,22,55.0,1,1.0,3,9,11.0,19.0,12.0,29.0
1,24,2,2,90,,NIU,,1,1.0,17,1,29.0,,,
2,42,3,1,836,474.0,27,,1,1.0,14,4,5.0,7.0,4.0,29.0
1,16,2,2,102,,NIU,,1,1.0,32,10,9.0,,,
1,45,2,2,163,,NIU,,1,1.0,11,8,10.0,,,
2,46,1,1,1277,804.0,22,53.0,1,1.0,8,4,10.0,27.0,3.0,28.0
2,37,1,1,659,490.0,24,38.0,4,1.0,13,9,30.0,16.0,5.0,10.0
1,48,1,1,230,103.0,24,49.0,1,1.0,3,5,7.0,14.0,1.0,8.0
2,40,1,1,242,932.0,21,52.0,1,1.0,2,7,10.0,22.0,2.0,8.0
1,28,1,1,2561,1019.0,23,34.0,1,1.0,19,9,9.0,3.0,2.0,10.0
2,44,1,2,453,314.0,39,45.0,1,1.0,11,3,26.0,3.0,7.0,22.0
1,32,1,1,865,610.0,20,34.0,1,1.0,18,5,14.0,16.0,12.0,29.0
1,27,1,2,44,44.0,21,28.0,1,1.0,30,6,1.0,10.0,1.0,11.0
1,27,1,1,220,104.0,20,36.0,1,1.0,30,5,22.0,8.0,8.0,18.0
1,38,1,2,6,3.0,31,37.0,1,1.0,1,11,10.0,10.0,5.0,30.0
2,19,2,2,1411,,NIU,,1,1.0,28,11,3.0,,,
1,45,1,1,1201,334.0,23,49.0,1,1.0,11,1,25.0,18.0,1.0,14.0
2,40,1,1,54,300.0,33,45.0,1,1.0,2,8,5.0,8.0,5.0,24.0
1,23,2,2,211,,NIU,,1,1.0,17,4,24.0,,,
1,37,1,1,937,635.0,21,38.0,4,1.0,1,3,9.0,13.0,2.0,6.0
2,48,1,1,969,560.0,21,53.0,1,1.0,3,6,9.0,23.0,4.0,13.0
1,46,1,1,38,666.0,22,55.0,1,1.0,4,6,6.0,14.0,9.0,11.0
1,20,2,2,408,,NIU,,1,1.0,21,12,8.0,,,
1,26,2,2,1708,,NIU,,1,1.0,26,9,3.0,,,
2,37,1,1,791,319.0,20,42.0,1,1.0,1,4,29.0,21.0,2.0,9.0
2,25,2,2,664,,NIU,,2,2.0,29,1,9.0,,,
2,49,1,1,349,174.0,17,52.0,1,1.0,6,1,27.0,32.0,7.0,26.0
1,44,1,1,251,115.0,26,45.0,1,1.0,16,9,16.0,1.0,12.0,24.0
2,37,1,1,107,37.0,25,37.0,1,1.0,13,2,27.0,16.0,2.0,19.0
1,25,2,2,216,,NIU,,1,1.0,29,5,2.0,,,
1,45,1,1,356,138.0,25,46.0,2,1.0,11,6,9.0,2.0,3.0,10.0
1,46,1,1,128,745.0,22,48.0,3,,8,3,19.0,14.0,2.0,17.0
1,42,3,1,10,271.0,23,,1,1.0,14,7,7.0,1.0,4.0,5.0
1,41,1,1,1131,837.0,33,42.0,1,1.0,12,11,30.0,8.0,4.0,9.0
2,41,1,1,629,1039.0,26,44.0,1,1.0,12,7,4.0,9.0,5.0,8.0
2,41,1,1,181,280.0,27,44.0,1,1.0,14,12,24.0,7.0,2.0,17.0
1,22,2,2,205,,NIU,,4,4.0,23,5,15.0,,,
1,28,2,2,633,,NIU,,1,1.0,19,2,10.0,,,
2,23,2,2,1064,,NIU,,1,1.0,31,6,22.0,,,
1,20,2,2,57,,NIU,,1,1.0,27,8,28.0,,,
1,39,1,1,212,109.0,23,43.0,1,1.0,2,12,17.0,13.0,10.0,30.0
1,30,1,1,267,776.0,27,32.0,1,1.0,10,4,15.0,6.0,2.0,22.0
1,38,1,1,2560,1472.0,33,35.0,4,1.0,1,2,21.0,3.0,12.0,18.0
2,35,1,1,206,145.0,24,34.0,1,1.0,5,12,15.0,16.0,11.0,22.0
1,49,3,1,1454,747.0,29,,1,1.0,6,9,8.0,2.0,3.0,25.0
1,28,1,1,2559,1999.0,24,44.0,1,1.0,19,7,10.0,11.0,11.0,22.0
1,38,3,1,458,303.0,18,,5,1.0,1,2,4.0,2.0,8.0,12.0
2,30,1,1,1830,1339.0,15,43.0,1,1.0,10,12,5.0,9.0,5.0,25.0
2,44,1,1,432,373.0,18,49.0,1,1.0,11,3,21.0,19.0,5.0,16.0
2,24,2,2,1038,,NIU,,2,2.0,17,9,11.0,,,
2,41,1,1,74,561.0,21,50.0,1,1.0,12,8,22.0,2.0,12.0,10.0
1,17,2,2,858,,NIU,,1,1.0,25,3,25.0,,,
1,31,1,2,941,591.0,24,40.0,1,1.0,18,4,11.0,8.0,1.0,15.0
1,24,2,2,983,,NIU,,1,1.0,17,10,5.0,,,
1,42,1,1,887,553.0,19,47.0,1,1.0,14,6,27.0,24.0,12.0,22.0
2,36,1,1,121,111.0,18,48.0,1,1.0,5,9,25.0,21.0,10.0,25.0
1,49,3,1,1051,28.0,36,,1,1.0,6,5,7.0,5.0,5.0,18.0
1,18,2,2,935,,NIU,,1,1.0,25,9,13.0,,,
1,21,2,2,313,,NIU,,1,1.0,21,11,22.0,,,
2,19,2,2,946,,NIU,,1,1.0,28,1,27.0,,,
1,20,2,2,604,,NIU,,1,1.0,21,12,7.0,,,
2,49,1,1,703,1031.0,20,53.0,1,1.0,6,8,25.0,30.0,7.0,11.0
2,30,1,1,993,669.0,29,28.0,1,1.0,9,4,30.0,28.0,12.0,2.0
1,31,2,2,134,,NIU,,1,1.0,10,2,6.0,,,
1,37,1,1,2558,1998.0,21,44.0,1,1.0,13,7,28.0,9.0,9.0,23.0
1,41,3,1,271,99.0,30,,1,1.0,12,7,28.0,4.0,1.0,4.0
2,32,1,1,66,15.0,19,39.0,4,1.0,18,2,22.0,5.0,2.0,29.0
1,37,1,1,224,121.0,28,35.0,1,1.0,13,5,2.0,12.0,9.0,19.0
1,45,2,2,163,,NIU,,1,1.0,11,8,10.0,,,
1,23,2,2,1706,,NIU,,1,1.0,17,12,27.0,,,
1,21,2,2,972,,NIU,,1,1.0,21,9,1.0,,,
2,30,1,1,754,864.0,22,33.0,1,1.0,9,11,4.0,8.0,7.0,20.0
1,21,2,2,316,,NIU,,1,1.0,21,7,6.0,,,
2,21,2,2,150,,NIU,,1,1.0,21,10,24.0,,,
2,29,1,1,637,827.0,24,31.0,4,1.0,9,4,19.0,3.0,2.0,30.0
1,39,1,1,78,463.0,20,39.0,4,1.0,2,12,15.0,22.0,1.0,15.0
1,35,1,1,1322,536.0,25,34.0,2,1.0,7,9,8.0,4.0,3.0,14.0
1,33,1,1,2557,1997.0,26,31.0,1,1.0,22,8,7.0,8.0,8.0,4.0
2,40,1,1,1206,1028.0,15,35.0,1,1.0,2,11,9.0,27.0,12.0,15.0
1,35,1,1,1731,1239.0,29,40.0,3,,5,3,16.0,10.0,5.0,12.0
2,17,2,2,247,,NIU,,1,1.0,33,5,13.0,,,
2,28,1,1,771,516.0,16,34.0,3,,19,9,19.0,16.0,2.0,9.0
2,37,1,1,721,409.0,22,46.0,1,1.0,13,5,12.0,9.0,2.0,27.0
2,30,1,1,1910,1125.0,28,31.0,2,2.0,9,6,5.0,25.0,12.0,4.0
1,35,1,1,2553,1223.0,24,35.0,1,1.0,5,12,22.0,20.0,1.0,7.0
1,48,3,1,965,667.0,19,,1,1.0,3,11,12.0,29.0,4.0,23.0
1,47,1,2,64,29.0,26,50.0,1,1.0,8,4,6.0,2.0,1.0,27.0
2,15,1,2,365,198.0,15,23.0,5,1.0,35,8,24.0,26.0,9.0,12.0
2,15,2,2,530,,NIU,,1,1.0,32,3,23.0,,,
1,49,1,1,1395,960.0,27,47.0,1,1.0,6,10,6.0,18.0,9.0,22.0
1,45,2,2,341,,NIU,,1,1.0,4,12,11.0,,,
2,17,2,2,625,,NIU,,1,1.0,33,6,13.0,,,
1,19,2,2,468,,NIU,,1,1.0,28,9,17.0,,,
1,22,2,2,571,,NIU,,1,1.0,23,1,6.0,,,
2,18,2,2,105,,NIU,,1,1.0,25,6,28.0,,,
1,41,2,1,1796,,NIU,,3,,14,12,15.0,,,
1,16,2,2,334,,NIU,,1,1.0,32,2,15.0,,,
1,31,1,1,2552,1996.0,24,33.0,1,1.0,10,1,13.0,10.0,4.0,22.0
1,38,1,1,1538,1054.0,21,39.0,1,1.0,24,3,27.0,21.0,6.0,17.0
2,34,1,1,60,178.0,23,35.0,1,1.0,15,2,26.0,20.0,8.0,23.0
2,45,1,1,95,181.0,17,48.0,1,1.0,11,7,28.0,29.0,8.0,3.0
1,28,2,2,633,,NIU,,1,1.0,19,2,10.0,,,
1,44,1,1,494,310.0,21,46.0,1,1.0,16,6,10.0,24.0,9.0,8.0
1,42,3,2,1733,372.0,32,,1,1.0,14,10,25.0,4.0,10.0,25.0
2,43,1,1,795,413.0,17,45.0,1,1.0,20,11,15.0,27.0,7.0,13.0
2,34,1,1,32,72.0,14,41.0,1,1.0,15,1,24.0,22.0,5.0,22.0
1,19,2,2,188,,NIU,,1,1.0,28,1,1.0,,,
1,29,3,2,119,234.0,21,,1,1.0,34,1,10.0,12.0,12.0,20.0
2,17,2,2,625,,NIU,,1,1.0,33,6,13.0,,,
2,37,1,1,1121,713.0,29,43.0,1,1.0,1,3,11.0,12.0,7.0,6.0
1,42,1,1,286,16.0,19,44.0,1,1.0,14,1,17.0,15.0,4.0,8.0
1,36,1,1,1576,1132.0,21,52.0,1,1.0,5,7,29.0,7.0,4.0,10.0
2,39,1,1,78,284.0,27,42.0,1,1.0,2,12,15.0,16.0,7.0,17.0
1,22,2,2,86,,NIU,,1,1.0,23,7,16.0,,,
1,45,1,1,43,25.0,19,50.0,1,1.0,11,8,2.0,19.0,9.0,13.0
2,33,1,1,615,537.0,18,36.0,1,1.0,22,11,24.0,7.0,1.0,31.0
2,33,1,1,796,444.0,16,42.0,1,1.0,15,4,28.0,21.0,1.0,9.0
1,44,1,1,842,97.0,28,45.0,2,1.0,16,7,11.0,13.0,5.0,12.0
2,37,1,1,1874,1045.0,34,33.0,1,2.0,13,10,18.0,25.0,4.0,18.0
1,19,2,2,345,,NIU,,1,1.0,28,2,22.0,,,
1,40,1,1,2551,1995.0,23,43.0,1,1.0,2,4,7.0,21.0,11.0,23.0
1,48,1,1,593,80.0,21,53.0,1,1.0,3,6,11.0,23.0,1.0,1.0
1,20,2,2,1140,,NIU,,1,1.0,27,5,25.0,,,
1,41,1,1,413,1228.0,23,45.0,1,1.0,12,8,9.0,1.0,8.0,12.0
2,39,1,1,1351,867.0,25,46.0,1,1.0,24,6,1.0,7.0,4.0,22.0
2,18,2,2,284,,NIU,,4,1.0,25,6,20.0,,,
1,24,2,2,983,,NIU,,1,1.0,17,10,5.0,,,
2,19,2,2,1041,,NIU,,1,1.0,28,2,2.0,,,
2,48,1,1,2582,897.0,21,47.0,1,1.0,3,7,16.0,19.0,4.0,28.0
1,33,1,1,2581,2011.0,29,28.0,1,1.0,15,4,10.0,3.0,3.0,15.0
2,19,2,2,42,,NIU,,1,1.0,28,10,1.0,,,
2,42,1,1,538,330.0,40,43.0,1,1.0,20,4,22.0,6.0,3.0,30.0
1,33,1,1,2580,2010.0,29,37.0,1,1.0,22,9,4.0,6.0,1.0,12.0
1,42,1,1,1401,755.0,31,40.0,1,1.0,14,6,20.0,20.0,3.0,31.0
2,23,1,2,396,222.0,20,24.0,1,1.0,17,3,5.0,6.0,7.0,16.0
2,32,3,1,53,88.0,14,,1,1.0,18,10,30.0,1.0,7.0,23.0
2,45,1,1,1875,1459.0,17,53.0,4,1.0,4,3,11.0,29.0,5.0,21.0
1,49,3,1,13,8.0,27,,1,1.0,36,3,9.0,15.0,1.0,28.0
1,43,1,1,1575,1041.0,33,44.0,1,1.0,20,11,26.0,4.0,2.0,3.0
1,49,1,1,426,146.0,18,63.0,1,1.0,6,11,22.0,31.0,6.0,18.0
2,22,2,2,839,,NIU,,3,,31,12,13.0,,,
2,40,1,1,696,289.0,21,40.0,1,1.0,2,9,10.0,1.0,6.0,23.0
1,34,1,1,1876,1458.0,28,37.0,1,1.0,15,2,15.0,10.0,3.0,10.0
2,16,2,2,448,,NIU,,1,1.0,32,8,11.0,,,
2,38,1,1,202,167.0,18,38.0,1,1.0,1,11,7.0,2.0,2.0,28.0
1,16,2,2,727,,NIU,,1,1.0,33,3,22.0,,,
1,49,3,1,1454,747.0,29,,1,1.0,6,9,8.0,2.0,3.0,25.0
1,40,2,2,46,,NIU,,1,1.0,2,8,12.0,,,
1,17,2,2,1106,,NIU,,1,1.0,33,6,23.0,,,
1,23,1,1,2579,2009.0,20,28.0,1,1.0,31,9,20.0,25.0,9.0,20.0
2,22,1,1,1794,1366.0,18,22.0,1,1.0,23,9,19.0,6.0,7.0,7.0
1,31,1,1,25,11.0,25,36.0,1,1.0,10,2,3.0,3.0,4.0,10.0
1,31,1,1,2578,376.0,27,38.0,1,1.0,10,11,27.0,6.0,9.0,25.0
1,41,1,1,133,2008.0,32,49.0,1,1.0,12,7,21.0,17.0,8.0,7.0
2,34,1,1,1943,1401.0,15,39.0,1,1.0,15,1,13.0,22.0,10.0,19.0
1,49,3,1,262,130.0,22,,1,1.0,6,5,14.0,23.0,10.0,15.0
2,15,2,2,832,,NIU,,1,1.0,35,7,15.0,,,
1,26,2,2,823,,NIU,,1,1.0,30,4,16.0,,,
1,39,1,1,52,124.0,19,44.0,1,1.0,24,7,21.0,22.0,6.0,27.0
2,19,2,2,273,,NIU,,2,1.0,28,5,23.0,,,
2,45,1,1,166,95.0,14,52.0,1,1.0,4,3,10.0,32.0,2.0,6.0
1,41,1,1,1141,998.0,18,41.0,1,1.0,12,1,12.0,15.0,5.0,16.0
2,46,1,1,1039,2007.0,18,45.0,1,1.0,4,1,20.0,23.0,4.0,20.0
1,36,1,1,1347,996.0,17,53.0,1,1.0,5,5,24.0,1.0,6.0,27.0
1,46,1,1,1217,898.0,19,50.0,1,1.0,8,3,1.0,23.0,3.0,9.0
2,16,2,2,156,,NIU,,1,1.0,32,2,26.0,,,
2,38,1,1,1368,564.0,28,40.0,4,1.0,24,3,16.0,4.0,1.0,6.0
1,29,1,2,420,153.0,21,34.0,1,1.0,34,5,23.0,12.0,7.0,29.0
1,23,2,2,218,,NIU,,1,1.0,17,12,17.0,,,
1,20,2,2,404,,NIU,,1,1.0,27,4,29.0,,,
1,42,3,1,8,6.0,20,,2,1.0,14,10,30.0,15.0,2.0,28.0
1,48,1,1,89,332.0,19,43.0,1,1.0,3,6,8.0,30.0,6.0,8.0
2,18,2,2,152,,NIU,,1,1.0,28,12,22.0,,,
2,23,2,2,473,,NIU,,1,1.0,31,8,24.0,,,
1,30,3,1,118,46.0,21,,1,1.0,9,7,8.0,12.0,7.0,8.0
1,46,1,1,37,86.0,21,46.0,1,1.0,4,11,21.0,14.0,6.0,8.0
2,42,1,1,1211,785.0,19,44.0,1,1.0,20,3,25.0,24.0,4.0,19.0
1,19,2,2,468,,NIU,,1,1.0,28,9,17.0,,,
1,48,3,1,756,421.0,25,,1,1.0,3,2,25.0,15.0,6.0,25.0
1,44,1,1,144,135.0,25,48.0,1,1.0,16,6,17.0,22.0,5.0,10.0
2,24,2,2,75,,NIU,,1,1.0,17,10,1.0,,,
2,47,1,1,184,13.0,16,51.0,1,1.0,8,1,2.0,31.0,9.0,10.0
1,23,2,2,274,,NIU,,1,1.0,31,10,17.0,,,
1,38,1,1,712,436.0,20,48.0,1,1.0,1,11,21.0,1.0,8.0,19.0
1,31,1,2,130,43.0,26,36.0,1,1.0,10,4,30.0,11.0,1.0,10.0
1,37,1,1,17,275.0,20,38.0,1,1.0,1,3,6.0,21.0,1.0,3.0
2,46,1,1,392,1051.0,19,46.0,1,1.0,4,9,25.0,19.0,5.0,26.0
2,47,1,1,1087,749.0,18,55.0,1,1.0,3,4,18.0,30.0,5.0,7.0
2,37,1,1,14,2.0,18,43.0,1,1.0,13,10,14.0,1.0,9.0,5.0
1,40,2,2,387,,NIU,,1,1.0,2,1,10.0,,,
1,15,2,2,1475,,NIU,,1,1.0,35,6,8.0,,,
1,42,1,1,35,60.0,21,42.0,1,1.0,14,8,2.0,18.0,2.0,19.0
2,21,2,2,159,,NIU,,1,1.0,21,7,16.0,,,
1,34,1,1,2577,750.0,27,35.0,1,1.0,7,4,3.0,8.0,4.0,29.0
1,41,1,1,305,339.0,19,43.0,1,1.0,14,12,16.0,15.0,10.0,20.0
1,41,1,1,1363,910.0,22,60.0,4,1.0,12,10,16.0,22.0,8.0,20.0
1,17,2,2,654,,NIU,,1,1.0,33,2,27.0,,,
2,26,1,1,1056,1204.0,20,37.0,1,1.0,26,10,24.0,10.0,10.0,6.0
1,42,3,1,8,6.0,20,,2,1.0,14,10,30.0,15.0,2.0,28.0
1,23,3,1,934,876.0,15,,1,1.0,31,1,9.0,12.0,10.0,13.0
1,44,3,1,535,333.0,22,,1,1.0,11,12,9.0,15.0,4.0,10.0
2,46,1,1,738,420.0,19,57.0,1,1.0,4,5,20.0,23.0,5.0,19.0
1,32,1,1,898,732.0,25,37.0,1,1.0,18,1,25.0,8.0,3.0,11.0
1,31,1,1,45,26.0,26,33.0,1,1.0,10,1,14.0,11.0,5.0,5.0
1,46,2,2,195,,NIU,,1,1.0,4,9,20.0,,,
1,48,1,1,1505,1219.0,19,55.0,1,1.0,6,4,31.0,30.0,6.0,4.0
2,23,2,2,167,,NIU,,2,1.0,31,7,19.0,,,
1,26,2,2,516,,NIU,,1,1.0,26,2,9.0,,,
1,43,3,1,794,525.0,19,,2,1.0,20,5,20.0,14.0,3.0,26.0
2,17,2,2,247,,NIU,,1,1.0,33,5,13.0,,,
1,28,1,1,1079,697.0,20,40.0,1,1.0,34,12,27.0,17.0,11.0,18.0
2,29,1,1,2576,2006.0,22,27.0,1,1.0,34,11,7.0,10.0,9.0,19.0
2,49,1,1,1002,701.0,23,53.0,1,2.0,36,4,28.0,19.0,2.0,26.0
1,31,1,1,45,26.0,26,33.0,1,1.0,10,1,14.0,11.0,5.0,5.0
1,29,3,2,780,494.0,25,,1,1.0,34,11,24.0,11.0,3.0,16.0
1,38,1,1,837,475.0,34,39.0,1,1.0,1,8,8.0,11.0,7.0,18.0
2,40,1,1,2575,2005.0,21,44.0,1,1.0,12,12,26.0,22.0,10.0,6.0
1,31,1,1,1593,2004.0,20,32.0,1,1.0,10,1,27.0,20.0,11.0,2.0
2,35,2,1,1344,,NIU,,1,1.0,7,8,25.0,,,
1,36,1,1,371,226.0,29,37.0,1,1.0,13,12,16.0,8.0,12.0,6.0
1,39,1,1,26,28.0,26,38.0,1,,2,3,24.0,5.0,5.0,18.0
1,43,1,1,1068,581.0,20,48.0,1,1.0,20,6,9.0,24.0,2.0,1.0
1,49,1,1,594,273.0,22,50.0,1,1.0,36,3,19.0,23.0,6.0,23.0
2,34,1,2,532,260.0,24,34.0,1,1.0,15,10,19.0,4.0,10.0,24.0
1,37,1,1,51,187.0,22,53.0,1,1.0,1,3,21.0,9.0,1.0,11.0
1,46,3,1,908,562.0,30,,1,1.0,4,5,21.0,13.0,2.0,12.0
2,48,1,1,549,94.0,32,56.0,3,1.0,6,3,4.0,13.0,9.0,24.0
1,18,2,2,40,,NIU,,1,1.0,25,11,17.0,,,
1,31,1,1,350,487.0,24,40.0,1,1.0,10,9,26.0,10.0,7.0,30.0
2,49,1,1,987,802.0,17,57.0,1,1.0,6,2,13.0,33.0,8.0,11.0
1,22,2,2,9,,NIU,,1,1.0,23,5,23.0,,,
1,46,2,2,550,,NIU,,1,1.0,8,3,28.0,,,
1,39,3,1,304,201.0,25,,1,1.0,24,1,7.0,5.0,4.0,27.0
1,35,3,2,757,729.0,31,,1,1.0,7,9,12.0,6.0,5.0,2.0
1,41,1,1,276,204.0,15,44.0,1,1.0,12,5,19.0,19.0,12.0,12.0
1,39,1,1,761,679.0,21,40.0,1,1.0,24,10,13.0,1.0,5.0,12.0
1,38,1,1,1880,613.0,25,39.0,1,1.0,1,6,25.0,5.0,11.0,4.0
1,44,1,1,2574,813.0,31,43.0,1,1.0,16,4,18.0,16.0,2.0,24.0
2,42,1,1,899,126.0,25,41.0,2,1.0,14,11,15.0,21.0,2.0,26.0
2,43,1,1,825,461.0,20,43.0,1,1.0,20,1,6.0,15.0,7.0,27.0
1,49,1,1,204,117.0,21,54.0,1,1.0,6,11,10.0,29.0,3.0,14.0
2,44,1,1,432,373.0,18,49.0,1,1.0,11,3,21.0,19.0,5.0,16.0
1,41,1,1,2573,2003.0,38,47.0,1,1.0,14,3,8.0,6.0,3.0,20.0
1,42,1,1,422,1059.0,19,45.0,1,1.0,14,10,5.0,15.0,9.0,28.0
1,21,2,2,744,,NIU,,1,1.0,23,12,3.0,,,
2,18,2,2,152,,NIU,,1,1.0,28,12,22.0,,,
1,37,1,1,1197,1027.0,23,44.0,1,1.0,13,9,7.0,7.0,12.0,5.0
1,48,3,1,1683,1170.0,27,,1,1.0,3,10,5.0,18.0,12.0,20.0
1,18,2,2,106,,NIU,,1,1.0,25,9,30.0,,,
2,42,3,1,978,652.0,27,,1,1.0,14,5,20.0,9.0,2.0,21.0
1,30,1,1,644,997.0,27,33.0,1,1.0,9,7,23.0,6.0,10.0,13.0
2,32,1,1,66,15.0,19,39.0,4,1.0,18,2,22.0,5.0,2.0,29.0
2,38,1,1,375,183.0,23,39.0,1,1.0,1,2,14.0,7.0,4.0,9.0
1,41,1,1,276,204.0,15,44.0,1,1.0,12,5,19.0,19.0,12.0,12.0
2,48,1,1,250,127.0,29,48.0,1,1.0,3,8,25.0,1.0,6.0,14.0
2,19,2,2,1296,,NIU,,1,1.0,28,1,17.0,,,
2,35,1,1,1518,1353.0,19,46.0,1,1.0,7,8,24.0,13.0,8.0,25.0
2,45,1,1,547,308.0,18,47.0,1,1.0,11,7,5.0,19.0,6.0,20.0
1,46,1,1,592,239.0,22,51.0,1,1.0,8,12,6.0,14.0,8.0,15.0
1,17,2,2,353,,NIU,,1,1.0,25,3,17.0,,,
1,40,1,1,54,342.0,26,55.0,4,1.0,2,8,5.0,7.0,8.0,25.0
1,27,1,1,1451,1000.0,22,37.0,1,1.0,30,7,12.0,3.0,10.0,27.0
2,25,1,2,642,481.0,25,30.0,1,1.0,29,6,14.0,26.0,2.0,24.0
1,42,3,1,765,527.0,24,,1,1.0,14,6,14.0,1.0,11.0,4.0
2,35,1,1,5,1088.0,21,40.0,1,1.0,7,1,2.0,7.0,2.0,15.0
1,45,1,1,1580,1143.0,26,49.0,1,1.0,11,9,27.0,1.0,1.0,12.0
2,45,1,1,695,499.0,23,52.0,1,1.0,11,5,27.0,15.0,8.0,17.0
1,18,2,2,720,,NIU,,1,1.0,28,3,25.0,,,
1,17,2,2,201,,NIU,,1,1.0,33,4,27.0,,,
1,40,3,1,428,249.0,19,,1,1.0,2,7,29.0,2.0,9.0,12.0
1,17,2,2,1072,,NIU,,4,4.0,33,7,22.0,,,
1,42,1,1,286,16.0,19,44.0,1,1.0,14,1,17.0,15.0,4.0,8.0
1,41,1,1,181,456.0,37,41.0,1,1.0,14,12,24.0,11.0,5.0,12.0
1,23,2,2,1047,,NIU,,1,1.0,31,10,6.0,,,
1,37,1,1,1001,32.0,25,46.0,2,1.0,13,10,24.0,16.0,7.0,2.0
1,26,1,2,425,59.0,22,26.0,1,1.0,26,4,16.0,6.0,5.0,24.0
2,45,1,1,411,176.0,18,54.0,1,1.0,11,6,10.0,23.0,5.0,5.0
1,31,1,1,249,136.0,24,34.0,1,1.0,10,7,18.0,8.0,11.0,22.0
2,43,2,2,370,,NIU,,1,1.0,16,9,19.0,,,
2,42,1,1,179,79.0,18,48.0,1,1.0,14,9,22.0,24.0,9.0,26.0
2,38,1,1,1360,765.0,26,44.0,2,1.0,24,9,17.0,5.0,2.0,9.0
1,29,3,2,780,494.0,25,,1,1.0,34,11,24.0,11.0,3.0,16.0
2,38,1,1,1884,1388.0,23,43.0,1,1.0,24,3,2.0,9.0,4.0,20.0
2,18,2,2,1616,,NIU,,1,1.0,25,9,22.0,,,
2,43,1,1,132,382.0,27,41.0,1,1.0,20,5,11.0,13.0,12.0,6.0
2,36,1,1,722,1361.0,16,51.0,1,1.0,5,10,15.0,2.0,8.0,17.0
2,46,2,2,1297,,NIU,,1,1.0,4,10,24.0,,,
1,47,3,2,336,213.0,24,,1,1.0,8,6,29.0,24.0,8.0,4.0
1,20,2,2,1569,,NIU,,1,1.0,27,7,8.0,,,
2,34,1,1,623,391.0,17,39.0,1,1.0,15,7,22.0,21.0,12.0,13.0
1,27,1,2,896,575.0,22,35.0,1,,19,12,5.0,3.0,2.0,17.0
1,23,2,2,167,,NIU,,1,1.0,31,7,19.0,,,
2,29,1,1,1364,1023.0,28,27.0,1,1.0,9,3,19.0,28.0,5.0,8.0
1,39,1,1,1361,892.0,21,38.0,1,1.0,24,6,26.0,1.0,2.0,7.0
1,45,1,1,335,212.0,35,43.0,1,1.0,11,6,22.0,4.0,12.0,21.0
1,16,2,2,102,,NIU,,1,1.0,32,10,9.0,,,
1,34,1,2,360,155.0,32,35.0,1,1.0,15,11,19.0,28.0,1.0,11.0
1,29,1,2,243,141.0,26,34.0,1,1.0,34,2,25.0,6.0,5.0,16.0
2,46,1,1,2569,2002.0,26,51.0,1,1.0,4,2,24.0,2.0,2.0,14.0
1,37,2,2,525,,NIU,,1,1.0,13,10,28.0,,,
1,38,1,1,837,475.0,34,39.0,1,1.0,1,8,8.0,11.0,7.0,18.0
2,38,3,1,627,396.0,19,,1,1.0,1,10,2.0,22.0,1.0,12.0
2,20,2,2,1207,,NIU,,1,1.0,27,10,17.0,,,
1,46,1,1,38,666.0,22,55.0,1,1.0,4,6,6.0,14.0,9.0,11.0
1,48,1,1,656,419.0,17,48.0,1,1.0,6,12,17.0,32.0,4.0,20.0
1,45,1,1,315,441.0,19,48.0,1,1.0,11,1,5.0,27.0,4.0,24.0
2,46,1,1,1417,952.0,20,50.0,1,1.0,4,2,5.0,19.0,3.0,1.0
2,46,1,1,38,77.0,23,50.0,1,1.0,4,6,6.0,24.0,6.0,24.0
1,46,1,1,20,122.0,27,46.0,1,1.0,4,11,3.0,22.0,3.0,7.0
2,38,1,1,1435,9.0,22,52.0,1,1.0,1,5,17.0,13.0,1.0,23.0
1,43,2,2,518,,NIU,,1,1.0,20,7,5.0,,,
1,33,2,2,162,,NIU,,1,1.0,22,7,28.0,,,
1,39,1,1,52,690.0,21,40.0,1,1.0,24,7,21.0,21.0,6.0,2.0
1,18,2,2,1240,,NIU,,5,3.0,28,4,17.0,,,
2,28,2,2,1559,,NIU,,2,1.0,19,10,15.0,,,
1,16,2,2,148,,NIU,,1,1.0,32,1,21.0,,,
2,36,1,1,121,111.0,18,48.0,1,1.0,5,9,25.0,21.0,10.0,25.0
2,38,3,1,728,496.0,23,,1,1.0,1,7,22.0,7.0,6.0,17.0
1,19,2,2,486,,NIU,,5,3.0,27,12,2.0,,,
2,28,1,1,970,505.0,23,34.0,1,1.0,34,12,18.0,3.0,2.0,19.0
2,24,2,2,568,,NIU,,1,1.0,17,9,22.0,,,
2,40,1,1,50,292.0,29,44.0,1,1.0,2,2,17.0,20.0,8.0,1.0
2,38,1,1,1237,778.0,21,48.0,1,1.0,1,11,1.0,21.0,2.0,19.0
2,30,1,1,409,224.0,18,33.0,1,1.0,10,12,18.0,16.0,4.0,17.0
2,19,2,2,258,,NIU,,1,1.0,28,2,26.0,,,
2,48,1,1,866,78.0,21,50.0,1,1.0,3,11,17.0,23.0,8.0,31.0
1,36,1,1,147,32.0,23,38.0,1,1.0,5,1,31.0,16.0,7.0,2.0
1,28,1,1,1699,1227.0,24,27.0,1,1.0,34,12,16.0,11.0,1.0,1.0
1,18,2,2,514,,NIU,,1,1.0,25,1,27.0,,,
1,49,1,1,567,244.0,26,46.0,1,1.0,6,5,4.0,24.0,7.0,15.0
1,26,2,2,256,,NIU,,1,1.0,26,8,6.0,,,
2,48,1,1,866,78.0,21,50.0,1,1.0,3,11,17.0,23.0,8.0,31.0
1,17,2,2,353,,NIU,,1,1.0,25,3,17.0,,,
1,45,1,1,43,25.0,19,50.0,1,1.0,11,8,2.0,19.0,9.0,13.0
2,47,1,2,23,1279.0,19,59.0,2,2.0,8,8,11.0,29.0,8.0,25.0
1,43,1,1,2568,2001.0,24,43.0,1,1.0,20,6,20.0,22.0,3.0,10.0
2,25,2,2,931,,NIU,,1,1.0,29,10,25.0,,,
2,43,1,1,123,41.0,20,44.0,1,1.0,20,10,15.0,15.0,4.0,16.0
1,27,2,2,2,,NIU,,1,1.0,19,3,15.0,,,
1,37,2,2,310,,NIU,,1,1.0,13,5,16.0,,,
1,36,1,1,793,166.0,23,41.0,1,1.0,13,3,11.0,5.0,8.0,6.0
2,25,2,2,306,,NIU,,2,1.0,29,5,28.0,,,
1,17,2,2,1148,,NIU,,1,1.0,33,1,29.0,,,
1,48,2,2,229,,NIU,,1,1.0,6,12,23.0,,,
2,18,2,2,1345,,NIU,,1,1.0,28,12,10.0,,,
2,47,1,1,165,265.0,29,46.0,1,1.0,8,6,4.0,1.0,10.0,30.0
1,33,1,1,1750,1046.0,19,43.0,1,1.0,22,5,28.0,5.0,9.0,11.0
1,35,1,1,176,71.0,17,41.0,1,1.0,7,8,3.0,21.0,6.0,7.0
2,44,1,1,1909,1018.0,33,52.0,1,1.0,16,6,27.0,20.0,8.0,24.0
1,22,2,2,86,,NIU,,1,1.0,23,7,16.0,,,
1,28,1,1,1137,814.0,28,31.0,1,1.0,19,11,6.0,26.0,2.0,30.0
2,26,1,2,889,552.0,25,31.0,1,1.0,26,9,16.0,26.0,10.0,15.0
1,18,2,2,98,,NIU,,1,1.0,25,2,5.0,,,
1,45,1,1,1331,844.0,37,51.0,3,,11,4,17.0,8.0,2.0,10.0
1,25,2,2,108,,NIU,,1,1.0,29,2,4.0,,,
2,30,2,2,177,,NIU,,1,1.0,9,3,7.0,,,
2,30,1,1,1853,1295.0,16,38.0,1,1.0,9,9,12.0,5.0,9.0,20.0
2,27,2,2,329,,NIU,,1,1.0,30,11,28.0,,,
1,30,2,2,278,,NIU,,1,1.0,9,5,11.0,,,
2,20,2,2,579,,NIU,,1,1.0,21,12,27.0,,,
1,39,1,1,475,360.0,18,51.0,1,1.0,2,4,23.0,18.0,10.0,21.0
2,43,3,1,1152,988.0,20,,1,1.0,20,5,7.0,24.0,12.0,7.0
1,23,2,2,211,,NIU,,1,1.0,17,4,24.0,,,
2,24,2,2,1004,,NIU,,2,1.0,17,8,26.0,,,
1,34,1,1,1876,1458.0,28,37.0,1,1.0,15,2,15.0,10.0,3.0,10.0
1,34,1,1,60,405.0,27,40.0,1,1.0,15,2,26.0,8.0,8.0,19.0
2,19,2,2,273,,NIU,,2,1.0,28,5,23.0,,,
1,31,1,1,1735,456.0,27,37.0,1,1.0,10,8,23.0,11.0,5.0,12.0
2,38,1,1,1387,992.0,25,40.0,1,1.0,1,5,7.0,5.0,1.0,29.0
2,36,1,1,886,734.0,13,38.0,5,3.0,5,2,27.0,24.0,11.0,8.0
2,38,1,1,1237,778.0,21,48.0,1,1.0,1,11,1.0,21.0,2.0,19.0
2,36,1,1,1671,1348.0,22,37.0,1,1.0,5,7,18.0,5.0,4.0,21.0
2,34,1,1,1163,886.0,18,35.0,1,1.0,15,1,25.0,9.0,6.0,6.0
1,49,1,1,501,618.0,20,51.0,1,1.0,6,5,8.0,30.0,11.0,23.0
2,24,2,1,716,,NIU,,2,2.0,29,3,10.0,,,
1,16,2,2,543,,NIU,,1,1.0,33,12,29.0,,,
1,23,1,1,2567,2000.0,16,23.0,5,3.0,31,10,9.0,8.0,12.0,30.0
2,41,1,1,127,665.0,18,40.0,1,1.0,12,2,8.0,24.0,8.0,1.0
2,33,1,1,822,472.0,16,41.0,1,1.0,15,12,18.0,21.0,12.0,18.0
1,37,1,1,1194,788.0,27,40.0,1,1.0,13,10,1.0,4.0,1.0,11.0
1,23,2,2,958,,NIU,,1,1.0,31,11,5.0,,,
1,42,1,1,399,236.0,21,45.0,1,1.0,20,3,21.0,15.0,12.0,10.0
2,20,1,1,424,736.0,16,24.0,1,1.0,27,1,7.0,11.0,11.0,13.0
1,39,1,1,58,35.0,21,48.0,1,1.0,24,11,23.0,1.0,3.0,31.0
1,42,2,2,1659,,NIU,,1,1.0,14,8,20.0,,,
2,42,1,1,565,349.0,24,53.0,1,1.0,14,10,20.0,1.0,2.0,13.0
1,47,1,1,23,20.0,26,47.0,2,1.0,8,8,11.0,18.0,5.0,7.0
2,30,1,1,942,594.0,25,31.0,1,1.0,9,2,31.0,3.0,3.0,1.0
1,33,1,1,1097,144.0,17,49.0,3,3.0,22,8,15.0,13.0,3.0,17.0
1,35,1,1,29,231.0,21,37.0,1,1.0,7,8,18.0,7.0,1.0,7.0
2,48,1,1,1134,1008.0,17,50.0,1,1.0,3,5,2.0,31.0,9.0,21.0
1,41,3,1,1798,1364.0,25,,1,1.0,12,5,24.0,13.0,4.0,12.0
1,43,1,1,591,238.0,32,50.0,1,1.0,20,2,4.0,4.0,4.0,28.0
2,49,3,1,1951,75.0,23,,1,1.0,6,9,29.0,27.0,6.0,19.0
2,49,1,1,410,221.0,14,57.0,1,1.0,36,4,4.0,36.0,7.0,19.0
1,33,1,2,1290,938.0,30,36.0,1,1.0,22,1,3.0,6.0,8.0,19.0
2,23,1,1,1860,741.0,18,35.0,5,3.0,31,1,24.0,3.0,10.0,29.0
2,18,2,2,1400,,NIU,,4,4.0,25,4,7.0,,,
2,37,1,1,1874,1045.0,34,33.0,1,2.0,13,10,18.0,25.0,4.0,18.0
2,37,1,1,964,1019.0,32,39.0,1,1.0,13,8,2.0,3.0,2.0,10.0
1,37,1,1,570,347.0,22,40.0,1,1.0,13,8,26.0,9.0,8.0,16.0
1,47,3,1,552,356.0,22,,1,1.0,8,7,24.0,27.0,8.0,21.0
1,37,1,1,844,451.0,18,41.0,1,1.0,1,4,5.0,22.0,5.0,11.0
1,32,1,1,2006,1503.0,25,41.0,1,1.0,22,3,15.0,8.0,9.0,10.0
2,21,2,2,159,,NIU,,1,1.0,21,7,16.0,,,
1,22,2,2,9,,NIU,,1,1.0,23,5,23.0,,,
2,42,1,1,179,79.0,18,48.0,1,1.0,14,9,22.0,24.0,9.0,26.0
1,46,1,1,1842,1262.0,19,49.0,1,1.0,4,1,6.0,19.0,1.0,10.0
2,17,2,2,815,,NIU,,1,1.0,33,6,18.0,,,
2,31,1,1,2005,1502.0,19,38.0,1,1.0,10,2,2.0,16.0,11.0,20.0
1,27,2,2,1377,,NIU,,1,1.0,30,2,6.0,,,
1,20,2,2,1165,,NIU,,1,1.0,27,10,22.0,,,
1,47,1,1,23,20.0,26,47.0,2,1.0,8,8,11.0,18.0,5.0,7.0
1,40,1,1,54,342.0,26,55.0,4,1.0,2,8,5.0,7.0,8.0,25.0
1,22,1,1,205,1994.0,15,40.0,1,1.0,23,5,15.0,8.0,1.0,18.0
2,31,1,1,650,454.0,17,39.0,1,1.0,18,4,17.0,7.0,2.0,3.0
1,24,1,1,1550,1151.0,16,31.0,1,1.0,17,5,26.0,12.0,12.0,21.0
1,49,3,1,13,8.0,27,,1,1.0,36,3,9.0,15.0,1.0,28.0
1,22,1,1,1554,1443.0,19,25.0,1,1.0,23,6,18.0,6.0,9.0,3.0
1,19,1,2,781,531.0,19,25.0,1,1.0,27,12,18.0,26.0,7.0,26.0
1,30,1,1,191,205.0,20,32.0,1,1.0,9,11,28.0,17.0,5.0,1.0
1,28,1,1,131,61.0,25,28.0,1,1.0,19,9,11.0,25.0,1.0,7.0
2,24,2,2,2004,,NIU,,1,1.0,17,1,18.0,,,
1,31,1,1,7,5.0,27,41.0,1,1.0,10,1,6.0,6.0,4.0,8.0
1,40,3,1,2003,19.0,26,,1,1.0,2,9,7.0,5.0,9.0,26.0
1,38,2,2,1,,NIU,,1,1.0,1,1,25.0,,,
1,43,3,1,573,278.0,18,,1,1.0,20,5,31.0,14.0,9.0,28.0
2,28,1,1,1439,976.0,19,33.0,1,1.0,19,9,5.0,12.0,8.0,22.0
1,38,2,2,1,,NIU,,1,1.0,1,1,25.0,,,
1,47,1,1,207,116.0,28,51.0,1,1.0,8,7,12.0,1.0,4.0,4.0
1,36,1,1,354,219.0,24,39.0,1,1.0,5,2,30.0,20.0,9.0,7.0
2,42,1,1,179,79.0,18,48.0,1,1.0,14,9,22.0,24.0,9.0,26.0
1,46,1,1,894,579.0,13,48.0,5,1.0,4,2,27.0,34.0,1.0,19.0
2,24,1,1,1950,252.0,18,34.0,1,1.0,17,7,19.0,10.0,5.0,1.0
1,18,2,2,514,,NIU,,1,1.0,25,1,27.0,,,
1,15,2,2,444,,NIU,,1,1.0,35,2,1.0,,,
2,35,2,2,1309,,NIU,,1,1.0,7,9,7.0,,,
2,36,1,1,1289,818.0,19,39.0,1,1.0,13,12,25.0,1.0,11.0,17.0
1,44,1,1,774,477.0,20,44.0,1,1.0,16,11,20.0,24.0,4.0,29.0
1,46,2,2,1037,,NIU,,1,1.0,4,6,2.0,,,
1,18,2,2,69,,NIU,,4,1.0,25,10,2.0,,,
1,46,1,1,592,239.0,22,51.0,1,1.0,8,12,6.0,14.0,8.0,15.0
1,25,2,2,406,,NIU,,1,1.0,29,9,22.0,,,
2,48,1,1,1428,971.0,14,54.0,1,1.0,3,7,27.0,35.0,11.0,6.0
1,17,2,2,146,,NIU,,1,1.0,33,4,4.0,,,
2,49,1,1,427,541.0,23,57.0,1,1.0,6,1,23.0,19.0,12.0,20.0
1,31,1,1,2002,1993.0,25,31.0,1,1.0,10,7,25.0,3.0,1.0,17.0
2,32,1,1,53,857.0,23,33.0,1,1.0,18,10,30.0,12.0,6.0,5.0
1,15,2,2,599,,NIU,,1,1.0,35,6,15.0,,,
1,38,1,2,103,45.0,25,37.0,1,1.0,1,8,5.0,5.0,10.0,9.0
1,34,1,1,378,220.0,27,36.0,1,1.0,15,8,14.0,8.0,8.0,8.0
2,18,2,2,289,,NIU,,1,1.0,28,12,9.0,,,
1,49,3,1,13,8.0,27,,1,1.0,36,3,9.0,15.0,1.0,28.0
1,19,2,2,345,,NIU,,1,1.0,28,2,22.0,,,
2,27,1,1,1821,1237.0,22,30.0,1,1.0,30,9,28.0,3.0,12.0,7.0
1,49,1,1,542,251.0,22,57.0,1,1.0,36,4,13.0,29.0,12.0,17.0
2,37,1,1,1295,1074.0,25,37.0,1,1.0,13,4,24.0,20.0,8.0,27.0
2,37,1,1,282,163.0,22,44.0,1,1.0,1,3,23.0,9.0,10.0,28.0
1,27,1,1,417,200.0,19,31.0,1,1.0,19,12,9.0,12.0,1.0,5.0
1,49,3,1,13,8.0,27,,1,1.0,36,3,9.0,15.0,1.0,28.0
1,18,2,2,98,,NIU,,1,1.0,25,2,5.0,,,
1,29,3,1,385,193.0,20,,1,1.0,9,12,31.0,17.0,4.0,14.0
1,36,1,1,147,32.0,23,38.0,1,1.0,5,1,31.0,16.0,7.0,2.0
1,33,1,1,15,852.0,21,38.0,1,1.0,22,2,24.0,16.0,5.0,23.0
1,42,2,2,10,,NIU,,1,1.0,14,7,7.0,,,
1,33,1,1,194,246.0,23,40.0,1,1.0,22,11,19.0,4.0,2.0,12.0
2,46,1,1,555,354.0,25,54.0,1,1.0,4,5,5.0,18.0,3.0,25.0
2,40,1,1,1468,768.0,20,44.0,1,1.0,2,5,17.0,2.0,3.0,8.0
2,31,1,1,1332,845.0,15,34.0,1,1.0,10,1,16.0,9.0,1.0,31.0
2,23,2,2,1269,,NIU,,1,1.0,31,8,16.0,,,
1,35,1,1,1123,648.0,20,35.0,1,1.0,7,6,12.0,9.0,9.0,29.0
2,35,1,1,28,1.0,20,45.0,1,1.0,5,3,27.0,9.0,2.0,1.0
2,32,1,1,66,15.0,19,39.0,4,1.0,18,2,22.0,5.0,2.0,29.0
1,34,2,2,296,,NIU,,1,1.0,7,4,18.0,,,
1,49,3,1,1051,28.0,36,,1,1.0,6,5,7.0,5.0,5.0,18.0
1,35,1,1,5,7.0,22,40.0,1,1.0,7,1,2.0,5.0,10.0,22.0
2,30,1,1,942,594.0,25,31.0,1,1.0,9,2,31.0,3.0,3.0,1.0
1,19,2,2,824,,NIU,,1,1.0,28,10,22.0,,,
2,35,1,1,673,380.0,19,38.0,1,1.0,7,7,11.0,9.0,6.0,18.0
1,31,1,1,901,694.0,24,33.0,1,1.0,18,12,2.0,8.0,1.0,8.0
1,21,1,2,4,4.0,21,33.0,1,1.0,21,6,14.0,26.0,6.0,13.0
1,23,2,2,958,,NIU,,1,1.0,31,11,5.0,,,
2,38,1,1,572,290.0,24,41.0,1,1.0,1,10,11.0,7.0,5.0,28.0
1,29,2,2,2001,,NIU,,1,1.0,34,5,12.0,,,
1,48,1,1,818,517.0,18,57.0,1,1.0,3,11,6.0,30.0,6.0,25.0
2,32,1,1,1027,177.0,19,34.0,1,1.0,18,8,18.0,5.0,3.0,10.0
1,21,1,2,1501,1201.0,17,25.0,1,1.0,23,3,6.0,11.0,4.0,22.0
1,35,1,1,1861,1356.0,22,34.0,1,1.0,7,6,19.0,5.0,3.0,25.0
1,47,1,1,239,455.0,21,55.0,1,1.0,8,6,27.0,19.0,3.0,16.0
1,48,1,1,168,90.0,21,50.0,1,1.0,3,1,19.0,19.0,5.0,28.0
1,36,1,1,1634,813.0,24,33.0,1,1.0,5,1,28.0,16.0,2.0,24.0
1,37,1,1,17,275.0,20,38.0,1,1.0,1,3,6.0,21.0,1.0,3.0
2,33,1,1,796,444.0,16,42.0,1,1.0,15,4,28.0,21.0,1.0,9.0
2,49,3,1,745,518.0,18,,1,1.0,6,6,13.0,32.0,8.0,24.0
1,31,2,2,1484,,NIU,,4,1.0,10,5,17.0,,,
2,41,1,1,272,207.0,19,43.0,1,1.0,12,6,14.0,15.0,7.0,14.0
1,47,1,1,31,92.0,34,42.0,1,1.0,8,5,21.0,5.0,1.0,3.0
1,31,2,2,740,,NIU,,1,1.0,18,4,18.0,,,
1,43,1,1,707,500.0,34,49.0,1,1.0,20,2,30.0,12.0,9.0,14.0
1,40,1,1,54,342.0,26,55.0,4,1.0,2,8,5.0,7.0,8.0,25.0
1,29,1,2,243,141.0,26,34.0,1,1.0,34,2,25.0,6.0,5.0,16.0
2,49,1,1,410,221.0,14,57.0,1,1.0,36,4,4.0,36.0,7.0,19.0
1,35,1,1,265,422.0,27,37.0,1,1.0,7,7,16.0,12.0,11.0,27.0
2,31,2,2,885,,NIU,,1,1.0,10,5,2.0,,,
1,27,2,2,2,,NIU,,1,1.0,19,3,15.0,,,
2,34,1,1,623,391.0,17,39.0,1,1.0,15,7,22.0,21.0,12.0,13.0
2,48,1,1,595,288.0,18,56.0,1,1.0,3,8,4.0,31.0,12.0,14.0
1,42,3,1,765,527.0,24,,1,1.0,14,6,14.0,1.0,11.0,4.0
1,44,1,1,774,477.0,20,44.0,1,1.0,16,11,20.0,24.0,4.0,29.0
1,29,1,1,1604,1992.0,23,31.0,2,,34,8,18.0,10.0,7.0,14.0
1,44,1,1,1486,1043.0,19,42.0,1,1.0,16,9,10.0,14.0,5.0,22.0
1,31,1,1,2000,1990.0,24,38.0,1,1.0,10,8,2.0,10.0,6.0,3.0
2,18,2,2,918,,NIU,,2,2.0,25,5,2.0,,,
2,29,1,1,1999,1470.0,19,30.0,1,1.0,34,9,8.0,4.0,2.0,16.0
1,35,1,1,28,1161.0,34,28.0,1,1.0,5,3,27.0,28.0,6.0,23.0
1,39,1,1,79,823.0,25,37.0,1,1.0,24,6,7.0,7.0,3.0,31.0
2,43,1,1,1391,766.0,19,41.0,1,1.0,20,1,18.0,24.0,5.0,5.0
1,17,2,2,587,,NIU,,1,1.0,33,1,2.0,,,
2,40,1,1,182,89.0,21,44.0,1,1.0,2,1,11.0,1.0,6.0,5.0
1,35,1,1,5,7.0,22,40.0,1,1.0,7,1,2.0,5.0,10.0,22.0
2,48,1,1,467,1190.0,22,50.0,1,1.0,6,3,17.0,23.0,11.0,30.0
1,34,1,1,1607,1265.0,21,37.0,1,1.0,15,7,4.0,5.0,12.0,18.0
1,45,2,2,163,,NIU,,1,1.0,11,8,10.0,,,
1,45,1,1,982,705.0,32,47.0,1,1.0,11,6,14.0,5.0,11.0,15.0
1,24,2,2,358,,NIU,,1,1.0,17,11,17.0,,,
1,45,1,1,773,460.0,25,44.0,1,1.0,11,2,31.0,2.0,12.0,9.0
1,36,2,2,884,,NIU,,1,1.0,13,3,16.0,,,
1,47,3,1,561,237.0,29,,1,1.0,3,3,19.0,1.0,7.0,18.0
1,40,1,1,605,364.0,29,39.0,1,1.0,2,5,5.0,4.0,6.0,20.0
1,45,1,1,30,17.0,21,52.0,2,2.0,4,3,17.0,14.0,3.0,12.0
1,26,2,2,823,,NIU,,1,1.0,30,4,16.0,,,
1,36,1,1,1998,1092.0,31,36.0,1,1.0,5,2,15.0,3.0,2.0,11.0
1,47,1,1,207,116.0,28,51.0,1,1.0,8,7,12.0,1.0,4.0,4.0
2,45,1,1,772,1461.0,24,49.0,1,1.0,11,2,28.0,2.0,6.0,22.0
2,48,2,2,833,,NIU,,2,1.0,6,3,30.0,,,
1,41,1,1,127,31.0,18,43.0,1,1.0,12,2,8.0,15.0,4.0,1.0
1,46,1,1,20,122.0,27,46.0,1,1.0,4,11,3.0,22.0,3.0,7.0
2,30,1,1,1972,609.0,20,33.0,1,1.0,10,4,13.0,4.0,8.0,8.0
1,19,2,2,326,,NIU,,1,1.0,28,10,2.0,,,
1,43,1,1,1234,31.0,20,45.0,1,1.0,20,2,7.0,15.0,4.0,1.0
1,48,3,1,322,519.0,15,,1,1.0,3,5,29.0,34.0,10.0,7.0
1,34,1,1,1997,151.0,22,32.0,1,1.0,15,7,21.0,16.0,11.0,29.0
1,49,1,1,430,374.0,21,51.0,1,1.0,6,7,4.0,29.0,10.0,29.0
2,32,1,1,22,584.0,20,33.0,1,1.0,18,7,19.0,20.0,1.0,3.0
1,34,1,1,414,206.0,28,35.0,1,1.0,15,6,13.0,10.0,3.0,26.0
1,33,1,1,1313,473.0,19,37.0,1,1.0,22,11,5.0,7.0,2.0,6.0
1,25,1,2,405,30.0,25,26.0,1,1.0,29,5,15.0,26.0,1.0,6.0
2,40,1,1,489,324.0,18,48.0,1,1.0,12,9,1.0,15.0,8.0,1.0
2,15,2,2,1500,,NIU,,1,1.0,35,11,20.0,,,
2,49,3,1,1951,75.0,23,,1,1.0,6,9,29.0,27.0,6.0,19.0
1,40,2,2,387,,NIU,,1,1.0,2,1,10.0,,,
1,27,2,2,1679,,NIU,,4,4.0,30,8,25.0,,,
1,33,1,1,1097,144.0,17,49.0,3,3.0,22,8,15.0,13.0,3.0,17.0
2,40,1,1,638,276.0,36,35.0,1,1.0,12,12,20.0,11.0,6.0,15.0
1,38,2,2,1,,NIU,,1,1.0,1,1,25.0,,,
1,27,3,1,1996,1471.0,21,,5,1.0,30,1,25.0,3.0,4.0,21.0
1,46,2,2,1039,,NIU,,1,1.0,4,1,20.0,,,
1,48,1,1,89,332.0,19,43.0,1,1.0,3,6,8.0,30.0,6.0,8.0
2,32,1,1,1250,1460.0,21,34.0,1,1.0,18,9,27.0,4.0,8.0,13.0
1,35,1,1,1547,1076.0,23,38.0,1,1.0,7,2,11.0,16.0,3.0,12.0
1,19,1,1,612,294.0,13,21.0,5,3.0,28,6,2.0,10.0,2.0,20.0
1,46,1,1,816,331.0,33,51.0,1,1.0,4,9,28.0,16.0,5.0,17.0
2,46,1,1,555,354.0,25,54.0,1,1.0,4,5,5.0,18.0,3.0,25.0
1,47,1,1,614,428.0,23,51.0,1,1.0,8,4,27.0,24.0,6.0,20.0
1,48,1,1,1341,877.0,21,54.0,1,1.0,3,7,25.0,19.0,4.0,15.0
2,19,2,2,1296,,NIU,,1,1.0,28,1,17.0,,,
1,36,1,1,1995,65.0,25,35.0,1,1.0,5,11,21.0,4.0,6.0,4.0
1,34,1,1,60,405.0,27,40.0,1,1.0,15,2,26.0,8.0,8.0,19.0
1,16,2,2,672,,NIU,,2,1.0,32,5,14.0,,,
1,37,3,1,51,535.0,22,,5,3.0,1,3,21.0,13.0,12.0,10.0
1,40,1,1,1159,97.0,23,50.0,4,1.0,2,9,9.0,13.0,5.0,12.0
1,46,1,1,99,911.0,17,47.0,1,1.0,4,5,28.0,29.0,9.0,3.0
1,40,1,1,333,91.0,29,45.0,1,1.0,2,5,30.0,20.0,1.0,23.0
2,26,1,2,889,552.0,25,31.0,1,1.0,26,9,16.0,26.0,10.0,15.0
2,26,1,1,1994,1984.0,25,37.0,3,,26,11,27.0,28.0,3.0,27.0
1,42,1,1,244,142.0,23,44.0,1,1.0,14,1,7.0,1.0,9.0,28.0
1,42,1,1,812,464.0,31,43.0,3,,14,5,16.0,20.0,4.0,22.0
2,36,1,1,1416,956.0,18,41.0,1,1.0,13,12,17.0,1.0,10.0,8.0
2,38,1,1,81,55.0,22,38.0,1,1.0,1,2,19.0,9.0,9.0,26.0
1,18,2,2,105,,NIU,,1,1.0,25,6,28.0,,,
1,30,1,1,1084,695.0,29,28.0,1,1.0,9,8,23.0,28.0,7.0,29.0
2,44,1,1,437,369.0,19,47.0,1,1.0,16,3,8.0,27.0,11.0,30.0
1,41,1,1,305,339.0,19,43.0,1,1.0,14,12,16.0,15.0,10.0,20.0
1,17,2,2,301,,NIU,,1,1.0,33,1,18.0,,,
1,31,1,1,25,11.0,25,36.0,1,1.0,10,2,3.0,3.0,4.0,10.0
2,30,1,1,319,161.0,27,31.0,1,1.0,9,8,10.0,6.0,1.0,6.0
1,38,3,1,110,49.0,21,,1,1.0,1,6,22.0,21.0,3.0,6.0
1,35,1,1,24,286.0,28,35.0,3,,7,8,15.0,8.0,3.0,30.0
1,35,1,1,29,231.0,21,37.0,1,1.0,7,8,18.0,7.0,1.0,7.0
1,29,1,1,1993,2015.0,21,32.0,1,1.0,34,6,6.0,12.0,2.0,28.0
1,20,2,2,57,,NIU,,1,1.0,27,8,28.0,,,
2,47,3,1,688,379.0,21,,3,1.0,8,5,16.0,19.0,4.0,26.0
2,22,1,2,548,312.0,16,24.0,1,1.0,23,9,27.0,3.0,1.0,27.0
1,23,2,2,241,,NIU,,3,,17,12,8.0,,,
2,20,2,2,869,,NIU,,1,1.0,27,2,11.0,,,
1,49,1,1,65,607.0,24,48.0,1,1.0,6,4,18.0,27.0,3.0,13.0
1,45,1,1,1992,2014.0,29,44.0,1,1.0,11,1,22.0,13.0,2.0,5.0
1,43,1,1,1991,1991.0,34,46.0,1,1.0,20,2,14.0,17.0,2.0,5.0
1,32,1,1,2598,1463.0,27,32.0,1,1.0,18,4,16.0,11.0,1.0,31.0
2,39,1,1,960,545.0,20,44.0,1,1.0,24,8,23.0,22.0,5.0,18.0
1,47,3,1,506,371.0,21,,1,1.0,8,5,20.0,19.0,7.0,26.0
1,49,1,1,129,56.0,27,52.0,1,1.0,6,10,5.0,18.0,6.0,30.0
1,30,2,2,34,,NIU,,1,1.0,10,9,7.0,,,
1,48,3,1,1077,612.0,19,,1,1.0,3,6,5.0,30.0,2.0,11.0
1,47,3,1,498,255.0,19,,1,1.0,8,2,19.0,23.0,7.0,29.0
2,31,1,1,775,458.0,29,42.0,2,1.0,10,6,29.0,25.0,6.0,11.0
1,43,1,1,944,543.0,23,46.0,1,1.0,20,7,12.0,2.0,5.0,5.0
1,44,1,1,1225,751.0,26,58.0,2,2.0,11,9,12.0,1.0,8.0,11.0
2,30,1,1,670,383.0,19,34.0,1,1.0,9,4,27.0,4.0,2.0,5.0
2,20,2,2,579,,NIU,,1,1.0,21,12,27.0,,,
2,21,2,2,145,,NIU,,2,1.0,21,8,24.0,,,
1,31,1,1,249,136.0,24,34.0,1,1.0,10,7,18.0,8.0,11.0,22.0
1,18,2,2,1785,,NIU,,1,1.0,25,2,17.0,,,
1,21,2,2,651,,NIU,,1,1.0,21,7,4.0,,,
2,33,1,1,368,147.0,21,40.0,1,1.0,22,2,17.0,16.0,10.0,26.0
2,28,1,1,1464,1002.0,19,34.0,1,1.0,34,3,7.0,17.0,1.0,21.0
1,36,1,1,1270,1032.0,30,34.0,1,1.0,5,3,17.0,3.0,7.0,3.0
1,35,1,1,5,7.0,22,40.0,1,1.0,7,1,2.0,5.0,10.0,22.0
1,38,1,1,1902,1247.0,32,38.0,1,1.0,24,4,6.0,10.0,4.0,26.0
2,35,3,2,196,65.0,25,,1,1.0,5,3,1.0,4.0,6.0,4.0
1,38,1,1,1666,126.0,21,45.0,1,1.0,1,10,3.0,21.0,2.0,26.0
1,23,2,2,211,,NIU,,1,1.0,17,4,24.0,,,
1,23,2,2,381,,NIU,,1,1.0,17,3,24.0,,,
1,39,3,1,304,201.0,25,,1,1.0,24,1,7.0,5.0,4.0,27.0
1,22,2,2,9,,NIU,,1,1.0,23,5,23.0,,,
2,30,2,2,482,,NIU,,1,1.0,9,1,3.0,,,
2,23,2,2,438,,NIU,,1,1.0,31,2,14.0,,,
1,16,2,2,347,,NIU,,1,1.0,32,2,10.0,,,
1,48,1,1,199,118.0,22,48.0,1,1.0,3,4,4.0,27.0,5.0,17.0
2,27,1,2,821,471.0,27,28.0,1,1.0,30,11,18.0,26.0,2.0,16.0
1,29,1,1,1836,1214.0,24,26.0,1,1.0,34,5,31.0,3.0,3.0,12.0
2,24,1,1,1950,252.0,18,34.0,1,1.0,17,7,19.0,10.0,5.0,1.0
2,41,2,2,966,,NIU,,3,,12,11,10.0,,,
1,30,3,1,1637,1410.0,24,,1,1.0,10,9,17.0,8.0,2.0,9.0
1,27,2,2,988,,NIU,,1,1.0,30,1,3.0,,,
1,33,1,1,15,67.0,23,32.0,1,1.0,22,2,24.0,17.0,6.0,25.0
2,21,1,2,1407,602.0,18,30.0,1,1.0,21,7,26.0,25.0,1.0,26.0
1,23,2,2,705,,NIU,,1,1.0,31,11,3.0,,,
2,35,1,1,28,1.0,20,45.0,1,1.0,5,3,27.0,9.0,2.0,1.0
1,23,2,2,297,,NIU,,1,1.0,17,3,20.0,,,
1,43,1,1,1262,1464.0,27,41.0,2,1.0,20,11,8.0,9.0,5.0,13.0
2,21,2,2,112,,NIU,,1,1.0,23,4,7.0,,,
1,32,1,1,2597,1465.0,28,29.0,1,1.0,18,11,5.0,6.0,10.0,22.0
2,42,1,1,1211,785.0,19,44.0,1,1.0,20,3,25.0,24.0,4.0,19.0
2,35,3,2,196,65.0,25,,1,1.0,5,3,1.0,4.0,6.0,4.0
1,23,2,2,418,,NIU,,1,1.0,31,7,16.0,,,
1,49,1,1,558,315.0,21,51.0,1,1.0,6,1,1.0,23.0,7.0,9.0
2,39,1,1,1327,981.0,20,43.0,1,1.0,2,12,12.0,22.0,12.0,4.0
2,24,1,1,874,598.0,21,27.0,1,1.0,17,7,23.0,6.0,12.0,9.0
2,34,1,1,2596,1466.0,21,38.0,1,1.0,15,8,20.0,5.0,1.0,21.0
1,22,2,2,86,,NIU,,1,1.0,23,7,16.0,,,
1,20,2,2,1954,,NIU,,1,1.0,27,10,19.0,,,
1,35,1,1,569,889.0,26,36.0,1,1.0,7,6,29.0,17.0,1.0,3.0
2,17,2,2,625,,NIU,,1,1.0,33,6,13.0,,,
2,32,1,1,1090,1467.0,26,35.0,1,1.0,18,5,13.0,10.0,2.0,25.0
1,42,1,1,1049,662.0,30,42.0,1,1.0,14,10,7.0,16.0,12.0,5.0
1,40,3,1,428,249.0,19,,1,1.0,2,7,29.0,2.0,9.0,12.0
1,31,1,1,350,487.0,24,40.0,1,1.0,10,9,26.0,10.0,7.0,30.0
2,48,1,1,1428,971.0,14,54.0,1,1.0,3,7,27.0,35.0,11.0,6.0
1,34,2,2,296,,NIU,,1,1.0,7,4,18.0,,,
1,49,1,1,97,270.0,25,49.0,1,1.0,6,1,28.0,24.0,1.0,9.0
2,41,1,1,83,484.0,25,57.0,1,1.0,12,7,15.0,13.0,11.0,28.0
1,30,1,2,459,304.0,23,36.0,1,1.0,9,6,20.0,8.0,11.0,18.0
1,49,1,1,1472,182.0,26,48.0,1,1.0,6,2,25.0,24.0,1.0,16.0
2,41,1,1,74,561.0,21,50.0,1,1.0,12,8,22.0,2.0,12.0,10.0
2,44,1,1,512,907.0,28,44.0,1,1.0,16,10,3.0,9.0,9.0,8.0
2,25,2,2,669,,NIU,,1,1.0,29,11,9.0,,,
1,48,1,1,589,353.0,19,58.0,1,1.0,6,3,12.0,30.0,4.0,2.0
1,19,2,2,690,,NIU,,1,1.0,27,3,23.0,,,
2,37,1,1,659,490.0,24,38.0,4,1.0,13,9,30.0,16.0,5.0,10.0
1,29,1,1,2595,1468.0,25,36.0,1,1.0,9,4,2.0,11.0,10.0,14.0
1,31,2,2,415,,NIU,,1,1.0,10,6,27.0,,,
1,33,1,1,63,36.0,21,39.0,1,1.0,22,4,29.0,20.0,8.0,10.0
1,30,1,1,600,350.0,26,39.0,1,1.0,9,5,20.0,11.0,8.0,2.0
2,16,2,2,156,,NIU,,1,1.0,32,2,26.0,,,
1,38,1,2,870,616.0,34,32.0,4,4.0,1,10,25.0,11.0,3.0,30.0
2,33,3,1,733,424.0,24,,1,1.0,15,3,5.0,17.0,3.0,22.0
1,41,1,1,276,204.0,15,44.0,1,1.0,12,5,19.0,19.0,12.0,12.0
1,35,1,1,117,50.0,21,34.0,3,1.0,7,2,18.0,7.0,11.0,12.0
1,47,3,1,454,305.0,19,,1,1.0,8,11,13.0,23.0,7.0,18.0
1,20,3,1,1652,1301.0,16,,1,1.0,27,5,8.0,11.0,11.0,21.0
2,17,2,2,2594,,NIU,,1,1.0,33,9,1.0,,,
1,44,1,1,1486,1043.0,19,42.0,1,1.0,16,9,10.0,14.0,5.0,22.0
1,46,1,1,914,866.0,19,49.0,1,1.0,8,3,15.0,23.0,6.0,20.0
1,37,1,1,2593,1469.0,21,39.0,1,1.0,13,10,5.0,13.0,8.0,24.0
1,19,2,2,345,,NIU,,1,1.0,28,2,22.0,,,
1,46,1,1,38,666.0,22,55.0,1,1.0,4,6,6.0,14.0,9.0,11.0
1,17,2,2,588,,NIU,,1,1.0,33,2,29.0,,,
1,29,2,2,777,,NIU,,1,1.0,34,11,3.0,,,
1,37,2,2,310,,NIU,,1,1.0,13,5,16.0,,,
1,26,2,2,645,,NIU,,1,1.0,26,8,14.0,,,
2,30,1,1,409,224.0,18,33.0,1,1.0,10,12,18.0,16.0,4.0,17.0
1,40,3,1,1177,1289.0,32,,1,1.0,2,8,1.0,12.0,3.0,11.0
2,36,1,1,147,1324.0,26,43.0,1,1.0,5,1,31.0,4.0,12.0,3.0
2,20,2,2,950,,NIU,,1,1.0,21,9,6.0,,,
2,36,1,1,814,479.0,33,33.0,1,1.0,5,1,27.0,6.0,8.0,10.0
1,36,1,1,140,987.0,34,37.0,1,1.0,13,12,3.0,25.0,2.0,21.0
2,25,2,2,259,,NIU,,1,1.0,26,3,23.0,,,
2,27,2,1,2592,,NIU,,1,1.0,30,10,23.0,,,
1,48,1,1,203,229.0,22,49.0,1,1.0,3,10,26.0,19.0,8.0,29.0
2,42,1,1,609,370.0,15,48.0,3,1.0,20,3,30.0,23.0,8.0,30.0
1,22,2,2,1312,,NIU,,1,1.0,23,9,4.0,,,
1,34,1,1,378,220.0,27,36.0,1,1.0,15,8,14.0,8.0,8.0,8.0
2,47,1,1,210,110.0,28,62.0,1,1.0,3,4,24.0,2.0,12.0,14.0
1,16,2,2,1271,,NIU,,1,1.0,32,9,5.0,,,
1,45,1,1,30,17.0,21,52.0,2,2.0,4,3,17.0,14.0,3.0,12.0
2,24,2,2,1238,,NIU,,1,1.0,17,11,21.0,,,
1,45,1,1,1537,1055.0,17,51.0,1,1.0,11,7,2.0,23.0,6.0,19.0
2,28,1,1,630,1925.0,24,28.0,1,1.0,19,2,29.0,6.0,7.0,23.0
1,36,1,1,219,113.0,16,41.0,1,1.0,5,8,28.0,2.0,7.0,1.0
2,45,1,1,1470,1011.0,19,54.0,1,1.0,11,6,6.0,19.0,2.0,21.0
1,30,1,2,267,991.0,29,27.0,1,,10,4,15.0,28.0,2.0,26.0
1,45,1,1,356,138.0,25,46.0,2,1.0,11,6,9.0,2.0,3.0,10.0
1,42,1,1,399,236.0,21,45.0,1,1.0,20,3,21.0,15.0,12.0,10.0
1,31,2,2,834,,NIU,,1,1.0,10,1,28.0,,,
1,49,3,1,48,68.0,17,,1,1.0,6,2,4.0,33.0,11.0,7.0
1,48,1,1,584,245.0,22,55.0,1,1.0,3,1,11.0,19.0,3.0,31.0
1,29,2,2,618,,NIU,,1,1.0,34,2,12.0,,,
2,23,2,2,261,,NIU,,4,1.0,17,9,20.0,,,
2,31,1,1,2591,1924.0,24,34.0,2,1.0,10,5,5.0,8.0,3.0,25.0
2,48,1,1,1174,1020.0,15,53.0,5,3.0,3,10,17.0,34.0,2.0,11.0
1,39,3,1,1516,1923.0,28,,1,1.0,24,2,22.0,20.0,3.0,4.0
1,28,1,1,505,241.0,22,37.0,1,1.0,19,11,3.0,10.0,8.0,6.0
1,27,1,2,329,608.0,25,28.0,1,1.0,30,11,28.0,28.0,4.0,22.0
1,22,2,2,840,,NIU,,3,,23,11,3.0,,,
1,19,2,2,298,,NIU,,1,1.0,28,4,27.0,,,
1,36,1,1,2590,1922.0,31,39.0,1,1.0,5,7,6.0,3.0,12.0,20.0
2,47,1,1,173,96.0,21,53.0,1,1.0,8,10,26.0,19.0,2.0,30.0
1,25,2,2,82,,NIU,,1,1.0,26,4,22.0,,,
2,29,1,1,971,699.0,24,31.0,3,,9,12,1.0,3.0,10.0,3.0
2,49,1,1,994,668.0,25,54.0,2,,36,3,10.0,14.0,1.0,5.0
2,34,1,2,532,260.0,24,34.0,1,1.0,15,10,19.0,4.0,10.0,24.0
1,33,1,1,2589,1921.0,23,39.0,1,1.0,15,3,13.0,20.0,12.0,16.0
2,41,1,1,739,617.0,23,44.0,1,1.0,12,11,16.0,1.0,3.0,3.0
1,21,2,2,1721,,NIU,,4,4.0,21,11,16.0,,,
1,31,1,1,1981,706.0,25,35.0,1,1.0,10,6,9.0,10.0,1.0,27.0
2,32,1,1,1672,1371.0,24,39.0,1,1.0,22,3,21.0,12.0,5.0,20.0
1,18,2,2,720,,NIU,,1,1.0,28,3,25.0,,,
1,37,3,1,1744,1135.0,25,,1,1.0,13,11,22.0,20.0,6.0,25.0
1,41,3,1,391,16.0,18,,1,1.0,12,2,16.0,15.0,4.0,8.0
2,17,2,2,1448,,NIU,,1,1.0,33,1,20.0,,,
2,42,1,1,496,329.0,20,48.0,1,1.0,14,6,8.0,15.0,6.0,12.0
1,34,2,2,296,,NIU,,1,1.0,7,4,18.0,,,
2,25,3,1,1804,1318.0,20,,1,1.0,29,7,2.0,3.0,3.0,17.0
2,21,2,2,112,,NIU,,1,1.0,23,4,7.0,,,
1,17,2,2,560,,NIU,,1,1.0,33,11,10.0,,,
1,48,3,1,965,667.0,19,,1,1.0,3,11,12.0,29.0,4.0,23.0
2,29,1,1,1982,748.0,24,29.0,1,1.0,34,10,28.0,3.0,2.0,26.0
1,32,1,1,1835,1311.0,20,32.0,4,1.0,18,2,23.0,16.0,3.0,18.0
1,36,1,1,698,469.0,17,40.0,1,1.0,13,3,5.0,22.0,6.0,21.0
2,25,2,2,1983,,NIU,,4,1.0,29,7,11.0,,,
1,28,1,1,1079,697.0,20,40.0,1,1.0,34,12,27.0,17.0,11.0,18.0
1,27,1,1,1542,267.0,23,27.0,1,1.0,30,10,25.0,11.0,3.0,29.0
2,20,1,1,1756,1173.0,18,22.0,1,1.0,27,10,12.0,28.0,6.0,13.0
1,42,1,1,192,102.0,18,47.0,1,1.0,14,6,9.0,14.0,11.0,31.0
1,35,1,1,1984,1018.0,24,36.0,4,4.0,7,1,14.0,20.0,8.0,24.0
1,28,1,1,596,279.0,21,28.0,1,1.0,19,7,9.0,8.0,2.0,29.0
1,42,1,1,887,553.0,19,47.0,1,1.0,14,6,27.0,24.0,12.0,22.0
1,26,2,2,1168,,NIU,,1,1.0,26,7,4.0,,,
1,31,2,2,415,,NIU,,1,1.0,10,6,27.0,,,
1,35,1,1,1557,1286.0,29,37.0,1,1.0,7,5,5.0,10.0,3.0,4.0
1,27,1,1,1814,569.0,21,37.0,1,1.0,19,3,20.0,10.0,1.0,31.0
1,42,1,1,399,236.0,21,45.0,1,1.0,20,3,21.0,15.0,12.0,10.0
1,18,2,2,471,,NIU,,1,1.0,25,6,10.0,,,
2,24,2,2,568,,NIU,,1,1.0,17,9,22.0,,,
1,44,1,1,308,787.0,21,46.0,3,,16,2,10.0,24.0,2.0,3.0
1,21,2,2,766,,NIU,,1,1.0,21,1,28.0,,,
2,47,2,2,1376,,NIU,,1,1.0,8,5,17.0,,,
1,23,2,2,1059,,NIU,,1,1.0,31,6,21.0,,,
1,38,1,1,325,233.0,31,46.0,1,1.0,1,7,26.0,8.0,2.0,28.0
1,31,1,1,7,5.0,27,41.0,1,1.0,10,1,6.0,6.0,4.0,8.0
2,39,1,1,563,601.0,20,40.0,1,1.0,24,11,8.0,1.0,7.0,2.0
1,20,2,2,1099,,NIU,,5,1.0,27,5,18.0,,,
1,31,1,1,1985,580.0,22,30.0,1,1.0,18,3,5.0,17.0,2.0,26.0
1,32,2,2,136,,NIU,,1,1.0,18,10,7.0,,,
2,40,1,1,242,932.0,21,52.0,1,1.0,2,7,10.0,22.0,2.0,8.0
1,18,2,2,491,,NIU,,1,1.0,25,11,11.0,,,
2,40,1,2,581,672.0,31,45.0,1,1.0,2,10,30.0,17.0,12.0,27.0
1,27,1,1,1741,1294.0,24,31.0,4,1.0,30,2,1.0,6.0,8.0,20.0
1,37,1,1,1594,1091.0,30,39.0,1,1.0,13,7,30.0,8.0,12.0,23.0
1,37,1,1,1001,32.0,25,46.0,2,1.0,13,10,24.0,16.0,7.0,2.0
2,41,1,1,845,425.0,19,42.0,1,1.0,12,11,25.0,18.0,7.0,6.0
1,31,1,1,1986,1920.0,16,34.0,5,3.0,10,5,19.0,9.0,10.0,1.0
1,33,1,1,907,975.0,27,32.0,4,1.0,22,5,1.0,10.0,11.0,29.0
1,33,1,1,1565,731.0,26,34.0,1,1.0,22,5,17.0,8.0,5.0,26.0
1,36,3,1,1294,936.0,26,,1,1.0,5,3,8.0,17.0,4.0,20.0
1,32,1,1,1483,367.0,15,36.0,1,1.0,18,1,24.0,13.0,4.0,9.0
1,49,1,1,430,374.0,21,51.0,1,1.0,6,7,4.0,29.0,10.0,29.0
1,47,1,2,697,468.0,30,47.0,1,1.0,8,10,20.0,21.0,1.0,16.0
1,30,2,2,1374,,NIU,,1,1.0,9,7,28.0,,,
1,41,1,1,484,323.0,27,42.0,1,1.0,12,5,4.0,5.0,6.0,19.0
1,32,1,1,1012,651.0,21,36.0,1,1.0,18,11,29.0,4.0,4.0,8.0
1,40,3,1,3,21.0,27,,1,1.0,2,8,16.0,5.0,3.0,16.0
1,35,1,1,155,69.0,24,36.0,1,1.0,7,8,13.0,20.0,8.0,3.0
1,27,2,2,685,,NIU,,1,1.0,30,4,17.0,,,
1,27,1,2,44,44.0,21,28.0,1,1.0,30,6,1.0,10.0,1.0,11.0
1,22,2,2,383,,NIU,,1,1.0,23,5,4.0,,,
1,43,1,1,556,355.0,29,48.0,1,1.0,16,4,29.0,7.0,4.0,16.0
2,35,1,1,1022,716.0,22,39.0,1,1.0,7,10,21.0,16.0,4.0,13.0
2,24,2,2,568,,NIU,,1,1.0,17,9,22.0,,,
1,23,2,2,403,,NIU,,1,1.0,31,6,12.0,,,
2,17,2,2,76,,NIU,,1,1.0,25,4,13.0,,,
1,41,1,1,1155,986.0,20,44.0,1,1.0,12,8,5.0,18.0,12.0,10.0
1,30,2,2,384,,NIU,,1,1.0,9,7,13.0,,,
1,45,1,1,193,22.0,28,45.0,1,1.0,11,7,30.0,13.0,9.0,21.0
2,18,2,2,1987,,NIU,,1,1.0,28,4,21.0,,,
1,19,2,2,345,,NIU,,1,1.0,28,2,22.0,,,
1,20,2,2,604,,NIU,,1,1.0,21,12,7.0,,,
1,31,1,2,130,43.0,26,36.0,1,1.0,10,4,30.0,11.0,1.0,10.0
1,35,2,2,603,,NIU,,1,1.0,7,5,4.0,,,
2,39,1,1,1572,1155.0,22,41.0,1,1.0,24,1,30.0,21.0,10.0,28.0
1,17,2,2,1106,,NIU,,1,1.0,33,6,23.0,,,
2,42,3,1,190,105.0,19,,1,1.0,14,1,31.0,24.0,10.0,18.0
1,33,2,2,162,,NIU,,1,1.0,22,7,28.0,,,
1,32,1,1,1003,341.0,26,35.0,1,1.0,18,6,14.0,10.0,8.0,28.0
1,46,1,1,1930,1282.0,19,51.0,1,1.0,4,1,10.0,19.0,4.0,14.0
1,43,2,2,873,,NIU,,1,1.0,20,10,10.0,,,
1,47,1,1,71,143.0,23,51.0,1,1.0,3,3,8.0,14.0,8.0,23.0
2,26,1,1,849,632.0,22,35.0,1,1.0,26,6,21.0,11.0,12.0,3.0
1,21,1,1,1988,1951.0,19,26.0,1,1.0,23,3,7.0,25.0,4.0,23.0
1,16,2,2,102,,NIU,,1,1.0,32,10,9.0,,,
2,49,1,1,1002,701.0,23,53.0,1,2.0,36,4,28.0,19.0,2.0,26.0
1,43,1,1,1499,1121.0,22,48.0,1,1.0,20,11,29.0,2.0,1.0,14.0
1,44,3,1,73,352.0,22,,1,1.0,16,9,22.0,15.0,11.0,9.0
1,18,2,2,12,,NIU,,1,1.0,25,10,27.0,,,
2,37,1,1,746,661.0,23,38.0,1,1.0,1,12,7.0,7.0,1.0,13.0
2,17,2,2,456,,NIU,,4,1.0,33,1,21.0,,,
1,31,1,1,7,5.0,27,41.0,1,1.0,10,1,6.0,6.0,4.0,8.0
1,37,2,2,223,,NIU,,1,1.0,13,10,4.0,,,
1,30,1,2,485,38.0,27,30.0,1,1.0,9,10,27.0,6.0,3.0,19.0
2,22,3,1,113,48.0,13,,5,3.0,23,10,1.0,12.0,6.0,24.0
2,34,1,1,32,72.0,14,41.0,1,1.0,15,1,24.0,22.0,5.0,22.0
1,32,1,1,865,610.0,20,34.0,1,1.0,18,5,14.0,16.0,12.0,29.0
1,27,1,2,44,44.0,21,28.0,1,1.0,30,6,1.0,10.0,1.0,11.0
1,22,2,2,1453,,NIU,,2,1.0,23,8,5.0,,,
1,46,1,1,611,296.0,31,55.0,1,1.0,4,8,28.0,7.0,6.0,4.0
1,40,1,1,1722,1141.0,16,34.0,1,1.0,2,5,4.0,14.0,10.0,9.0
2,33,1,1,796,444.0,16,42.0,1,1.0,15,4,28.0,21.0,1.0,9.0
2,31,1,2,34,128.0,29,24.0,1,1.0,10,9,7.0,28.0,4.0,3.0
1,18,2,2,300,,NIU,,1,1.0,25,3,9.0,,,
2,49,1,1,987,802.0,17,57.0,1,1.0,6,2,13.0,33.0,8.0,11.0
2,31,1,1,1371,515.0,22,33.0,1,1.0,10,4,21.0,12.0,2.0,13.0
1,44,1,1,536,291.0,18,52.0,1,1.0,16,1,21.0,27.0,6.0,22.0
2,48,3,1,89,681.0,17,,3,,3,6,8.0,32.0,12.0,28.0
2,19,2,2,258,,NIU,,1,1.0,28,2,26.0,,,
2,49,1,1,1002,701.0,23,53.0,1,2.0,36,4,28.0,19.0,2.0,26.0
1,19,2,2,1780,,NIU,,1,1.0,28,6,25.0,,,
1,44,1,1,774,477.0,20,44.0,1,1.0,16,11,20.0,24.0,4.0,29.0
1,45,3,1,576,1288.0,20,,1,1.0,11,5,3.0,14.0,9.0,16.0
1,37,1,1,1295,1950.0,31,36.0,1,1.0,13,4,24.0,3.0,6.0,16.0
2,43,1,1,122,189.0,26,45.0,3,,16,3,19.0,21.0,6.0,3.0
1,25,2,2,11,,NIU,,1,1.0,26,3,24.0,,,
1,16,2,2,1989,,NIU,,1,1.0,33,3,4.0,,,
1,49,3,1,13,8.0,27,,1,1.0,36,3,9.0,15.0,1.0,28.0
1,22,1,2,476,287.0,21,25.0,1,1.0,23,7,6.0,26.0,6.0,30.0
1,18,2,2,471,,NIU,,1,1.0,25,6,10.0,,,
2,37,1,1,797,431.0,21,39.0,1,1.0,13,9,2.0,13.0,3.0,31.0
1,33,1,1,1673,1052.0,19,35.0,1,1.0,22,6,2.0,7.0,5.0,12.0
2,45,1,1,1092,293.0,18,49.0,1,1.0,11,2,6.0,23.0,12.0,18.0
1,44,1,1,141,2013.0,36,43.0,1,1.0,16,5,28.0,12.0,12.0,24.0
1,47,1,1,96,53.0,29,50.0,1,1.0,3,12,6.0,1.0,7.0,25.0
2,28,1,1,1990,2012.0,24,27.0,1,1.0,19,7,26.0,11.0,2.0,14.0
1,26,1,1,1530,1097.0,23,36.0,1,1.0,30,3,11.0,6.0,2.0,15.0
1,39,3,1,1420,868.0,21,,1,1.0,2,4,24.0,1.0,4.0,3.0
1,35,1,1,2583,1139.0,30,35.0,1,1.0,5,3,5.0,3.0,3.0,14.0
2,44,1,1,769,961.0,38,36.0,1,1.0,16,5,25.0,10.0,8.0,9.0
2,40,1,1,46,277.0,17,45.0,1,1.0,2,8,12.0,24.0,3.0,15.0
2,23,2,2,111,,NIU,,1,1.0,17,9,14.0,,,
1,35,1,1,117,50.0,21,34.0,3,1.0,7,2,18.0,7.0,11.0,12.0
2,49,3,1,590,351.0,21,,2,1.0,6,7,13.0,23.0,6.0,16.0
1,44,3,1,830,192.0,24,,1,1.0,16,6,28.0,2.0,1.0,5.0
1,31,2,2,740,,NIU,,1,1.0,18,4,18.0,,,
2,47,3,1,355,165.0,17,,1,1.0,3,4,17.0,31.0,8.0,17.0
1,46,1,1,128,745.0,22,48.0,3,,8,3,19.0,14.0,2.0,17.0
1,45,1,1,1656,1183.0,25,45.0,1,1.0,11,2,26.0,2.0,2.0,3.0
2,28,2,2,1869,,NIU,,1,1.0,19,5,19.0,,,
1,17,2,2,560,,NIU,,1,1.0,33,11,10.0,,,
2,44,3,1,1701,1334.0,16,,1,1.0,16,2,13.0,23.0,7.0,25.0
1,45,1,1,1299,825.0,22,48.0,1,1.0,11,8,11.0,24.0,4.0,18.0
1,17,2,2,588,,NIU,,1,1.0,33,2,29.0,,,
1,20,2,2,57,,NIU,,1,1.0,27,8,28.0,,,
2,45,1,1,1470,1011.0,19,54.0,1,1.0,11,6,6.0,19.0,2.0,21.0
2,40,1,1,327,157.0,27,41.0,1,1.0,2,10,28.0,5.0,10.0,19.0
1,18,2,2,106,,NIU,,1,1.0,25,9,30.0,,,
2,46,1,1,1897,1403.0,23,45.0,1,1.0,8,12,28.0,24.0,2.0,14.0
1,32,1,1,546,266.0,18,42.0,1,1.0,18,8,21.0,7.0,9.0,7.0
1,21,2,2,101,,NIU,,1,1.0,21,4,5.0,,,
2,47,1,1,186,73.0,18,58.0,1,1.0,8,2,29.0,30.0,11.0,3.0
2,48,3,2,49,19.0,34,,1,1.0,3,5,22.0,5.0,9.0,26.0
2,46,1,1,128,357.0,22,52.0,1,1.0,8,3,19.0,14.0,4.0,2.0
2,38,1,1,2614,1972.0,24,46.0,1,1.0,24,4,15.0,9.0,3.0,6.0
1,38,1,1,41,476.0,24,39.0,3,1.0,1,9,16.0,5.0,1.0,5.0
2,38,1,1,41,830.0,29,44.0,1,1.0,1,9,16.0,17.0,2.0,18.0
2,23,2,2,474,,NIU,,1,1.0,31,2,27.0,,,
1,17,2,2,858,,NIU,,1,1.0,25,3,25.0,,,
1,30,1,1,1777,1194.0,29,37.0,1,1.0,10,9,6.0,28.0,1.0,29.0
1,46,3,1,847,446.0,30,,1,1.0,4,9,26.0,9.0,10.0,22.0
1,27,2,2,685,,NIU,,1,1.0,30,4,17.0,,,
1,15,2,2,940,,NIU,,1,1.0,35,1,4.0,,,
1,34,1,2,742,509.0,32,35.0,1,1.0,15,2,3.0,25.0,2.0,7.0
2,37,1,1,951,680.0,19,45.0,1,1.0,13,7,16.0,21.0,7.0,3.0
1,36,3,1,1304,902.0,16,,1,1.0,5,5,2.0,2.0,2.0,10.0
1,31,2,2,520,,NIU,,1,1.0,10,7,12.0,,,
1,38,1,1,41,476.0,24,39.0,3,1.0,1,9,16.0,5.0,1.0,5.0
2,15,2,2,706,,NIU,,1,1.0,35,9,6.0,,,
2,33,1,1,788,761.0,27,34.0,1,1.0,22,9,14.0,10.0,2.0,1.0
1,43,2,2,518,,NIU,,1,1.0,20,7,5.0,,,
1,43,1,1,1198,783.0,25,42.0,1,1.0,20,10,13.0,1.0,2.0,16.0
1,42,2,2,10,,NIU,,1,1.0,14,7,7.0,,,
1,40,3,1,3,21.0,27,,1,1.0,2,8,16.0,5.0,3.0,16.0
2,42,3,1,190,105.0,19,,1,1.0,14,1,31.0,24.0,10.0,18.0
2,27,1,1,1952,1118.0,22,31.0,2,1.0,30,11,16.0,3.0,11.0,14.0
2,48,1,1,250,127.0,29,48.0,1,1.0,3,8,25.0,1.0,6.0,14.0
1,26,2,2,820,,NIU,,1,1.0,26,7,10.0,,,
2,40,1,1,696,289.0,21,40.0,1,1.0,2,9,10.0,1.0,6.0,23.0
2,21,2,2,1343,,NIU,,1,1.0,23,4,1.0,,,
1,48,1,1,467,328.0,23,52.0,1,1.0,6,3,17.0,27.0,9.0,4.0
1,49,1,1,701,470.0,23,50.0,1,1.0,36,4,26.0,23.0,11.0,17.0
1,39,1,2,47,510.0,25,39.0,1,1.0,24,4,18.0,5.0,7.0,28.0
1,19,1,2,320,150.0,19,20.0,1,1.0,28,6,9.0,26.0,1.0,2.0
2,40,1,1,638,276.0,36,35.0,1,1.0,12,12,20.0,11.0,6.0,15.0
1,32,2,2,735,,NIU,,1,1.0,22,3,30.0,,,
1,19,2,2,486,,NIU,,5,3.0,27,12,2.0,,,
2,29,1,1,1116,799.0,20,37.0,1,1.0,34,6,28.0,17.0,8.0,29.0
2,30,1,1,817,498.0,20,30.0,1,1.0,9,2,13.0,17.0,4.0,18.0
1,31,1,1,175,70.0,22,35.0,1,1.0,18,12,28.0,17.0,7.0,12.0
2,43,1,1,1180,1009.0,33,36.0,1,1.0,20,2,11.0,4.0,2.0,30.0
1,41,1,1,314,162.0,26,46.0,3,1.0,12,2,13.0,9.0,8.0,31.0
2,31,2,2,693,,NIU,,1,1.0,10,2,10.0,,,
2,19,2,2,1810,,NIU,,1,1.0,28,7,3.0,,,
1,18,2,2,1281,,NIU,,1,1.0,28,3,17.0,,,
2,45,1,1,2613,1971.0,19,48.0,1,1.0,11,6,16.0,19.0,5.0,24.0
1,41,3,1,1029,547.0,27,,1,1.0,12,6,16.0,7.0,4.0,13.0
1,49,3,1,169,301.0,20,,1,1.0,36,3,13.0,31.0,11.0,18.0
2,32,1,1,1250,1460.0,21,34.0,1,1.0,18,9,27.0,4.0,8.0,13.0
1,23,2,2,1924,,NIU,,1,1.0,31,2,13.0,,,
1,21,2,2,115,,NIU,,1,1.0,21,6,9.0,,,
1,18,2,2,597,,NIU,,1,1.0,25,2,21.0,,,
1,45,1,1,1450,999.0,25,44.0,1,1.0,11,5,1.0,2.0,5.0,22.0
1,35,1,1,265,422.0,27,37.0,1,1.0,7,7,16.0,12.0,11.0,27.0
1,37,1,1,1135,798.0,24,38.0,1,1.0,1,4,4.0,5.0,5.0,4.0
1,48,1,1,589,353.0,19,58.0,1,1.0,6,3,12.0,30.0,4.0,2.0
1,39,1,1,58,35.0,21,48.0,1,1.0,24,11,23.0,1.0,3.0,31.0
2,44,1,1,2612,1970.0,20,47.0,1,1.0,16,9,2.0,14.0,11.0,29.0
2,34,2,2,786,,NIU,,1,1.0,15,8,4.0,,,
2,25,1,1,509,297.0,18,31.0,1,1.0,29,6,23.0,8.0,3.0,20.0
2,44,1,1,512,907.0,28,44.0,1,1.0,16,10,3.0,9.0,9.0,8.0
1,27,1,1,2611,1969.0,23,33.0,1,1.0,30,10,28.0,6.0,4.0,19.0
1,46,1,1,20,132.0,34,42.0,1,1.0,4,11,3.0,20.0,4.0,29.0
1,47,1,1,748,399.0,25,49.0,1,1.0,3,12,31.0,15.0,7.0,28.0
1,28,1,1,131,61.0,25,28.0,1,1.0,19,9,11.0,25.0,1.0,7.0
2,44,1,1,472,307.0,34,42.0,1,1.0,16,2,26.0,17.0,9.0,22.0
2,45,1,1,411,176.0,18,54.0,1,1.0,11,6,10.0,23.0,5.0,5.0
1,38,1,1,351,158.0,28,36.0,1,1.0,1,8,13.0,4.0,8.0,6.0
2,44,1,1,370,83.0,25,56.0,1,1.0,16,9,19.0,22.0,3.0,1.0
1,39,1,1,805,403.0,19,43.0,1,1.0,24,8,5.0,2.0,7.0,21.0
1,39,1,1,761,679.0,21,40.0,1,1.0,24,10,13.0,1.0,5.0,12.0
1,29,1,1,2610,1968.0,26,33.0,1,1.0,34,11,26.0,6.0,8.0,3.0
2,39,1,1,912,31.0,17,52.0,1,1.0,24,8,22.0,15.0,4.0,1.0
1,28,1,1,515,318.0,18,33.0,5,3.0,19,10,5.0,4.0,1.0,1.0
2,36,1,1,1422,967.0,22,46.0,1,1.0,5,7,25.0,5.0,4.0,6.0
2,40,1,1,312,171.0,23,43.0,1,1.0,2,7,28.0,21.0,2.0,20.0
1,37,2,2,310,,NIU,,1,1.0,13,5,16.0,,,
2,49,1,1,36,240.0,20,52.0,1,1.0,6,4,10.0,30.0,3.0,2.0
2,47,1,1,31,511.0,44,48.0,1,1.0,8,5,21.0,6.0,10.0,28.0
2,36,1,1,121,111.0,18,48.0,1,1.0,5,9,25.0,21.0,10.0,25.0
2,49,1,1,380,227.0,29,52.0,1,1.0,36,3,6.0,2.0,6.0,31.0
2,16,2,2,758,,NIU,,1,1.0,32,11,28.0,,,
1,30,1,1,1084,695.0,29,28.0,1,1.0,9,8,23.0,28.0,7.0,29.0
2,37,1,1,282,163.0,22,44.0,1,1.0,1,3,23.0,9.0,10.0,28.0
2,37,1,1,352,1487.0,32,40.0,1,1.0,13,9,12.0,11.0,1.0,14.0
1,48,1,1,467,328.0,23,52.0,1,1.0,6,3,17.0,27.0,9.0,4.0
1,22,2,2,683,,NIU,,1,1.0,31,4,13.0,,,
1,49,1,1,93,368.0,23,53.0,1,1.0,36,4,8.0,19.0,5.0,9.0
2,36,1,1,400,169.0,16,37.0,1,1.0,5,6,18.0,2.0,5.0,28.0
1,39,1,1,1025,22.0,22,41.0,1,1.0,24,10,23.0,13.0,9.0,21.0
2,49,1,1,317,148.0,25,51.0,1,1.0,6,1,12.0,24.0,9.0,18.0
2,17,2,2,456,,NIU,,4,1.0,33,1,21.0,,,
2,22,3,1,113,48.0,13,,5,3.0,23,10,1.0,12.0,6.0,24.0
1,30,2,2,379,,NIU,,1,1.0,9,5,27.0,,,
2,21,2,2,295,,NIU,,1,1.0,21,5,12.0,,,
1,39,1,1,212,109.0,23,43.0,1,1.0,2,12,17.0,13.0,10.0,30.0
1,19,2,2,824,,NIU,,1,1.0,28,10,22.0,,,
2,40,3,1,585,348.0,26,,1,1.0,2,11,4.0,5.0,1.0,8.0
2,43,1,1,1728,1249.0,24,52.0,1,1.0,20,1,5.0,22.0,12.0,16.0
1,45,3,1,39,190.0,18,,1,1.0,11,4,9.0,19.0,4.0,29.0
2,40,1,1,708,501.0,18,48.0,2,,2,10,10.0,15.0,2.0,30.0
1,47,1,1,96,53.0,29,50.0,1,1.0,3,12,6.0,1.0,7.0,25.0
2,35,1,1,321,521.0,15,39.0,2,1.0,7,10,22.0,2.0,8.0,5.0
1,29,1,1,1061,587.0,23,34.0,4,4.0,34,4,12.0,3.0,8.0,2.0
2,48,1,1,938,439.0,22,55.0,1,1.0,3,9,11.0,19.0,12.0,29.0
1,43,1,1,1236,1034.0,23,48.0,1,1.0,16,4,19.0,2.0,7.0,12.0
1,38,1,2,6,3.0,31,37.0,1,1.0,1,11,10.0,10.0,5.0,30.0
1,45,3,1,95,854.0,32,,1,1.0,11,7,28.0,5.0,3.0,5.0
2,37,1,1,916,604.0,29,34.0,1,1.0,13,1,11.0,12.0,3.0,25.0
1,24,2,2,358,,NIU,,1,1.0,17,11,17.0,,,
2,27,2,2,116,,NIU,,1,1.0,30,2,30.0,,,
1,22,2,2,9,,NIU,,1,1.0,23,5,23.0,,,
1,16,2,2,1339,,NIU,,1,1.0,32,11,21.0,,,
2,26,1,1,849,632.0,22,35.0,1,1.0,26,6,21.0,11.0,12.0,3.0
1,33,1,1,63,36.0,21,39.0,1,1.0,22,4,29.0,20.0,8.0,10.0
2,25,2,2,813,,NIU,,1,1.0,29,8,3.0,,,
1,44,1,1,536,291.0,18,52.0,1,1.0,16,1,21.0,27.0,6.0,22.0
1,32,2,2,136,,NIU,,1,1.0,18,10,7.0,,,
2,18,1,2,1919,1421.0,16,24.0,1,1.0,25,11,3.0,25.0,3.0,29.0
2,24,2,2,462,,NIU,,1,1.0,17,10,9.0,,,
2,24,1,2,1004,1486.0,22,27.0,1,1.0,17,8,26.0,25.0,7.0,15.0
1,43,2,2,185,,NIU,,1,1.0,20,6,17.0,,,
1,27,2,2,2,,NIU,,1,1.0,19,3,15.0,,,
1,24,2,2,358,,NIU,,1,1.0,17,11,17.0,,,
2,41,1,1,181,280.0,27,44.0,1,1.0,14,12,24.0,7.0,2.0,17.0
1,22,2,2,1266,,NIU,,1,1.0,23,10,19.0,,,
1,20,2,2,254,,NIU,,1,1.0,21,12,31.0,,,
2,48,1,1,996,653.0,20,60.0,1,1.0,3,1,3.0,23.0,6.0,10.0
1,49,1,1,558,315.0,21,51.0,1,1.0,6,1,1.0,23.0,7.0,9.0
1,20,2,2,1696,,NIU,,1,1.0,27,11,13.0,,,
1,25,2,2,406,,NIU,,1,1.0,29,9,22.0,,,
2,22,1,1,1278,937.0,21,30.0,1,1.0,23,4,25.0,26.0,1.0,20.0
2,25,2,2,813,,NIU,,1,1.0,29,8,3.0,,,
2,44,1,1,328,173.0,24,60.0,2,1.0,16,8,7.0,2.0,2.0,12.0
2,48,3,1,89,681.0,17,,3,,3,6,8.0,32.0,12.0,28.0
2,39,1,1,667,418.0,19,47.0,1,1.0,24,6,8.0,2.0,10.0,23.0
1,44,3,1,535,333.0,22,,1,1.0,11,12,9.0,15.0,4.0,10.0
1,30,3,2,114,34.0,25,,1,1.0,9,7,11.0,3.0,3.0,29.0
1,25,2,2,406,,NIU,,1,1.0,29,9,22.0,,,
1,17,2,2,301,,NIU,,1,1.0,33,1,18.0,,,
2,37,1,1,916,604.0,29,34.0,1,1.0,13,1,11.0,12.0,3.0,25.0
1,15,2,2,1811,,NIU,,4,1.0,35,6,16.0,,,
2,26,3,2,1132,809.0,25,,1,1.0,30,12,14.0,28.0,9.0,1.0
2,19,2,2,273,,NIU,,2,1.0,28,5,23.0,,,
1,46,1,1,759,495.0,23,57.0,1,1.0,8,3,10.0,24.0,6.0,23.0
1,16,2,2,1293,,NIU,,1,1.0,32,10,2.0,,,
1,44,1,1,141,120.0,24,47.0,1,1.0,16,5,28.0,2.0,2.0,8.0
2,26,1,1,1458,753.0,19,37.0,1,1.0,26,1,1.0,10.0,5.0,17.0
2,46,1,1,954,1400.0,21,49.0,1,1.0,4,11,7.0,14.0,7.0,24.0
1,30,2,2,1263,,NIU,,2,1.0,9,1,27.0,,,
1,27,2,2,734,,NIU,,1,1.0,19,4,18.0,,,
2,36,1,1,121,111.0,18,48.0,1,1.0,5,9,25.0,21.0,10.0,25.0
1,48,1,1,1868,1385.0,35,40.0,1,1.0,3,5,6.0,5.0,11.0,24.0
2,22,2,2,678,,NIU,,1,1.0,23,5,25.0,,,
1,48,1,1,1130,836.0,36,43.0,1,1.0,3,5,27.0,20.0,9.0,21.0
1,45,1,1,356,138.0,25,46.0,2,1.0,11,6,9.0,2.0,3.0,10.0
1,23,2,2,218,,NIU,,1,1.0,17,12,17.0,,,
2,15,2,2,16,,NIU,,5,3.0,35,10,11.0,,,
1,16,2,2,102,,NIU,,1,1.0,32,10,9.0,,,
2,45,1,1,1875,1459.0,17,53.0,4,1.0,4,3,11.0,29.0,5.0,21.0
1,22,2,2,1866,,NIU,,1,1.0,31,12,11.0,,,
1,48,1,1,818,517.0,18,57.0,1,1.0,3,11,6.0,30.0,6.0,25.0
1,27,2,2,1377,,NIU,,1,1.0,30,2,6.0,,,
1,31,1,1,1463,710.0,25,51.0,1,1.0,10,6,18.0,10.0,1.0,19.0
1,48,1,1,230,103.0,24,49.0,1,1.0,3,5,7.0,14.0,1.0,8.0
1,35,1,1,24,568.0,22,40.0,1,1.0,7,8,15.0,5.0,2.0,14.0
2,39,1,1,513,313.0,20,47.0,1,1.0,24,1,5.0,22.0,2.0,4.0
2,37,1,1,14,2.0,18,43.0,1,1.0,13,10,14.0,1.0,9.0,5.0
1,46,2,2,1037,,NIU,,1,1.0,4,6,2.0,,,
1,35,1,1,1680,1250.0,21,42.0,2,1.0,7,4,13.0,5.0,8.0,31.0
1,47,1,1,109,826.0,15,50.0,5,1.0,3,4,15.0,33.0,1.0,23.0
1,47,1,1,614,428.0,23,51.0,1,1.0,8,4,27.0,24.0,6.0,20.0
1,35,1,1,80,203.0,27,35.0,1,1.0,7,11,12.0,8.0,10.0,14.0
1,47,2,2,109,,NIU,,1,1.0,3,4,15.0,,,
1,39,1,1,78,463.0,20,39.0,4,1.0,2,12,15.0,22.0,1.0,15.0
1,17,2,2,62,,NIU,,1,1.0,25,3,29.0,,,
1,45,1,1,1911,1124.0,23,47.0,3,,11,1,31.0,18.0,5.0,14.0
1,15,2,2,94,,NIU,,1,1.0,35,7,10.0,,,
1,45,1,1,43,25.0,19,50.0,1,1.0,11,8,2.0,19.0,9.0,13.0
1,23,3,2,56,417.0,18,,1,1.0,17,3,8.0,3.0,10.0,20.0
1,34,1,2,360,155.0,32,35.0,1,1.0,15,11,19.0,28.0,1.0,11.0
1,33,1,1,2588,1989.0,18,33.0,1,1.0,22,9,21.0,7.0,10.0,18.0
1,44,1,1,732,493.0,24,45.0,1,1.0,11,12,4.0,2.0,2.0,29.0
1,29,1,1,1601,1452.0,27,29.0,1,1.0,34,1,3.0,25.0,3.0,5.0
1,49,2,2,126,,NIU,,1,1.0,6,4,24.0,,,
2,44,2,2,1608,,NIU,,1,1.0,16,2,29.0,,,
2,46,1,1,1406,977.0,35,43.0,1,1.0,4,7,9.0,20.0,10.0,25.0
2,27,2,2,1628,,NIU,,2,2.0,30,7,23.0,,,
2,39,1,1,513,313.0,20,47.0,1,1.0,24,1,5.0,22.0,2.0,4.0
2,42,1,1,909,554.0,25,39.0,1,1.0,14,7,18.0,21.0,12.0,29.0
1,35,2,2,55,,NIU,,1,1.0,5,12,5.0,,,
1,15,2,2,1055,,NIU,,3,,35,4,12.0,,,
2,32,1,1,1210,784.0,17,38.0,1,1.0,18,1,4.0,9.0,8.0,10.0
1,30,3,2,114,34.0,25,,1,1.0,9,7,11.0,3.0,3.0,29.0
2,21,2,2,1525,,NIU,,1,1.0,21,2,10.0,,,
2,20,2,2,579,,NIU,,1,1.0,21,12,27.0,,,
1,22,2,2,171,,NIU,,1,1.0,31,12,8.0,,,
2,37,1,1,14,2.0,18,43.0,1,1.0,13,10,14.0,1.0,9.0,5.0
2,30,1,1,1609,906.0,23,33.0,1,1.0,9,6,4.0,8.0,4.0,21.0
2,43,3,1,290,199.0,22,,3,1.0,20,10,12.0,18.0,5.0,25.0
1,30,1,1,1057,727.0,27,32.0,1,1.0,9,6,22.0,6.0,1.0,24.0
1,37,1,1,998,677.0,18,46.0,1,1.0,1,12,16.0,2.0,11.0,2.0
1,30,2,2,278,,NIU,,1,1.0,9,5,11.0,,,
1,47,1,1,23,20.0,26,47.0,2,1.0,8,8,11.0,18.0,5.0,7.0
1,21,2,2,313,,NIU,,1,1.0,21,11,22.0,,,
1,46,1,1,20,122.0,27,46.0,1,1.0,4,11,3.0,22.0,3.0,7.0
1,29,1,1,1268,571.0,23,35.0,1,1.0,34,7,1.0,10.0,2.0,7.0
1,42,1,1,2587,1988.0,24,48.0,1,1.0,14,7,12.0,1.0,3.0,8.0
1,26,1,1,534,264.0,20,26.0,1,1.0,26,10,2.0,3.0,4.0,5.0
1,43,1,1,402,175.0,34,41.0,1,2.0,20,1,26.0,12.0,7.0,27.0
1,27,1,1,681,512.0,23,34.0,1,1.0,30,6,7.0,11.0,10.0,3.0
2,36,1,1,1195,789.0,21,34.0,4,1.0,5,5,30.0,9.0,7.0,9.0
1,37,1,1,1813,1060.0,34,40.0,1,1.0,13,10,2.0,6.0,7.0,20.0
2,32,1,1,1027,177.0,19,34.0,1,1.0,18,8,18.0,5.0,3.0,10.0
1,39,3,1,304,201.0,25,,1,1.0,24,1,7.0,5.0,4.0,27.0
1,43,1,1,307,1.0,28,50.0,1,1.0,20,9,25.0,9.0,2.0,1.0
2,19,1,1,1629,1057.0,18,21.0,1,1.0,28,10,7.0,28.0,5.0,15.0
1,47,1,1,257,108.0,26,48.0,1,1.0,8,9,6.0,18.0,12.0,27.0
2,17,2,2,1633,,NIU,,1,1.0,33,2,8.0,,,
1,30,1,1,661,1987.0,27,36.0,1,1.0,9,2,25.0,6.0,3.0,7.0
2,43,1,1,122,189.0,26,45.0,3,,16,3,19.0,21.0,6.0,3.0
1,47,1,1,71,979.0,20,53.0,2,2.0,3,3,8.0,23.0,2.0,7.0
2,38,1,1,1078,177.0,25,46.0,1,1.0,1,1,10.0,5.0,3.0,10.0
2,23,2,2,557,,NIU,,3,,31,7,15.0,,,
1,21,1,2,4,4.0,21,33.0,1,1.0,21,6,14.0,26.0,6.0,13.0
2,21,2,2,1343,,NIU,,1,1.0,23,4,1.0,,,
2,38,1,1,1812,1061.0,30,47.0,1,1.0,1,6,28.0,12.0,6.0,2.0
2,16,2,2,231,,NIU,,1,1.0,33,3,3.0,,,
1,36,1,1,1196,786.0,25,46.0,1,1.0,13,3,19.0,20.0,2.0,16.0
1,21,2,2,1479,,NIU,,1,1.0,21,9,9.0,,,
2,44,1,1,495,311.0,22,48.0,1,1.0,16,2,7.0,15.0,5.0,3.0
1,38,2,2,1445,,NIU,,1,1.0,1,11,2.0,,,
1,28,1,2,936,636.0,28,28.0,2,2.0,19,6,26.0,26.0,1.0,13.0
2,25,1,1,1973,1078.0,23,28.0,1,1.0,29,6,31.0,25.0,12.0,30.0
1,38,1,1,687,1986.0,27,32.0,1,1.0,1,10,17.0,4.0,9.0,28.0
1,41,3,1,1029,547.0,27,,1,1.0,12,6,16.0,7.0,4.0,13.0
1,35,1,1,699,497.0,25,36.0,1,1.0,7,11,24.0,4.0,2.0,23.0
2,28,1,1,785,526.0,19,35.0,1,1.0,19,2,9.0,17.0,10.0,31.0
2,19,2,2,61,,NIU,,1,1.0,27,4,3.0,,,
1,30,3,1,118,46.0,21,,1,1.0,9,7,8.0,12.0,7.0,8.0
1,18,2,2,1200,,NIU,,1,1.0,25,7,26.0,,,
1,25,1,1,2586,1985.0,24,27.0,1,1.0,29,1,12.0,26.0,4.0,8.0
1,38,1,1,1284,919.0,21,46.0,1,1.0,24,4,25.0,21.0,1.0,1.0
2,21,2,2,510,,NIU,,1,1.0,21,5,4.0,,,
1,37,1,1,844,451.0,18,41.0,1,1.0,1,4,5.0,22.0,5.0,11.0
1,30,1,1,682,376.0,26,35.0,1,1.0,9,7,16.0,6.0,9.0,25.0
1,30,1,2,459,304.0,23,36.0,1,1.0,9,6,20.0,8.0,11.0,18.0
2,34,1,1,517,557.0,16,36.0,1,1.0,15,9,3.0,1.0,2.0,19.0
1,40,1,1,1802,1307.0,25,41.0,1,1.0,2,6,24.0,9.0,4.0,28.0
1,25,1,2,1427,620.0,25,29.0,1,1.0,29,5,18.0,26.0,5.0,24.0
2,48,1,1,1174,1020.0,15,53.0,5,3.0,3,10,17.0,34.0,2.0,11.0
1,18,2,2,514,,NIU,,1,1.0,25,1,27.0,,,
1,42,1,1,192,102.0,18,47.0,1,1.0,14,6,9.0,14.0,11.0,31.0
2,45,1,1,772,1461.0,24,49.0,1,1.0,11,2,28.0,2.0,6.0,22.0
1,38,2,2,1,,NIU,,1,1.0,1,1,25.0,,,
1,23,2,2,1069,,NIU,,1,1.0,31,5,31.0,,,
1,43,1,2,1433,934.0,23,44.0,1,1.0,16,4,31.0,2.0,10.0,14.0
2,24,2,2,1478,,NIU,,1,1.0,17,7,17.0,,,
2,31,1,1,1664,590.0,26,33.0,1,1.0,10,10,9.0,3.0,7.0,14.0
1,32,1,1,898,732.0,25,37.0,1,1.0,18,1,25.0,8.0,3.0,11.0
1,49,1,1,501,618.0,20,51.0,1,1.0,6,5,8.0,30.0,11.0,23.0
1,41,1,1,283,14.0,30,42.0,1,1.0,12,4,21.0,4.0,4.0,3.0
2,37,1,1,17,57.0,29,38.0,1,1.0,1,3,6.0,12.0,2.0,7.0
1,22,2,2,1757,,NIU,,1,1.0,31,12,9.0,,,
1,49,3,1,1314,963.0,17,,2,1.0,6,1,18.0,32.0,1.0,3.0
1,21,2,2,1040,,NIU,,4,1.0,21,1,6.0,,,
1,47,1,1,142,82.0,28,46.0,1,1.0,8,3,17.0,1.0,7.0,28.0
2,29,1,1,2585,1269.0,21,34.0,1,1.0,34,7,9.0,12.0,2.0,26.0
1,44,1,2,1788,1316.0,44,48.0,1,1.0,11,3,13.0,26.0,7.0,12.0
1,30,1,1,1443,642.0,20,34.0,1,1.0,9,11,25.0,4.0,12.0,26.0
1,42,3,1,8,6.0,20,,2,1.0,14,10,30.0,15.0,2.0,28.0
1,35,3,1,955,829.0,29,,3,,7,5,31.0,10.0,1.0,23.0
2,23,2,2,1269,,NIU,,1,1.0,31,8,16.0,,,
2,43,1,1,185,208.0,23,47.0,1,1.0,20,6,17.0,2.0,8.0,22.0
1,37,2,2,223,,NIU,,1,1.0,13,10,4.0,,,
1,45,3,1,39,190.0,18,,1,1.0,11,4,9.0,19.0,4.0,29.0
2,46,1,1,926,582.0,16,50.0,3,,4,8,25.0,31.0,1.0,2.0
2,41,1,1,2584,1462.0,23,43.0,1,1.0,12,9,18.0,1.0,2.0,28.0
1,17,2,2,895,,NIU,,1,1.0,33,5,10.0,,,
1,30,1,1,682,376.0,26,35.0,1,1.0,9,7,16.0,6.0,9.0,25.0
1,35,1,1,1980,1446.0,30,33.0,1,1.0,7,5,11.0,11.0,9.0,25.0
2,37,1,1,107,37.0,25,37.0,1,1.0,13,2,27.0,16.0,2.0,19.0
